{"type":"FeatureCollection","features":[{"type":"Feature","geometry":{"type":"Polygon","coordinates":[[[-122.35871346842683,49.13114633271639],[-122.2904228389148,49.1148921872843],[-122.28650488275869,49.05866974184667],[-122.26024095402387,49.04861304302969],[-122.2054249160885,49.07983242472607],[-122.1954384115802,49.12552484545412],[-122.22061886536594,49.131386682597295],[-122.26965387758061,49.17666264027387],[-122.33342695365224,49.17252780421641],[-122.35871346842683,49.13114633271639]]]},"properties":{"ELECTORAL_DISTRICT_ID":258,"BOUNDARY_SET_ID":11,"ED_ABBREVIATION":"ABM","ED_NAME":"Abbotsford-Mission","GAZETTE_DATE":"2023-12-07Z","FEATURE_AREA_SQM":88329960.4105,"FEATURE_LENGTH_M":57247.7849,"OBJECTID":2855,"SE_ANNO_CAD_DATA":null},"id":"WHSE_ADMIN_BOUNDARIES.EBC_PROV_ELECTORAL_DIST_SVW.fid--7e6e9b65_19f025478b6_-7ddd"},{"type":"Feature","geometry":{"type":"Polygon","coordinates":[[[-122.42644289928609,49.00230705637578],[-122.11690226503858,49.00242379670408],[-122.07291540478568,49.045720474299614],[-122.08032824877097,49.106161784027684],[-122.19167372497179,49.05724588871024],[-122.2054249160885,49.07983242472607],[-122.26024095402387,49.04861304302969],[-122.35991567454427,49.04868098876999],[-122.42639839352975,49.07546829149271],[-122.42644289928609,49.00230705637578]]]},"properties":{"ELECTORAL_DISTRICT_ID":259,"BOUNDARY_SET_ID":11,"ED_ABBREVIATION":"ABS","ED_NAME":"Abbotsford South","GAZETTE_DATE":"2023-12-07Z","FEATURE_AREA_SQM":174367745.5083,"FEATURE_LENGTH_M":85305.4403,"OBJECTID":2856,"SE_ANNO_CAD_DATA":null},"id":"WHSE_ADMIN_BOUNDARIES.EBC_PROV_ELECTORAL_DIST_SVW.fid--7e6e9b65_19f025478b6_-7ddc"},{"type":"Feature","geometry":{"type":"Polygon","coordinates":[[[-122.42639839352975,49.07546829149271],[-122.35991567454427,49.04868098876999],[-122.26024095402387,49.04861304302969],[-122.28650488275869,49.05866974184667],[-122.2904228389148,49.1148921872843],[-122.35871346842683,49.13114633271639],[-122.42589636328708,49.16876361889018],[-122.42639839352975,49.07546829149271]]]},"properties":{"ELECTORAL_DISTRICT_ID":260,"BOUNDARY_SET_ID":11,"ED_ABBREVIATION":"ABW","ED_NAME":"Abbotsford West","GAZETTE_DATE":"2023-12-07Z","FEATURE_AREA_SQM":91476671.553,"FEATURE_LENGTH_M":47162.7985,"OBJECTID":2857,"SE_ANNO_CAD_DATA":null},"id":"WHSE_ADMIN_BOUNDARIES.EBC_PROV_ELECTORAL_DIST_SVW.fid--7e6e9b65_19f025478b6_-7ddb"},{"type":"Feature","geometry":{"type":"Polygon","coordinates":[[[-121.09909925898789,49.44072138435982],[-121.09810487958286,49.34723414471557],[-120.99933446820815,49.31339386171352],[-121.00027932692666,49.27715022506637],[-120.94437990020484,49.270375617302115],[-120.90754882761672,49.3067687952708],[-120.81077102217093,49.29040178152256],[-120.84831395569626,49.24563175941726],[-120.84366523607964,49.20716653484701],[-120.78171967982493,49.197887988277486],[-120.75660000050304,49.158272536883665],[-120.68479579500624,49.15862753332387],[-120.64284667769736,49.177184257265765],[-120.64284318029429,49.14402154187285],[-120.59791677498598,49.1270218227965],[-120.60768600379345,49.07755974273527],[-120.64532176902212,49.05168826773183],[-120.61478035729695,49.0196221929444],[-120.64522518586944,49.00022125727882],[-120.03727798076565,48.999442926969984],[-119.50550054724465,49.0000838205564],[-119.0168906103893,49.00005747302848],[-118.07655974110892,49.00017137649312],[-118.04843166919419,49.045803697493774],[-118.05782944797578,49.14360897154349],[-118.08940124565913,49.15264320594234],[-118.13168192972373,49.22433331161932],[-118.1342995602598,49.26537557377742],[-118.17234621680593,49.24507062072915],[-118.27497888970066,49.42073438575636],[-118.2793001143371,49.523028580642375],[-118.24526653014519,49.56072348615311],[-118.24504697268718,49.66124810049783],[-118.27324684672998,49.66294718214115],[-118.28551400103983,49.78864042432196],[-118.31360175669101,49.812116735720366],[-118.67205996954351,49.81206724468609],[-119.05522310809977,49.81198108025606],[-119.09405734474926,49.79320038724231],[-119.15322798604694,49.825182788408505],[-119.15306611956552,49.76356828696454],[-119.26051735292778,49.73574706819437],[-119.37664517745795,49.67867828682947],[-119.34976445908484,49.58019598845691],[-119.30100239644759,49.495610413834655],[-119.36488998464456,49.46516010511717],[-119.46377204086374,49.45633997665396],[-119.548689206976,49.47601649710158],[-119.56854059378693,49.42332609091247],[-119.60777691435752,49.45080905921728],[-119.60561190219313,49.38083551638886],[-119.72082825837057,49.39491097716206],[-119.71939282837106,49.43118523380919],[-119.77260993224469,49.41771363799416],[-119.86693412958377,49.42230706880926],[-119.89142090464671,49.406062536468504],[-119.89141236273636,49.48035984583295],[-119.92037711201833,49.51743535400878],[-119.9754479624945,49.53115440728841],[-120.01748681870376,49.51689237443218],[-120.03057267795629,49.58799709509413],[-120.09337954595446,49.64728115308012],[-120.04503026214043,49.67907556817773],[-119.97486881075272,49.6672599485887],[-119.97812038405328,49.76596451908598],[-119.9781638257233,49.82420400085763],[-120.0553147641656,49.8557698212708],[-120.07579195772678,49.834436589598134],[-120.17054234411941,49.86144850068798],[-120.24787873519192,49.84601220733753],[-120.24598705525953,49.874142834561866],[-120.33896796935099,49.91240706784815],[-120.38686943387029,49.87739537279733],[-120.43066029506123,49.81526423824831],[-120.48951112330447,49.772572494487115],[-120.58908079225758,49.77255184335185],[-120.60126546429701,49.74919053663562],[-120.76183469249781,49.74927064862205],[-120.77317063865827,49.76330409545861],[-120.91750973552658,49.759739299890605],[-120.94850658128716,49.71588219640327],[-120.98959803656335,49.597556745307394],[-121.0412305414472,49.58347380620615],[-121.04527536698146,49.52931682072956],[-121.08060845915335,49.51534461427652],[-121.04930554866779,49.47291706167344],[-121.09909925898789,49.44072138435982]]]},"properties":{"ELECTORAL_DISTRICT_ID":261,"BOUNDARY_SET_ID":11,"ED_ABBREVIATION":"BDS","ED_NAME":"Boundary-Similkameen","GAZETTE_DATE":"2023-12-07Z","FEATURE_AREA_SQM":15619294587.2469,"FEATURE_LENGTH_M":898757.451,"OBJECTID":2858,"SE_ANNO_CAD_DATA":null},"id":"WHSE_ADMIN_BOUNDARIES.EBC_PROV_ELECTORAL_DIST_SVW.fid--7e6e9b65_19f025478b6_-7dda"},{"type":"Feature","geometry":{"type":"Polygon","coordinates":[[[-139.06238348501788,59.999999833599695],[-138.7982277980702,59.924410276935895],[-138.70706837869471,59.906103132928905],[-138.65901717800185,59.76838600331582],[-138.09855870015298,59.499560074107066],[-137.60744496843944,59.2440572686209],[-137.54137883286367,59.10480626504919],[-137.50065054273134,58.98563162814305],[-137.52655210279997,58.90609736826299],[-137.4512756908276,58.908182054613505],[-137.28130213028973,59.00019096527842],[-136.9637448857057,59.10332722289868],[-136.82832171387582,59.16002571077823],[-136.5840210921492,59.165875294177376],[-136.46896419939736,59.2839230251006],[-136.4768544544097,59.46576429808746],[-136.3676536445653,59.448821547569786],[-136.30484454626122,59.464436578438814],[-136.23786589140641,59.52445418651324],[-136.23931720062023,59.559327021176806],[-136.3532936779875,59.599850406489885],[-136.19229656034418,59.639809448715226],[-135.95104264653182,59.662321214012536],[-135.47939039102476,59.79818722858434],[-135.35959784632783,59.73750380320396],[-135.2523187463497,59.69814791329086],[-135.15711651086744,59.625681291515164],[-135.11726351899037,59.62297742981756],[-135.02853243047574,59.56366765519112],[-135.02715990069834,59.47472221932601],[-135.1004803042991,59.42756201748699],[-134.9897282102622,59.38698451204825],[-135.03011444094966,59.346358939629845],[-134.9598522859945,59.281063924437056],[-134.7002398653559,59.24902384209733],[-134.67835585079183,59.19219254710273],[-134.56475520137724,59.13106192088299],[-134.48358772851648,59.13148918334896],[-134.38157640629586,59.03837223814469],[-134.406695383577,58.97904323554088],[-134.3133618039126,58.9618704756009],[-134.33627452248618,58.923106344560026],[-134.25734171977575,58.86060206777514],[-133.97700607102934,58.768578202913254],[-133.8408148676846,58.72932093922082],[-133.70631908051354,58.611400319863776],[-133.55710238061621,58.52272334730342],[-133.37676376817583,58.43082944198299],[-133.46125109593552,58.38758403620799],[-133.34584037826343,58.2767232221504],[-133.17179414153676,58.1535714810915],[-133.0697626358568,58.000218668492636],[-132.86893784555386,57.83949129964481],[-132.7505802053826,57.69557387404267],[-132.65967479419086,57.61572486349817],[-132.5570331516123,57.49973796341845],[-132.369925799346,57.34970177869068],[-132.24756617730762,57.21133734519546],[-132.36835000121337,57.091356250669484],[-132.04535891136948,57.04484833719613],[-132.12361117709364,56.87362383273179],[-131.87284105585343,56.805761680951534],[-131.90070257930086,56.7531485377161],[-131.86019312168887,56.703054109440004],[-131.8348948560191,56.60021515465901],[-131.58329150740772,56.61167149456408],[-131.47184791097027,56.552661159229515],[-131.17400178305553,56.4497057759854],[-131.0867737104975,56.40591347414689],[-130.78172628135525,56.366900818795926],[-130.6227534716309,56.267166640527165],[-130.46695868118766,56.24287069632178],[-130.42575099201102,56.14161368263106],[-130.2455705919049,56.09644381370608],[-130.10285302932897,56.12207495437166],[-130.0049331146264,56.009525028146726],[-130.0169167145944,55.91352291833807],[-130.009755,55.92829],[-129.995961,55.933417],[-129.982086,55.935126],[-129.96996,55.931627],[-129.961334,55.920844],[-129.984731,55.905463],[-130.01378630730048,55.871842537062186],[-129.99313894788773,55.87185560898079],[-128.94892752211715,55.539069504846935],[-128.91201882371524,55.50274148446814],[-128.92785295148326,55.45225148212434],[-128.9016553254173,55.402330094339845],[-128.91435415862748,55.34209885612827],[-128.86703427169624,55.318726156289834],[-128.8648537663884,55.267306500874696],[-128.89392480647746,55.237237167547214],[-128.78753530836585,55.15377351332239],[-128.85077726802393,55.061326658725214],[-128.8934202033951,55.075282130670075],[-128.94841370248815,55.023232974330824],[-128.94645190047316,54.993019797195586],[-128.861915685715,55.00029124034947],[-128.07333304905347,54.99999984670079],[-127.80412633044288,55.0005499478932],[-127.79779781190261,54.61860013661383],[-127.80547036207805,54.59882214077439],[-127.71150973062166,54.59139631362907],[-127.67973902983015,54.55778105565565],[-127.75172081243056,54.540722231401936],[-127.77184695587925,54.494554140449594],[-126.76489880719886,54.49313975268695],[-126.72750899678614,54.5063703010753],[-126.6228266392327,54.507063891122975],[-126.61559841453503,54.66980046342877],[-126.52003975167699,54.674386774124144],[-126.42449950765764,54.63078745237611],[-126.50071815341747,54.70935823489846],[-126.54942520742621,54.72397240345405],[-126.61415951264932,54.814007003787204],[-126.65256442198853,54.89681196089901],[-126.56614197341217,54.91872306647474],[-126.54255625673073,54.96483398143051],[-126.65727933282338,55.018669451957415],[-126.67916082427193,55.063384641733286],[-126.63830597360901,55.12110571148227],[-126.68411243635191,55.12177865039726],[-126.74002018614658,55.16160559722782],[-126.74137488464446,55.212143666828695],[-126.83504891926499,55.22131486294325],[-126.88444969573128,55.26872252102158],[-126.94453255801959,55.29346851509549],[-126.87602348910404,55.308303791495135],[-126.85342757981844,55.36252985148719],[-126.92509143908462,55.38853840732311],[-127.05401752396617,55.377114111470604],[-127.07394726623924,55.40484204422028],[-127.1574440835039,55.43766579707921],[-127.19422486287358,55.46857363319429],[-127.26312428726685,55.47463043963092],[-127.3136429457197,55.51841205983626],[-127.4013647642034,55.51447483373659],[-127.44268274933202,55.49304938357955],[-127.48642942993604,55.54380998564206],[-127.54656499581348,55.53990088744938],[-127.60090439953743,55.607917566458944],[-127.61644280224294,55.60067688648152],[-127.727808177367,55.7164636840448],[-127.78537494714055,55.70420836249484],[-127.89939917353023,55.718852083128546],[-127.94017365944575,55.68981245377915],[-128.00240426678414,55.753572171172],[-128.0159489774072,55.74024762432726],[-128.09869241098377,55.76576910059597],[-128.10122030760706,55.71978458415869],[-128.16980996401662,55.71937761648865],[-128.22231345594813,55.73934610013492],[-128.23533936498296,55.78833035781159],[-128.1567301401302,55.826918598714386],[-128.18096298345378,55.90205703714445],[-128.21862373830825,55.92911808336092],[-128.30092293130983,55.92581676594694],[-128.35958409904754,55.90591878011066],[-128.45597871756465,55.92719219566691],[-128.47683237445062,55.96158792020849],[-128.44815831253672,55.99997321167638],[-127.98800027614787,55.99999991535561],[-127.27399993550259,55.9999999155688],[-126.8899997399628,55.99999991541729],[-126.17000017212845,55.99999991510766],[-125.62199988178246,55.99999991511122],[-124.91400004159475,55.999999915334804],[-124.4509879567691,56.000003476407734],[-124.51631471089584,56.11665619385179],[-124.68955147509064,56.12307332452481],[-124.73708705168428,56.14074313444784],[-124.79978766333556,56.22149580659651],[-124.90243253881152,56.24648747601526],[-124.96619814608263,56.237237948530506],[-125.04732932716313,56.203014909042686],[-125.0498384820632,56.245499075244155],[-125.10583364219912,56.30845518272597],[-125.231786743088,56.2792336101216],[-125.23854769055932,56.247854005625086],[-125.37556331384052,56.26452295173037],[-125.45137212853355,56.2443408366457],[-125.48336558950423,56.20472253599709],[-125.53386196756853,56.19702860083262],[-125.54986131175554,56.16589253548929],[-125.63696789467697,56.15551182993647],[-125.6634405249216,56.19886405147089],[-125.71105620107468,56.21314210591805],[-125.74149605428312,56.18404016787068],[-125.86832470660444,56.14706555558124],[-125.96417694335615,56.14576382904819],[-125.99420390699123,56.17715518389628],[-125.98130275193647,56.24966310689152],[-126.0513205030855,56.271464904532706],[-126.11886483850874,56.270114041407936],[-126.16895478145302,56.31431758415456],[-126.15563158295004,56.38613441043932],[-126.11556773276303,56.4124562922053],[-126.13574953392066,56.445517176468165],[-126.20375646336146,56.48293293692972],[-126.19730179190321,56.50986936443093],[-126.10205426956078,56.52543526084922],[-126.13815146097265,56.551179625770466],[-126.1136091974606,56.578962034379686],[-126.16330957005613,56.597930366986276],[-126.17531983559681,56.636307468368976],[-126.27514262233052,56.67287546848076],[-126.46096221152537,56.6703962761934],[-126.49868908744706,56.72254085436688],[-126.55916499484594,56.73219735003011],[-126.59622243098619,56.78018928910906],[-126.67542594665774,56.766925982898435],[-126.75637085729173,56.7781042466677],[-126.79458188376401,56.720212983774836],[-126.8432222055268,56.70135716343203],[-126.81073167784616,56.672087524986225],[-126.88820836803748,56.68977798506827],[-126.9874281487049,56.6657743603292],[-127.050131879738,56.631663834179314],[-127.10970991149051,56.62281735784671],[-127.23179844249516,56.7384795374074],[-127.29173650261747,56.71434452919636],[-127.30422308199503,56.7360533969422],[-127.39550070174596,56.684176569882155],[-127.44968694256137,56.71156696441631],[-127.54223517363003,56.70829947217203],[-127.49262152864108,56.772015395114785],[-127.54219973436595,56.78942457444488],[-127.6059015988041,56.85291155592616],[-127.55919743230362,56.85204919700367],[-127.60255541021743,56.910869756775135],[-127.53968776191054,56.902856442863126],[-127.60684626536765,57.00150145676298],[-127.7334236180318,56.99770736258824],[-127.72475447527661,57.02784292086615],[-127.68010884090252,57.01659878796119],[-127.67128450682476,57.077886790031215],[-127.73711810022999,57.10483746016556],[-127.72254191945623,57.14891923268466],[-127.66388713508981,57.178504333916536],[-127.56624933349116,57.15763432608295],[-127.50277507958248,57.181402600547294],[-127.47185542845251,57.22542277577987],[-127.5455030529174,57.25604434564284],[-127.50768466394462,57.32296545169056],[-127.45791695366343,57.35372054132266],[-127.47439649568753,57.385204469586505],[-127.37698304253857,57.425647387406514],[-127.30459241419253,57.438907844602625],[-127.32555517667261,57.486832490289146],[-127.3214117765877,57.579621867955176],[-127.17324243659873,57.60225540318401],[-127.13704532208021,57.567818732118646],[-127.14918633359461,57.53648826202459],[-127.03005676422164,57.50853886571979],[-127.0076534196943,57.53349172556408],[-126.93327354970563,57.5355183755102],[-126.77527044706561,57.58656560035235],[-126.85707396548709,57.617155125227534],[-126.84306343138641,57.68344388253667],[-126.93463497320688,57.70000352138175],[-126.97461856626059,57.77316658140432],[-126.94744797983336,57.7940223471496],[-126.87310250219345,57.79739807927937],[-126.87538800907465,57.86096908900448],[-126.9772425234835,57.960008965658616],[-126.9552963309067,57.98770770172849],[-126.83587248576994,58.000708952399485],[-126.78546710653156,57.97726219372477],[-126.67296232893486,58.00672837328871],[-126.65918823333033,57.9581703106935],[-126.60267530458587,57.92653897713814],[-126.5662197809108,57.95034962097922],[-126.476640080163,57.93787283497231],[-126.4242667240588,57.90905466998098],[-126.37693357688106,57.92147520068322],[-126.30015054686781,57.85653766144513],[-126.25716994742936,57.86173567024651],[-126.21433582219326,57.94858538181223],[-126.13133445579736,57.91717088304797],[-126.06713079276393,57.91399632071987],[-126.06674933240025,57.96440621208493],[-125.99951134216552,57.95554335704925],[-125.96307139287451,57.99357010340017],[-125.92440565280901,57.97643722082547],[-125.80695901619012,57.97256087865303],[-125.79320422988323,57.91925770614741],[-125.7419454412257,57.85919345567474],[-125.65113870040258,57.8802827925846],[-125.62616078606183,57.933084286875705],[-125.59096274593209,57.914226330371825],[-125.4722582547432,57.94264286827887],[-125.44639161186171,57.97520421079504],[-125.26411064805882,58.00523117371297],[-125.24638446837815,57.984178866667946],[-125.20460970584972,58.01806472412599],[-125.05739410383158,58.01930841461197],[-124.95965382076223,57.98717896338203],[-124.96924905476622,58.02394635310214],[-124.91376009607995,58.026194467442714],[-124.92575529152417,58.05748541569989],[-124.85510256299366,58.09717456987698],[-124.83355400345457,58.14384840366026],[-124.87296033121513,58.1756040004252],[-124.89812067157538,58.234786665194946],[-124.98786253746306,58.238883759165645],[-125.00120450187028,58.25902065562427],[-125.14062508066506,58.23629810729434],[-125.2373672386824,58.27031855272475],[-125.21465983220342,58.29145061486736],[-125.29758661637285,58.32806490183587],[-125.3245996469385,58.277997889677],[-125.41441702691192,58.33229231120323],[-125.45283538427607,58.33547898013355],[-125.49301538909056,58.291114857823956],[-125.55686758392328,58.32507619823725],[-125.65545216350988,58.299272373340614],[-125.78931159956518,58.32187065973834],[-125.78059291194705,58.34937890776101],[-125.83123203649878,58.359285707498756],[-125.85414354450198,58.403727448944096],[-125.939338076309,58.39573371831777],[-125.95903483761961,58.44078074863266],[-126.09216291979341,58.44959446873591],[-126.12204328231128,58.475041885288974],[-126.20443425289226,58.49279750363659],[-126.26689969063462,58.545660239385874],[-126.33468143823411,58.53584423223217],[-126.33916086996075,58.62382583442394],[-126.48308416508672,58.60710917718809],[-126.5102585341729,58.581617609601714],[-126.58908904772969,58.58639155953604],[-126.73770778068078,58.67072576182056],[-126.79763116340283,58.661604056295296],[-126.8385024804289,58.62889423968724],[-126.86490275541058,58.65187635069094],[-126.93406105332146,58.65418214532587],[-126.82706759836852,58.68982939361141],[-126.7974300188629,58.73587230235714],[-126.86573686656806,58.75849942948404],[-126.92623347745828,58.806887299178406],[-126.99888733901231,58.78817211987991],[-127.06476249842623,58.85409948402814],[-126.9920381370783,58.91296205745114],[-126.91790684014292,58.945702494180054],[-126.98992587667641,59.137339123218354],[-127.11223434109796,59.12337403818692],[-127.15804842846494,59.14776469235206],[-127.16423973094166,59.212210522126504],[-127.20175417141975,59.25181030768836],[-127.1492431308059,59.295616140261934],[-127.20475949227912,59.34269017622541],[-127.31311374504762,59.30975391046406],[-127.33288876910882,59.36441257438286],[-127.39275112459495,59.35467311785082],[-127.37486141577622,59.40838753072625],[-127.45676809662474,59.41143747499325],[-127.4536977772543,59.46607655556986],[-127.50107657265372,59.52420922244049],[-127.54018817657546,59.50759688807201],[-127.55361444135298,59.56202020096259],[-127.74317119088892,59.6264517893686],[-127.74573189150732,59.668772882420555],[-127.78948201901962,59.69054299119667],[-127.81350456127174,59.79634216491076],[-127.7399087023603,59.813713602590425],[-127.72368068412763,59.84437789849016],[-127.65402985734826,59.879768433563356],[-127.73422207963185,59.894234484784434],[-127.73422999429829,59.999999832875865],[-128.81664620521448,59.999999832817636],[-129.80000010933276,59.9999998336641],[-130.64581241796037,59.999999832799304],[-131.19164564478555,59.99999983295361],[-131.97081207562638,59.99999983290517],[-132.6749789293258,59.99999983309891],[-133.14164533978212,59.99999983283573],[-134.10831178289655,59.99999983303197],[-134.70831196435444,59.99999983279839],[-135.27497852328722,59.99999983293341],[-136.37914454817786,59.99999983304358],[-137.07497835254765,59.99999983334113],[-138.17914437868436,59.99999983320605],[-139.06238348501788,59.999999833599695]]]},"properties":{"ELECTORAL_DISTRICT_ID":262,"BOUNDARY_SET_ID":11,"ED_ABBREVIATION":"BLS","ED_NAME":"Bulkley Valley-Stikine","GAZETTE_DATE":"2023-12-07Z","FEATURE_AREA_SQM":196483911331.778,"FEATURE_LENGTH_M":4145143.1992,"OBJECTID":2859,"SE_ANNO_CAD_DATA":null},"id":"WHSE_ADMIN_BOUNDARIES.EBC_PROV_ELECTORAL_DIST_SVW.fid--7e6e9b65_19f025478b6_-7dd9"},{"type":"Feature","geometry":{"type":"Polygon","coordinates":[[[-123.02362572603086,49.25821037664473],[-123.02353595859582,49.23229190262147],[-122.96098728255743,49.21843612523667],[-122.93887703482035,49.232868351408804],[-122.96801304196187,49.26059129847647],[-123.023623353103,49.26100075857414],[-123.02362572603086,49.25821037664473]]]},"properties":{"ELECTORAL_DISTRICT_ID":263,"BOUNDARY_SET_ID":11,"ED_ABBREVIATION":"BNC","ED_NAME":"Burnaby Centre","GAZETTE_DATE":"2023-12-07Z","FEATURE_AREA_SQM":18433988.2027,"FEATURE_LENGTH_M":20835.7617,"OBJECTID":2860,"SE_ANNO_CAD_DATA":null},"id":"WHSE_ADMIN_BOUNDARIES.EBC_PROV_ELECTORAL_DIST_SVW.fid--7e6e9b65_19f025478b6_-7dd8"},{"type":"Feature","geometry":{"type":"Polygon","coordinates":[[[-122.96801304196187,49.26059129847647],[-122.93887703482035,49.232868351408804],[-122.91214683989095,49.22729257138025],[-122.89284655072396,49.24906511740327],[-122.89430422640098,49.29381596742224],[-122.92841598652622,49.29660972591123],[-122.960846,49.281887],[-122.96578907422413,49.28249938944696],[-122.96801304196187,49.26059129847647]]]},"properties":{"ELECTORAL_DISTRICT_ID":264,"BOUNDARY_SET_ID":11,"ED_ABBREVIATION":"BNE","ED_NAME":"Burnaby East","GAZETTE_DATE":"2023-12-07Z","FEATURE_AREA_SQM":35999235.8319,"FEATURE_LENGTH_M":25740.2501,"OBJECTID":2861,"SE_ANNO_CAD_DATA":null},"id":"WHSE_ADMIN_BOUNDARIES.EBC_PROV_ELECTORAL_DIST_SVW.fid--7e6e9b65_19f025478b6_-7dd7"},{"type":"Feature","geometry":{"type":"Polygon","coordinates":[[[-122.96098728255743,49.21843612523667],[-122.95092701935336,49.194320700050696],[-122.94186738521908,49.19773105897609],[-122.91214683989095,49.22729257138025],[-122.93887703482035,49.232868351408804],[-122.96098728255743,49.21843612523667]]]},"properties":{"ELECTORAL_DISTRICT_ID":265,"BOUNDARY_SET_ID":11,"ED_ABBREVIATION":"BNN","ED_NAME":"Burnaby-New Westminster","GAZETTE_DATE":"2023-12-07Z","FEATURE_AREA_SQM":8808305.6703,"FEATURE_LENGTH_M":14713.7266,"OBJECTID":2862,"SE_ANNO_CAD_DATA":null},"id":"WHSE_ADMIN_BOUNDARIES.EBC_PROV_ELECTORAL_DIST_SVW.fid--7e6e9b65_19f025478b6_-7dd6"},{"type":"Feature","geometry":{"type":"Polygon","coordinates":[[[-123.023623353103,49.26100075857414],[-122.96801304196187,49.26059129847647],[-122.96578907422413,49.28249938944696],[-123.0065,49.287543],[-123.020985,49.293402],[-123.0233069509789,49.293714776231795],[-123.023623353103,49.26100075857414]]]},"properties":{"ELECTORAL_DISTRICT_ID":266,"BOUNDARY_SET_ID":11,"ED_ABBREVIATION":"BNO","ED_NAME":"Burnaby North","GAZETTE_DATE":"2023-12-07Z","FEATURE_AREA_SQM":16790898.3723,"FEATURE_LENGTH_M":18220.4025,"OBJECTID":2863,"SE_ANNO_CAD_DATA":null},"id":"WHSE_ADMIN_BOUNDARIES.EBC_PROV_ELECTORAL_DIST_SVW.fid--7e6e9b65_19f025478b6_-7dd5"},{"type":"Feature","geometry":{"type":"Polygon","coordinates":[[[-123.02353595859582,49.23229190262147],[-123.02351212012975,49.229234480653396],[-123.02339192964926,49.200000091233214],[-122.95092701935336,49.194320700050696],[-122.96098728255743,49.21843612523667],[-123.02353595859582,49.23229190262147]]]},"properties":{"ELECTORAL_DISTRICT_ID":267,"BOUNDARY_SET_ID":11,"ED_ABBREVIATION":"BNS","ED_NAME":"Burnaby South-Metrotown","GAZETTE_DATE":"2023-12-07Z","FEATURE_AREA_SQM":20296380.7312,"FEATURE_LENGTH_M":18645.0286,"OBJECTID":2864,"SE_ANNO_CAD_DATA":null},"id":"WHSE_ADMIN_BOUNDARIES.EBC_PROV_ELECTORAL_DIST_SVW.fid--7e6e9b65_19f025478b6_-7dd4"},{"type":"Feature","geometry":{"type":"Polygon","coordinates":[[[-125.86175891581394,52.66176671813436],[-125.86052393196019,52.6301773973973],[-125.79506861199839,52.512863846873984],[-125.72369148772715,52.48130977604246],[-125.56609309344388,52.526614589150654],[-125.53293489644346,52.52073082376433],[-125.46771318642844,52.47042846070933],[-125.49498601940446,52.43949748164338],[-125.41798422595356,52.42389562374071],[-125.3441999986412,52.347014309333666],[-125.43349187644237,52.279058871160274],[-125.4790182348766,52.28119198051211],[-125.4878961559639,52.25236099838219],[-125.4307330877294,52.222544106729],[-125.45254358461018,52.188892175222364],[-125.57643592990323,52.17387388782216],[-125.67014205378486,52.12128210799248],[-125.66654036475828,52.07437577216936],[-125.62763571303304,52.0502535818147],[-125.65806729689623,52.01266656004255],[-125.61585768664449,52.007874095488994],[-125.5770987008308,51.91243106021369],[-125.52829460627272,51.93920548388295],[-125.48301549877567,51.91515521687403],[-125.4981376950422,51.894630223252804],[-125.46436695649236,51.84061743897432],[-125.35401055293599,51.774130004485954],[-125.27587611895135,51.772657727466154],[-125.23576824507543,51.745452123867764],[-125.22097839959221,51.70360636043656],[-125.2537288133854,51.654366101266504],[-125.22293482782818,51.632306522032536],[-125.28553116230607,51.59683124684748],[-125.24719168611743,51.511938398992356],[-125.30017488785863,51.47333662782089],[-125.3397341045199,51.47446923073989],[-125.3337824614231,51.39000435682007],[-125.2852005103232,51.382580309829216],[-125.20235389698259,51.326474649627976],[-125.09621556602616,51.315931939654845],[-124.97317811975863,51.276423302758396],[-124.91491682494745,51.30586099878502],[-124.8161179366555,51.30931684308983],[-124.77490476913978,51.296133292849916],[-124.76549549594074,51.23573577780899],[-124.67757628536373,51.22087094819183],[-124.62940859069278,51.19506961550092],[-124.48810303503849,51.162277193815854],[-124.455204163743,51.18636342287083],[-124.375202588729,51.1942382326114],[-124.3783392145971,51.145847158649765],[-124.31386632265861,51.13045608410949],[-124.23009927198116,51.14897792734273],[-124.16960794473138,51.12839098084631],[-124.17181801135473,51.09542836665883],[-124.23136408290259,51.07530179532449],[-124.17448443192383,51.05918757859235],[-124.02735003954518,50.936688837550086],[-123.9941316514181,50.96204831029983],[-123.92677737036135,50.93417582070232],[-123.87859594144854,50.9488291544517],[-123.83138971448419,50.90092800888038],[-123.76690525650864,50.90665724688907],[-123.76643550444916,50.88497864379334],[-123.68505057773581,50.87939652174074],[-123.65690158770298,50.902346164931565],[-123.61112814311468,50.895184527875976],[-123.57837755446683,50.93277938322122],[-123.53639509358482,50.93012892966505],[-123.50452771620691,50.962420740426424],[-123.41604826865586,50.971149364390776],[-123.3633580907633,50.99025477672979],[-123.24156572928729,51.00158578694101],[-123.23851005313239,51.05599663730046],[-123.18096464709468,51.0715397463757],[-123.1489536052732,51.12454098696512],[-123.08221575778889,51.12943563789987],[-123.04312348568322,51.15307324112977],[-123.06668404758605,51.210303671041636],[-122.94639265409835,51.19282969006515],[-122.82370875622486,51.14378241112962],[-122.73128285203833,51.154649128912325],[-122.66862274472449,51.09110126277669],[-122.61613305243067,51.078944923259584],[-122.58022266545147,51.09557434821983],[-122.61366461244195,51.1268122441485],[-122.58147840753911,51.17787655908974],[-122.51344940993954,51.20403287720599],[-122.50745629896127,51.168722097747356],[-122.46328417661722,51.15178397542397],[-122.45713676579022,51.109050929434005],[-122.37725638405978,51.11223154515116],[-122.36227654311823,51.07230525956581],[-122.30789959198552,51.04326491830507],[-122.15117921143847,51.00698959304906],[-122.19411357609495,50.9874017290855],[-121.9142727302326,50.98725005076165],[-121.91582796883851,50.99777567053066],[-121.6277760680823,50.997742557737986],[-121.62682262423965,50.92529490582096],[-121.44502864301809,50.9252946245004],[-121.4241944112361,50.93984624176656],[-121.38343058030432,50.845800424144166],[-121.40211296865776,50.830716267004064],[-121.33453963248981,50.82009949751911],[-121.31310100424689,50.75622121528252],[-121.39626902612409,50.69288199548091],[-121.41340450463841,50.65962492577625],[-121.31485018218824,50.66447934346883],[-121.28076971252409,50.69225641105379],[-121.23808485055808,50.65869171263681],[-121.24030663352399,50.58800250479359],[-121.21112637613447,50.57588960376957],[-121.0964629358586,50.57602134361113],[-121.02774472481867,50.546893056992964],[-120.95893512673577,50.5468781033697],[-120.9588821463774,50.503344294721764],[-120.78681930241362,50.503240327635496],[-120.79799474171624,50.45956171744463],[-120.72904643316342,50.43047441497113],[-120.6373873918294,50.43046377305736],[-120.56864039303083,50.40130721940853],[-120.43239622854074,50.40058807821535],[-120.43247320621852,50.38606282795556],[-120.34113179867948,50.38607433603322],[-120.34040560174145,50.575383026338756],[-120.35767709523557,50.61912824434898],[-120.47297969362762,50.61996567929946],[-120.47331605590634,50.686625443838544],[-120.5191912434012,50.69268972708761],[-120.5151565180341,50.729515864930164],[-120.47303698371364,50.74278700376089],[-120.3807567959027,50.74288456203547],[-120.38079900649902,50.82270366483631],[-120.33481170790768,50.82274817126875],[-120.31189156906626,50.88093056947048],[-120.52542531500283,50.975017675980304],[-120.46880375654604,51.01205663257859],[-120.51532665454279,51.012057420758964],[-120.55968616602901,51.04113307461751],[-120.55968447066391,51.66141237730077],[-120.5241552642676,51.690889950812526],[-120.44681563454334,51.717023480981155],[-120.3969563926032,51.702552445286145],[-120.34026872654208,51.7307752901925],[-120.30528030549529,51.832354887573075],[-120.2382792452944,51.82682147873609],[-120.22075620655814,51.87330055104246],[-120.27699175427588,51.889292642526314],[-120.20688645540409,51.97647170249975],[-120.32427155168425,52.0472274926272],[-120.29064628378266,52.08240190426775],[-120.33416398714282,52.16383855191526],[-120.38969169722989,52.13792848418871],[-120.88570011742337,52.13793289627534],[-120.88585423061953,51.991702216023484],[-121.21206549807401,51.99134125351862],[-121.20517053758346,52.07481545557281],[-121.55760475757096,52.07819107699368],[-121.57453531836995,52.06576860160693],[-121.69814876108396,52.07775491691805],[-121.69818498332569,52.121548599706784],[-121.80002166685023,52.121597962043914],[-121.94548514655325,52.227844453724565],[-121.96980273189578,52.21287052051894],[-122.04865530580004,52.236070114095405],[-122.07708596086538,52.1842837897796],[-122.04410010534528,52.14166361180077],[-122.11756100562229,52.127988353779834],[-122.14647617437589,52.167859095539605],[-122.19363101801808,52.15164482764882],[-122.272361764946,52.15762894254969],[-122.26396315938429,52.25392157574184],[-122.28944604478872,52.34111452227707],[-122.36096258044114,52.355486218594095],[-122.44608771201733,52.506692391526094],[-122.60992993664142,52.50770358099644],[-123.63814308168502,52.49787749220636],[-124.00000000724866,52.49804258202714],[-124.00000000593977,52.66317613418481],[-124.12141470108072,52.706286078671994],[-124.14304417207667,52.727413512934305],[-124.23489748742442,52.72253702021034],[-124.25025948868567,52.74299080243703],[-124.38048617111946,52.72412287656509],[-124.45173404913665,52.744502600647984],[-124.48365678819926,52.77570560412358],[-124.52368056845675,52.75941976987048],[-124.57131513552946,52.77268877245285],[-124.6427373290758,52.83517773933747],[-124.73422389084834,52.79952230186434],[-124.74860304638831,52.80999237689514],[-124.87575133251624,52.77354294256153],[-124.83026078425515,52.7175380446304],[-124.87457735802522,52.696840366160515],[-124.93750823899686,52.696619257780156],[-124.96871023709289,52.72560547923357],[-125.01959951856382,52.718005897740575],[-125.11497155204295,52.73604315293753],[-125.14640219467208,52.72632470496634],[-125.29731853751414,52.719830310323],[-125.3576772906389,52.76526721722858],[-125.61820689603495,52.756926691678956],[-125.72448919609258,52.6750488944135],[-125.7792332385249,52.68232945309979],[-125.86175891581394,52.66176671813436]]]},"properties":{"ELECTORAL_DISTRICT_ID":268,"BOUNDARY_SET_ID":11,"ED_ABBREVIATION":"CBC","ED_NAME":"Cariboo-Chilcotin","GAZETTE_DATE":"2023-12-07Z","FEATURE_AREA_SQM":55800085119.4579,"FEATURE_LENGTH_M":1882789.7455,"OBJECTID":2865,"SE_ANNO_CAD_DATA":null},"id":"WHSE_ADMIN_BOUNDARIES.EBC_PROV_ELECTORAL_DIST_SVW.fid--7e6e9b65_19f025478b6_-7dd3"},{"type":"Feature","geometry":{"type":"MultiPolygon","coordinates":[[[[-123.34118525909336,48.50557979916293],[-123.33533042545216,48.46864828139577],[-123.3291930334396,48.43364406370572],[-123.3319058718625,48.40453310243225],[-123.330393,48.404771],[-123.30248,48.414293],[-123.287099,48.42414],[-123.280629,48.448391],[-123.28718,48.468329],[-123.302235,48.484198],[-123.321197,48.495836],[-123.33368253712399,48.5054403198483],[-123.34118525909336,48.50557979916293]]],[[[-123.251088,48.425198],[-123.243438,48.419664],[-123.239898,48.41946],[-123.239084,48.420152],[-123.238678,48.421332],[-123.237131,48.422146],[-123.234934,48.422593],[-123.228668,48.422593],[-123.226552,48.425849],[-123.23884,48.430121],[-123.24828,48.429429],[-123.251088,48.425198]]]]},"properties":{"ELECTORAL_DISTRICT_ID":305,"BOUNDARY_SET_ID":11,"ED_ABBREVIATION":"OBG","ED_NAME":"Oak Bay-Gordon Head","GAZETTE_DATE":"2023-12-07Z","FEATURE_AREA_SQM":302413833.9598,"FEATURE_LENGTH_M":75927.3538,"OBJECTID":2902,"SE_ANNO_CAD_DATA":null},"id":"WHSE_ADMIN_BOUNDARIES.EBC_PROV_ELECTORAL_DIST_SVW.fid--7e6e9b65_19f025478b6_-7dd2"},{"type":"Feature","geometry":{"type":"Polygon","coordinates":[[[-127.81350456127174,59.79634216491076],[-127.78948201901962,59.69054299119667],[-127.74573189150732,59.668772882420555],[-127.74317119088892,59.6264517893686],[-127.55361444135298,59.56202020096259],[-127.54018817657546,59.50759688807201],[-127.50107657265372,59.52420922244049],[-127.4536977772543,59.46607655556986],[-127.45676809662474,59.41143747499325],[-127.37486141577622,59.40838753072625],[-127.39275112459495,59.35467311785082],[-127.33288876910882,59.36441257438286],[-127.31311374504762,59.30975391046406],[-127.20475949227912,59.34269017622541],[-127.1492431308059,59.295616140261934],[-127.20175417141975,59.25181030768836],[-127.16423973094166,59.212210522126504],[-127.15804842846494,59.14776469235206],[-127.11223434109796,59.12337403818692],[-126.98992587667641,59.137339123218354],[-126.91790684014292,58.945702494180054],[-126.9920381370783,58.91296205745114],[-127.06476249842623,58.85409948402814],[-126.99888733901231,58.78817211987991],[-126.92623347745828,58.806887299178406],[-126.86573686656806,58.75849942948404],[-126.7974300188629,58.73587230235714],[-126.82706759836852,58.68982939361141],[-126.93406105332146,58.65418214532587],[-126.86490275541058,58.65187635069094],[-126.8385024804289,58.62889423968724],[-126.79763116340283,58.661604056295296],[-126.73770778068078,58.67072576182056],[-126.58908904772969,58.58639155953604],[-126.5102585341729,58.581617609601714],[-126.48308416508672,58.60710917718809],[-126.33916086996075,58.62382583442394],[-126.33468143823411,58.53584423223217],[-126.26689969063462,58.545660239385874],[-126.20443425289226,58.49279750363659],[-126.12204328231128,58.475041885288974],[-126.09216291979341,58.44959446873591],[-125.95903483761961,58.44078074863266],[-125.939338076309,58.39573371831777],[-125.85414354450198,58.403727448944096],[-125.83123203649878,58.359285707498756],[-125.78059291194705,58.34937890776101],[-125.78931159956518,58.32187065973834],[-125.65545216350988,58.299272373340614],[-125.55686758392328,58.32507619823725],[-125.49301538909056,58.291114857823956],[-125.45283538427607,58.33547898013355],[-125.41441702691192,58.33229231120323],[-125.3245996469385,58.277997889677],[-125.29758661637285,58.32806490183587],[-125.21465983220342,58.29145061486736],[-125.2373672386824,58.27031855272475],[-125.14062508066506,58.23629810729434],[-125.00120450187028,58.25902065562427],[-124.98786253746306,58.238883759165645],[-124.89812067157538,58.234786665194946],[-124.87296033121513,58.1756040004252],[-124.83355400345457,58.14384840366026],[-124.85510256299366,58.09717456987698],[-124.92575529152417,58.05748541569989],[-124.91376009607995,58.026194467442714],[-124.96924905476622,58.02394635310214],[-124.95965382076223,57.98717896338203],[-125.05739410383158,58.01930841461197],[-125.20460970584972,58.01806472412599],[-125.24638446837815,57.984178866667946],[-125.26411064805882,58.00523117371297],[-125.44639161186171,57.97520421079504],[-125.4722582547432,57.94264286827887],[-125.59096274593209,57.914226330371825],[-125.62616078606183,57.933084286875705],[-125.65113870040258,57.8802827925846],[-125.7419454412257,57.85919345567474],[-125.79320422988323,57.91925770614741],[-125.80695901619012,57.97256087865303],[-125.92440565280901,57.97643722082547],[-125.96307139287451,57.99357010340017],[-125.99951134216552,57.95554335704925],[-126.06674933240025,57.96440621208493],[-126.06713079276393,57.91399632071987],[-126.13133445579736,57.91717088304797],[-126.21433582219326,57.94858538181223],[-126.25716994742936,57.86173567024651],[-126.30015054686781,57.85653766144513],[-126.37693357688106,57.92147520068322],[-126.4242667240588,57.90905466998098],[-126.476640080163,57.93787283497231],[-126.5662197809108,57.95034962097922],[-126.60267530458587,57.92653897713814],[-126.65918823333033,57.9581703106935],[-126.67296232893486,58.00672837328871],[-126.78546710653156,57.97726219372477],[-126.83587248576994,58.000708952399485],[-126.9552963309067,57.98770770172849],[-126.9772425234835,57.960008965658616],[-126.87538800907465,57.86096908900448],[-126.87310250219345,57.79739807927937],[-126.94744797983336,57.7940223471496],[-126.97461856626059,57.77316658140432],[-126.93463497320688,57.70000352138175],[-126.84306343138641,57.68344388253667],[-126.85707396548709,57.617155125227534],[-126.77527044706561,57.58656560035235],[-126.93327354970563,57.5355183755102],[-127.0076534196943,57.53349172556408],[-127.03005676422164,57.50853886571979],[-127.14918633359461,57.53648826202459],[-127.13704532208021,57.567818732118646],[-127.17324243659873,57.60225540318401],[-127.3214117765877,57.579621867955176],[-127.32555517667261,57.486832490289146],[-127.30459241419253,57.438907844602625],[-127.37698304253857,57.425647387406514],[-127.47439649568753,57.385204469586505],[-127.45791695366343,57.35372054132266],[-127.50768466394462,57.32296545169056],[-127.5455030529174,57.25604434564284],[-127.47185542845251,57.22542277577987],[-127.50277507958248,57.181402600547294],[-127.56624933349116,57.15763432608295],[-127.66388713508981,57.178504333916536],[-127.72254191945623,57.14891923268466],[-127.73711810022999,57.10483746016556],[-127.67128450682476,57.077886790031215],[-127.68010884090252,57.01659878796119],[-127.72475447527661,57.02784292086615],[-127.7334236180318,56.99770736258824],[-127.60684626536765,57.00150145676298],[-127.53968776191054,56.902856442863126],[-127.60255541021743,56.910869756775135],[-127.55919743230362,56.85204919700367],[-127.6059015988041,56.85291155592616],[-127.54219973436595,56.78942457444488],[-127.49262152864108,56.772015395114785],[-127.54223517363003,56.70829947217203],[-127.44968694256137,56.71156696441631],[-127.39550070174596,56.684176569882155],[-127.30422308199503,56.7360533969422],[-127.29173650261747,56.71434452919636],[-127.23179844249516,56.7384795374074],[-127.10970991149051,56.62281735784671],[-127.050131879738,56.631663834179314],[-126.9874281487049,56.6657743603292],[-126.88820836803748,56.68977798506827],[-126.81073167784616,56.672087524986225],[-126.8432222055268,56.70135716343203],[-126.79458188376401,56.720212983774836],[-126.75637085729173,56.7781042466677],[-126.67542594665774,56.766925982898435],[-126.59622243098619,56.78018928910906],[-126.55916499484594,56.73219735003011],[-126.49868908744706,56.72254085436688],[-126.46096221152537,56.6703962761934],[-126.27514262233052,56.67287546848076],[-126.17531983559681,56.636307468368976],[-126.16330957005613,56.597930366986276],[-126.1136091974606,56.578962034379686],[-126.13815146097265,56.551179625770466],[-126.10205426956078,56.52543526084922],[-126.19730179190321,56.50986936443093],[-126.20375646336146,56.48293293692972],[-126.13574953392066,56.445517176468165],[-126.11556773276303,56.4124562922053],[-126.15563158295004,56.38613441043932],[-126.16895478145302,56.31431758415456],[-126.11886483850874,56.270114041407936],[-126.0513205030855,56.271464904532706],[-125.98130275193647,56.24966310689152],[-125.99420390699123,56.17715518389628],[-125.96417694335615,56.14576382904819],[-125.86832470660444,56.14706555558124],[-125.74149605428312,56.18404016787068],[-125.71105620107468,56.21314210591805],[-125.6634405249216,56.19886405147089],[-125.63696789467697,56.15551182993647],[-125.54986131175554,56.16589253548929],[-125.53386196756853,56.19702860083262],[-125.48336558950423,56.20472253599709],[-125.45137212853355,56.2443408366457],[-125.37556331384052,56.26452295173037],[-125.23854769055932,56.247854005625086],[-125.231786743088,56.2792336101216],[-125.10583364219912,56.30845518272597],[-125.0498384820632,56.245499075244155],[-125.04732932716313,56.203014909042686],[-124.96619814608263,56.237237948530506],[-124.90243253881152,56.24648747601526],[-124.79978766333556,56.22149580659651],[-124.73708705168428,56.14074313444784],[-124.68955147509064,56.12307332452481],[-124.51631471089584,56.11665619385179],[-124.4509879567691,56.000003476407734],[-124.34902458902538,55.84650361390557],[-124.35933936087753,55.77803332410556],[-124.27307177374706,55.68343342021195],[-124.20985330778038,55.68510544207779],[-124.11682234170235,55.63324641860679],[-124.13155999031649,55.60032759902823],[-124.07554948295537,55.54558383903328],[-124.01202053184268,55.53647708824613],[-123.93557518629407,55.556685194476806],[-123.97913495262264,55.61314548279276],[-123.95036456316299,55.636750328981705],[-123.81810097226125,55.67489848990752],[-123.79664263774478,55.75667445558415],[-123.85586819145331,55.796783752220655],[-123.93197596717083,55.920285137576236],[-123.81511536344006,55.991883243048576],[-123.7640706800362,56.0424879975449],[-123.66991367675367,56.048681884254556],[-123.54877522172238,56.02791691170169],[-123.3828165004766,56.01731367323184],[-123.24412656347549,55.979697455175476],[-123.16733523001196,55.98549647893906],[-123.07831707288246,56.029529116389156],[-123.060210706594,56.06899289002398],[-122.93201360499303,56.09217083014789],[-122.76300877875617,56.08551265138589],[-122.71195885994793,56.092046211555996],[-122.61599199851253,56.137669335044556],[-122.53209998966648,56.145394246600844],[-122.469307998305,56.117690525113346],[-122.30572308101569,56.08896671483419],[-122.29953413797504,55.997796307290734],[-122.24792995289043,55.997785269614056],[-122.24792015901198,55.88213590840644],[-122.04181120991687,55.88221566393006],[-122.0417978915003,55.89685689238462],[-121.75836256341933,55.89798807007602],[-121.75847221352913,56.1129753246427],[-121.67425666651955,56.11987098998722],[-121.54961098328378,56.177468865416266],[-121.40848744468292,56.22778903103859],[-121.28758345323276,56.23640122570089],[-121.20691388930504,56.26743332375258],[-121.12241156954502,56.22849401499682],[-121.04906458868888,56.21691519310358],[-120.98945806211428,56.231276920234095],[-120.90546246329626,56.191839138377844],[-120.80744905570819,56.198433227692966],[-120.698645614485,56.14031836396423],[-120.4405360083356,56.10235179046055],[-120.35985871686992,56.0963017490285],[-120.23238723650086,56.10477721869346],[-120.16499109859872,56.091413862621785],[-120.10765352554665,56.10059146762294],[-119.99999978604782,56.146508334080416],[-120.00000010563303,56.55000002411164],[-120.00000027972013,56.899999834457915],[-120.00000014377763,57.449999943353575],[-119.99999984265213,57.750000035738196],[-119.99999990698367,58.250000069635995],[-120.00000033776976,58.899999971721456],[-120.00000026302268,59.40000000625017],[-119.9999997729131,59.99999983309318],[-120.45414738421574,59.99999983299602],[-121.18331409707058,59.99999983311049],[-121.74164689616576,59.99999983283941],[-122.55414694717132,59.99999983281583],[-123.1666467017914,59.99999983293721],[-123.99581356454259,59.99999983290039],[-124.57498040941691,59.99999983285441],[-125.56664671149558,59.99999983283701],[-126.25831328044443,59.99999983287494],[-126.86247998556578,59.999999832943956],[-127.73422999429829,59.999999832875865],[-127.73422207963185,59.894234484784434],[-127.65402985734826,59.879768433563356],[-127.72368068412763,59.84437789849016],[-127.7399087023603,59.813713602590425],[-127.81350456127174,59.79634216491076]]]},"properties":{"ELECTORAL_DISTRICT_ID":306,"BOUNDARY_SET_ID":11,"ED_ABBREVIATION":"PCN","ED_NAME":"Peace River North","GAZETTE_DATE":"2023-12-07Z","FEATURE_AREA_SQM":175794782943.065,"FEATURE_LENGTH_M":2860417.7054,"OBJECTID":2903,"SE_ANNO_CAD_DATA":null},"id":"WHSE_ADMIN_BOUNDARIES.EBC_PROV_ELECTORAL_DIST_SVW.fid--7e6e9b65_19f025478b6_-7dd1"},{"type":"Feature","geometry":{"type":"Polygon","coordinates":[[[-123.81511536344006,55.991883243048576],[-123.77091622873564,55.95555212077791],[-123.72021689299709,55.970612423649854],[-123.68503118505842,55.91429562366863],[-123.5322895561254,55.865209179964005],[-123.43231345009342,55.8855212537966],[-123.37331168610035,55.862757047063084],[-123.31679644910368,55.79762866403822],[-123.31101745573463,55.75695787321385],[-123.3502134546681,55.74252101905089],[-123.33056198869347,55.71284263228809],[-123.26438101707082,55.698482328589314],[-123.16947291966738,55.74181567890888],[-123.1254196160072,55.693236965189996],[-123.14894310971883,55.64033435221928],[-123.07475399091737,55.623631936353306],[-123.03954758193426,55.55970238233503],[-122.95786412453165,55.58494079647498],[-122.96604358035422,55.500865088419744],[-122.93283621119042,55.460559251024435],[-123.00001574432152,55.46277923728051],[-122.9940939240037,55.4020530856977],[-122.8899727603739,55.417657080315344],[-122.85047422841663,55.37727789590467],[-122.81224492100186,55.385438258972364],[-122.74145882469968,55.34565403896006],[-122.6591816412661,55.34157047432844],[-122.6037829059175,55.410388627253276],[-122.48595908912004,55.31519269208543],[-122.43214227590857,55.31463689430927],[-122.32587507722059,55.2331785273225],[-122.24782766151185,55.19188856130707],[-122.2915281827988,55.15024645907968],[-122.25779711961391,55.130455289458894],[-122.18337164847809,55.13169862416982],[-122.17379093492052,55.09940538925833],[-122.10846252153337,55.10042761487597],[-122.01279922581688,55.028970045763266],[-121.94624342533079,55.00714296888362],[-121.84863577692774,54.92594060380293],[-121.87440061074571,54.90914240989234],[-121.85689991319654,54.861751486569084],[-121.78259356194877,54.84120334992208],[-121.70667477180649,54.8816882819163],[-121.64371052921547,54.842783866403664],[-121.56117119803082,54.82091370737073],[-121.47486906890948,54.72403150856375],[-121.52541812759111,54.652439351761714],[-121.48733304072437,54.609851930415125],[-121.45382445781742,54.60943784175716],[-121.43248766786614,54.56912096620517],[-121.40056893050027,54.534619850818444],[-121.2703370122779,54.51722348899074],[-121.24974430747646,54.548224966316944],[-121.12745486307911,54.549251821223514],[-121.12969264282066,54.480379192543815],[-121.08013685259606,54.45103549443534],[-121.00288338490947,54.46636782042045],[-120.93498737288716,54.45006169113849],[-120.87700511712126,54.461911113141085],[-120.87946573296601,54.48623411759594],[-120.82566027810377,54.49347622152394],[-120.77440843339853,54.39649112340827],[-120.73423332353904,54.40927304693975],[-120.66006423468511,54.3588460656262],[-120.73119162375527,54.30048623819626],[-120.68128304281589,54.282446846071196],[-120.60693149662339,54.28969607154194],[-120.58216885060658,54.256070488072105],[-120.58690178777107,54.18096623103976],[-120.51171572969486,54.12854428823705],[-120.39977649826643,54.1248075189324],[-120.33546151604277,54.10639854427652],[-120.18682817905724,54.118936571609325],[-120.16682007831439,54.071227337865295],[-120.20754203803097,54.02960695565052],[-120.23063920295901,54.043529314497995],[-120.26222655611731,53.979715120641835],[-120.2062980526992,53.972827644268094],[-120.22076889790604,53.948768119189516],[-120.15610661030868,53.94254218782941],[-120.10266274308414,53.9861945607262],[-120.06292216365497,53.96015146827775],[-120.07050244141126,53.90466569498601],[-120.02167342196441,53.86633131997026],[-120.05416456377878,53.84871990295694],[-120.03372839601224,53.80627703911494],[-120.00000444727846,53.802549527286544],[-119.99999971282695,54.250000151413225],[-120.00000026543248,54.90000005409407],[-119.99999989273901,55.400000088458214],[-120.00000017599619,55.737635980582645],[-119.99999978604782,56.146508334080416],[-120.10765352554665,56.10059146762294],[-120.16499109859872,56.091413862621785],[-120.23238723650086,56.10477721869346],[-120.35985871686992,56.0963017490285],[-120.4405360083356,56.10235179046055],[-120.698645614485,56.14031836396423],[-120.80744905570819,56.198433227692966],[-120.90546246329626,56.191839138377844],[-120.98945806211428,56.231276920234095],[-121.04906458868888,56.21691519310358],[-121.12241156954502,56.22849401499682],[-121.20691388930504,56.26743332375258],[-121.28758345323276,56.23640122570089],[-121.40848744468292,56.22778903103859],[-121.54961098328378,56.177468865416266],[-121.67425666651955,56.11987098998722],[-121.75847221352913,56.1129753246427],[-121.75836256341933,55.89798807007602],[-122.0417978915003,55.89685689238462],[-122.04181120991687,55.88221566393006],[-122.24792015901198,55.88213590840644],[-122.24792995289043,55.997785269614056],[-122.29953413797504,55.997796307290734],[-122.30572308101569,56.08896671483419],[-122.469307998305,56.117690525113346],[-122.53209998966648,56.145394246600844],[-122.61599199851253,56.137669335044556],[-122.71195885994793,56.092046211555996],[-122.76300877875617,56.08551265138589],[-122.93201360499303,56.09217083014789],[-123.060210706594,56.06899289002398],[-123.07831707288246,56.029529116389156],[-123.16733523001196,55.98549647893906],[-123.24412656347549,55.979697455175476],[-123.3828165004766,56.01731367323184],[-123.54877522172238,56.02791691170169],[-123.66991367675367,56.048681884254556],[-123.7640706800362,56.0424879975449],[-123.81511536344006,55.991883243048576]]]},"properties":{"ELECTORAL_DISTRICT_ID":307,"BOUNDARY_SET_ID":11,"ED_ABBREVIATION":"PCS","ED_NAME":"Peace River South","GAZETTE_DATE":"2023-12-07Z","FEATURE_AREA_SQM":30362054966.0487,"FEATURE_LENGTH_M":1238332.2558,"OBJECTID":2904,"SE_ANNO_CAD_DATA":null},"id":"WHSE_ADMIN_BOUNDARIES.EBC_PROV_ELECTORAL_DIST_SVW.fid--7e6e9b65_19f025478b6_-7dd0"},{"type":"Feature","geometry":{"type":"Polygon","coordinates":[[[-120.09337954595446,49.64728115308012],[-120.03057267795629,49.58799709509413],[-120.01748681870376,49.51689237443218],[-119.9754479624945,49.53115440728841],[-119.92037711201833,49.51743535400878],[-119.89141236273636,49.48035984583295],[-119.89142090464671,49.406062536468504],[-119.86693412958377,49.42230706880926],[-119.77260993224469,49.41771363799416],[-119.71939282837106,49.43118523380919],[-119.72082825837057,49.39491097716206],[-119.60561190219313,49.38083551638886],[-119.60777691435752,49.45080905921728],[-119.56854059378693,49.42332609091247],[-119.548689206976,49.47601649710158],[-119.46377204086374,49.45633997665396],[-119.36488998464456,49.46516010511717],[-119.30100239644759,49.495610413834655],[-119.34976445908484,49.58019598845691],[-119.37664517745795,49.67867828682947],[-119.42638944160183,49.67032779122931],[-119.46643400869154,49.738236624578754],[-119.51623166409463,49.72770633818567],[-119.54431829499406,49.75941315609289],[-119.69550495937628,49.7594128000448],[-119.69538959034534,49.7759821825059],[-119.74157483531022,49.72482053542192],[-119.72894716395143,49.71229959729933],[-119.83563066678687,49.71232096118795],[-119.8362484994457,49.76549880119647],[-119.97812038405328,49.76596451908598],[-119.97486881075272,49.6672599485887],[-120.04503026214043,49.67907556817773],[-120.09337954595446,49.64728115308012]]]},"properties":{"ELECTORAL_DISTRICT_ID":308,"BOUNDARY_SET_ID":11,"ED_ABBREVIATION":"PES","ED_NAME":"Penticton-Summerland","GAZETTE_DATE":"2023-12-07Z","FEATURE_AREA_SQM":1596365550.7417,"FEATURE_LENGTH_M":249745.6858,"OBJECTID":2905,"SE_ANNO_CAD_DATA":null},"id":"WHSE_ADMIN_BOUNDARIES.EBC_PROV_ELECTORAL_DIST_SVW.fid--7e6e9b65_19f025478b6_-7dcf"},{"type":"Feature","geometry":{"type":"Polygon","coordinates":[[[-122.80522248763509,49.220390140498196],[-122.75093839059333,49.21526298677233],[-122.7686320325393,49.227883618140616],[-122.6984784788439,49.27850749641424],[-122.76162784163374,49.285733934935166],[-122.790605094567,49.269244795241704],[-122.80522248763509,49.220390140498196]]]},"properties":{"ELECTORAL_DISTRICT_ID":309,"BOUNDARY_SET_ID":11,"ED_ABBREVIATION":"POC","ED_NAME":"Port Coquitlam","GAZETTE_DATE":"2023-12-07Z","FEATURE_AREA_SQM":33950416.2807,"FEATURE_LENGTH_M":32769.9731,"OBJECTID":2906,"SE_ANNO_CAD_DATA":null},"id":"WHSE_ADMIN_BOUNDARIES.EBC_PROV_ELECTORAL_DIST_SVW.fid--7e6e9b65_19f025478b6_-7dce"},{"type":"Feature","geometry":{"type":"Polygon","coordinates":[[[-122.92841598652622,49.29660972591123],[-122.89430422640098,49.29381596742224],[-122.89284655072396,49.24906511740327],[-122.86920228150504,49.249001945359865],[-122.86848226441971,49.270802761308346],[-122.8016236393476,49.28517144832899],[-122.82265560554306,49.29705390751853],[-122.83669302562524,49.382640701527315],[-122.8724112010347,49.38265407898889],[-122.892486,49.333686],[-122.921946,49.299547],[-122.92841598652622,49.29660972591123]]]},"properties":{"ELECTORAL_DISTRICT_ID":310,"BOUNDARY_SET_ID":11,"ED_ABBREVIATION":"POM","ED_NAME":"Port Moody-Burquitlam","GAZETTE_DATE":"2023-12-07Z","FEATURE_AREA_SQM":83748191.2663,"FEATURE_LENGTH_M":46181.5288,"OBJECTID":2907,"SE_ANNO_CAD_DATA":null},"id":"WHSE_ADMIN_BOUNDARIES.EBC_PROV_ELECTORAL_DIST_SVW.fid--7e6e9b65_19f025478b6_-7dcd"},{"type":"Feature","geometry":{"type":"MultiPolygon","coordinates":[[[[-126.280629,50.519436],[-126.260813,50.507229],[-126.242258,50.501044],[-126.131215,50.489732],[-126.111155,50.4914],[-126.089508,50.500963],[-126.057362,50.478502],[-126.007721,50.471503],[-125.954579,50.475735],[-125.863596,50.500963],[-125.85436,50.507473],[-125.842356,50.522406],[-125.836252,50.527655],[-125.814076,50.533149],[-125.787221,50.531643],[-125.740061,50.52025],[-125.752268,50.508734],[-125.785715,50.506252],[-125.795277,50.493557],[-125.77359,50.487982],[-125.720204,50.445746],[-125.709543,50.439927],[-125.703277,50.437934],[-125.670237,50.439439],[-125.656646,50.442857],[-125.64387,50.448432],[-125.633901,50.456],[-125.617747,50.471259],[-125.613189,50.479193],[-125.610341,50.493557],[-125.614817,50.499091],[-125.621897,50.510728],[-125.622304,50.522406],[-125.585683,50.53498],[-125.57726,50.552191],[-125.572418,50.572659],[-125.562571,50.589179],[-125.570912,50.607978],[-125.568715,50.63817],[-125.555572,50.666205],[-125.531484,50.678534],[-125.503814,50.688137],[-125.479563,50.706977],[-125.454579,50.720364],[-125.424713,50.713324],[-125.432973,50.705878],[-125.445383,50.691636],[-125.452707,50.685289],[-125.462229,50.679877],[-125.487416,50.672309],[-125.504994,50.662421],[-125.517445,50.650784],[-125.526682,50.636054],[-125.534576,50.617092],[-125.542063,50.589179],[-125.540028,50.58039],[-125.531484,50.564683],[-125.528432,50.554999],[-125.52953,50.542304],[-125.541249,50.506252],[-125.548248,50.493557],[-125.560292,50.484931],[-125.57311,50.478258],[-125.577056,50.470689],[-125.562571,50.459418],[-125.544097,50.455634],[-125.518219,50.455634],[-125.43224,50.466051],[-125.413645,50.473863],[-125.39745,50.486762],[-125.391021,50.49726],[-125.385487,50.51203],[-125.38268,50.526109],[-125.384389,50.534573],[-125.356679,50.543118],[-125.347564,50.52025],[-125.342152,50.489244],[-125.325429,50.4737],[-125.310943,50.470933],[-125.304677,50.466702],[-125.298695,50.46662],[-125.284779,50.476508],[-125.267079,50.498196],[-125.255727,50.506659],[-125.24352,50.504096],[-125.238881,50.495917],[-125.24177,50.488227],[-125.24649,50.480902],[-125.247222,50.4737],[-125.242665,50.466539],[-125.226715,50.452582],[-125.20816,50.426703],[-125.196889,50.420559],[-125.178334,50.419094],[-125.154856,50.424384],[-125.127838,50.436998],[-125.112416,50.454413],[-125.123687,50.4737],[-125.102162,50.498928],[-125.040395,50.531195],[-125.027496,50.558743],[-124.966664,50.590806],[-124.963124,50.599514],[-124.959218,50.603461],[-124.954457,50.604478],[-124.952504,50.601955],[-124.951283,50.598334],[-124.948638,50.596625],[-124.939605,50.597968],[-124.933705,50.601508],[-124.908193,50.627387],[-124.909291,50.636623],[-124.918284,50.644599],[-124.92512,50.658026],[-124.923655,50.669745],[-124.913075,50.705878],[-124.900014,50.735256],[-124.909332,50.749213],[-124.928131,50.758002],[-124.948638,50.761054],[-124.950307,50.765448],[-124.951772,50.791815],[-124.956166,50.798733],[-124.96642,50.803371],[-124.98648,50.808254],[-124.971303,50.82038],[-124.935292,50.834377],[-124.918284,50.843655],[-124.877065,50.884223],[-124.869862,50.894517],[-124.867543,50.916409],[-124.860585,50.927436],[-124.848866,50.931342],[-124.832346,50.931789],[-124.813832,50.927191],[-124.803456,50.915513],[-124.787262,50.884589],[-124.808909,50.879625],[-124.825063,50.869696],[-124.852773,50.839911],[-124.863189,50.831285],[-124.885406,50.819078],[-124.908559,50.797553],[-124.910471,50.793606],[-124.910797,50.784654],[-124.906361,50.778551],[-124.896108,50.773586],[-124.835683,50.754218],[-124.823638,50.734524],[-124.828928,50.719713],[-124.856191,50.692816],[-124.864003,50.671617],[-124.865549,50.629869],[-124.87328,50.613674],[-124.874257,50.607815],[-124.870432,50.589057],[-124.869862,50.582953],[-124.873118,50.576361],[-124.885813,50.559312],[-124.890981,50.554999],[-124.936838,50.547268],[-124.952992,50.537177],[-124.959218,50.510647],[-124.970448,50.500881],[-125.041737,50.486762],[-125.051259,50.481838],[-125.057444,50.477281],[-125.060658,50.469794],[-125.063547,50.445461],[-125.066884,50.434516],[-125.068512,50.424221],[-125.065053,50.415351],[-125.065541,50.410631],[-125.061635,50.376899],[-125.069651,50.369371],[-125.078359,50.367621],[-125.08552,50.363837],[-125.088979,50.350165],[-125.081532,50.324693],[-125.061676,50.327582],[-125.038564,50.341742],[-124.995188,50.360297],[-124.990549,50.383857],[-124.99767,50.411119],[-125.006988,50.432115],[-124.985992,50.427558],[-124.966705,50.412421],[-124.952138,50.391791],[-124.945546,50.370673],[-124.949859,50.358222],[-124.958852,50.349514],[-124.962717,50.340766],[-124.951772,50.328437],[-124.941274,50.325995],[-124.897776,50.328437],[-124.874664,50.325629],[-124.852203,50.320461],[-124.830149,50.317613],[-124.80842,50.322252],[-124.749908,50.352118],[-124.740102,50.360093],[-124.731516,50.371039],[-124.693512,50.402248],[-124.684885,50.422187],[-124.671986,50.430854],[-124.589263,50.425279],[-124.504262,50.438463],[-124.424794,50.466254],[-124.382965,50.49787],[-124.358998,50.509263],[-124.3485,50.49726],[-124.35676,50.486151],[-124.411204,50.445746],[-124.42927,50.437242],[-124.476552,50.42178],[-124.496205,50.419094],[-124.506256,50.416083],[-124.523793,50.401923],[-124.534047,50.397366],[-124.545969,50.39704],[-124.575673,50.404771],[-124.599721,50.405219],[-124.631825,50.401801],[-124.65982,50.392076],[-124.671864,50.373765],[-124.673329,50.361029],[-124.67748,50.354682],[-124.703277,50.335395],[-124.711537,50.333726],[-124.71345,50.331366],[-124.705393,50.322252],[-124.687327,50.312567],[-124.66218,50.304185],[-124.639882,50.29385],[-124.630238,50.277899],[-124.62621,50.265937],[-124.6079,50.250637],[-124.602935,50.240302],[-124.605214,50.232856],[-124.623402,50.205552],[-124.617502,50.18891],[-124.628326,50.169379],[-124.648834,50.152574],[-124.671864,50.14411],[-124.665639,50.126776],[-124.676422,50.119574],[-124.693349,50.114407],[-124.705393,50.103176],[-124.677398,50.088853],[-124.671864,50.082709],[-124.672515,50.073188],[-124.67691,50.061916],[-124.683013,50.052476],[-124.688588,50.048529],[-124.704457,50.040961],[-124.701894,50.023179],[-124.684885,49.986477],[-124.703765,49.996894],[-124.742421,50.027777],[-124.763417,50.034247],[-124.779164,50.044135],[-124.800933,50.062201],[-124.820383,50.071479],[-124.828928,50.054755],[-124.822092,50.040107],[-124.764394,49.977362],[-124.732167,49.954291],[-124.675445,49.927151],[-124.661,49.924994],[-124.649729,49.920722],[-124.634918,49.902004],[-124.626861,49.89765],[-124.60554,49.893256],[-124.583119,49.882473],[-124.532216,49.844387],[-124.528472,49.837714],[-124.525543,49.814846],[-124.520823,49.804836],[-124.513254,49.797512],[-124.47761,49.790351],[-124.430287,49.771552],[-124.403717,49.76732],[-124.355051,49.774482],[-124.327219,49.774359],[-124.30427,49.752672],[-124.28303,49.746568],[-124.267486,49.751654],[-124.273997,49.774156],[-124.249664,49.780992],[-124.170969,49.780992],[-124.147817,49.784369],[-124.102162,49.798163],[-124.081614,49.808295],[-124.089223,49.821926],[-124.08495,49.830512],[-124.072987,49.834947],[-124.057688,49.836249],[-124.048166,49.841132],[-124.052724,49.85224],[-124.064076,49.863593],[-124.074778,49.869778],[-124.045237,49.917426],[-124.037465,49.924994],[-124.02302,49.919867],[-124.020416,49.907782],[-124.025624,49.893988],[-124.034413,49.88345],[-124.029124,49.878241],[-124.017079,49.868638],[-124.013295,49.863593],[-124.01065,49.854682],[-124.011708,49.850898],[-124.013499,49.848131],[-124.013295,49.842434],[-124.008534,49.820624],[-124.001129,49.811835],[-123.985951,49.808295],[-123.978179,49.809027],[-123.973988,49.810696],[-123.970693,49.812812],[-123.965484,49.815131],[-123.96345,49.816718],[-123.938222,49.828803],[-123.929921,49.838446],[-123.917877,49.861396],[-123.910878,49.869778],[-123.926096,49.886176],[-123.961903,49.903998],[-123.979115,49.918158],[-123.989003,49.933783],[-123.996246,49.95303],[-124.000071,49.973619],[-123.999623,49.993313],[-123.993153,50.01081],[-123.981109,50.021389],[-123.869252,50.054755],[-123.83316,50.075507],[-123.814687,50.090318],[-123.807851,50.103176],[-123.813344,50.107815],[-123.837148,50.115953],[-123.845693,50.12051],[-123.850575,50.126695],[-123.858022,50.13935],[-123.862457,50.14411],[-123.881459,50.153754],[-123.924713,50.16413],[-123.944976,50.172065],[-123.958485,50.181057],[-123.972239,50.192694],[-123.984446,50.206],[-123.993479,50.219794],[-123.970611,50.214423],[-123.928944,50.190497],[-123.887563,50.18183],[-123.828359,50.158393],[-123.814809,50.149156],[-123.777415,50.11164],[-123.756337,50.103176],[-123.754547,50.093736],[-123.771962,50.072943],[-123.807851,50.041083],[-123.819976,50.038153],[-123.865875,50.034247],[-123.878082,50.031195],[-123.895741,50.017524],[-123.935618,50.00731],[-123.953603,49.989691],[-123.957875,49.967108],[-123.944976,49.944892],[-123.927805,49.936469],[-123.907541,49.930976],[-123.890614,49.921454],[-123.883616,49.901109],[-123.880483,49.865424],[-123.881825,49.847357],[-123.88976,49.828803],[-123.922678,49.799628],[-123.933705,49.783271],[-123.927602,49.763617],[-123.918365,49.756252],[-123.883616,49.739407],[-123.823232,49.683173],[-123.812082,49.667141],[-123.807851,49.646918],[-123.794545,49.644029],[-123.664459,49.656155],[-123.533518,49.705268],[-123.550201,49.674872],[-123.589752,49.653632],[-123.63801,49.641099],[-123.693674,49.634833],[-123.701812,49.629462],[-123.708892,49.622789],[-123.718495,49.616523],[-123.750966,49.612738],[-123.760081,49.609687],[-123.772288,49.59394],[-123.771637,49.575426],[-123.763417,49.556871],[-123.752594,49.540758],[-123.760325,49.528022],[-123.767161,49.51317],[-123.777089,49.505316],[-123.794179,49.513495],[-123.805084,49.528632],[-123.819732,49.567043],[-123.828359,49.581773],[-123.82726,49.595201],[-123.835113,49.633938],[-123.840647,49.638129],[-123.869252,49.67178],[-123.920806,49.715806],[-123.927887,49.725572],[-123.932118,49.735663],[-123.93928,49.743598],[-123.954945,49.746894],[-123.990061,49.745063],[-124.006093,49.74079],[-124.020131,49.732611],[-124.029205,49.720445],[-124.044301,49.69123],[-124.051137,49.685452],[-124.063832,49.678453],[-124.067983,49.66234],[-124.06607,49.644029],[-124.061106,49.630805],[-124.053131,49.622789],[-124.034291,49.611151],[-124.026967,49.603461],[-123.993153,49.550238],[-123.975453,49.530911],[-123.963775,49.521145],[-123.955719,49.518459],[-123.946278,49.517564],[-123.930776,49.513495],[-123.919545,49.507473],[-123.914215,49.500881],[-123.91039,49.493801],[-123.903432,49.486151],[-123.885569,49.477281],[-123.865224,49.473334],[-123.806711,49.470526],[-123.781117,49.465481],[-123.554596,49.38996],[-123.533559,49.388495],[-123.516184,49.391669],[-123.499867,49.399888],[-123.482289,49.414211],[-123.473215,49.434516],[-123.491322,49.47309],[-123.485707,49.493598],[-123.502675,49.505439],[-123.489491,49.515041],[-123.44815,49.530911],[-123.438222,49.536811],[-123.409739,49.547756],[-123.403798,49.551663],[-123.396596,49.558295],[-123.380605,49.55858],[-123.355336,49.55508],[-123.348988,49.560126],[-123.335683,49.576646],[-123.328033,49.581773],[-123.315826,49.582587],[-123.287262,49.580878],[-123.27407694746928,49.58757417732414],[-123.31082374916639,49.591344343642916],[-123.2997186803282,49.61041984800031],[-123.37146216159039,49.67249971042501],[-123.31876414727003,49.720561792118566],[-123.33748907437086,49.744047360746336],[-123.27627091115963,49.7426982788232],[-123.33230883453334,49.82073961156638],[-123.32499981172161,49.846142522210016],[-123.48674450219409,49.909399850148645],[-123.5491973786674,49.87525727789244],[-123.55030564885787,49.8392835299299],[-123.58446304284521,49.86246574207461],[-123.55039970090583,49.92105059438157],[-123.61935802634429,49.93092000908134],[-123.5873859766381,49.97147045508662],[-123.6070874831371,50.01445095752243],[-123.63539770133285,50.00203149545995],[-123.65016717571457,50.08519001313735],[-123.5976577460768,50.094745033940654],[-123.58255178131195,50.172592318015965],[-123.66286350653401,50.210067895672125],[-123.7055789182221,50.18901630058732],[-123.70198709053412,50.22209071523257],[-123.76556362879728,50.2608213769487],[-123.86795894749723,50.300546849577984],[-123.90884894479146,50.34774835222745],[-123.93492075261966,50.448738327428515],[-124.00530310365404,50.50428961358035],[-123.93427526636167,50.532311289480326],[-123.8539751932249,50.51438334144587],[-123.74331826711062,50.54367861685438],[-123.75880460333933,50.56823554660767],[-123.75520083795412,50.652507439553105],[-123.73094333093854,50.69248677693885],[-123.78113691144412,50.72338855990042],[-123.82458222358656,50.70122394599598],[-123.83731275415789,50.7761985995483],[-123.79297492386547,50.79603249528976],[-123.82729007526615,50.83406814342834],[-123.72895022296662,50.83049729416135],[-123.68505057773581,50.87939652174074],[-123.76643550444916,50.88497864379334],[-123.76690525650864,50.90665724688907],[-123.83138971448419,50.90092800888038],[-123.87859594144854,50.9488291544517],[-123.92677737036135,50.93417582070232],[-123.9941316514181,50.96204831029983],[-124.02735003954518,50.936688837550086],[-124.17448443192383,51.05918757859235],[-124.23136408290259,51.07530179532449],[-124.17181801135473,51.09542836665883],[-124.16960794473138,51.12839098084631],[-124.23009927198116,51.14897792734273],[-124.31386632265861,51.13045608410949],[-124.3783392145971,51.145847158649765],[-124.375202588729,51.1942382326114],[-124.455204163743,51.18636342287083],[-124.48810303503849,51.162277193815854],[-124.62940859069278,51.19506961550092],[-124.67757628536373,51.22087094819183],[-124.76549549594074,51.23573577780899],[-124.77490476913978,51.296133292849916],[-124.8161179366555,51.30931684308983],[-124.91491682494745,51.30586099878502],[-124.97317811975863,51.276423302758396],[-125.09621556602616,51.315931939654845],[-125.20235389698259,51.326474649627976],[-125.2201784537099,51.300839236304306],[-125.29357115748373,51.27926744934643],[-125.33802391023221,51.23933012635792],[-125.32786304235151,51.199097635511606],[-125.25963405437582,51.16027796058967],[-125.29295522400025,51.150513580739485],[-125.29594157515477,51.104807141488756],[-125.22891288913011,51.060560160196125],[-125.31952106279766,51.04446018569414],[-125.31026906090527,51.01421674344393],[-125.25456132720922,50.98565244420474],[-125.25487698454621,50.961299531637586],[-125.41908826803208,50.9420121763793],[-125.50824517655754,50.89549714267342],[-125.5026944832117,50.85152432169761],[-125.54742525115675,50.82987918761919],[-125.50812587710215,50.79340055655847],[-125.56440557815806,50.77691177292698],[-125.55720727066002,50.70630481291478],[-125.593342621468,50.61083614177705],[-125.76585674228842,50.6010190665407],[-125.84546751442412,50.57781762696492],[-125.86685128998374,50.64528883419429],[-125.94051485862929,50.63648009918199],[-125.94583957143465,50.63536205157828],[-125.938629,50.630113],[-125.958119,50.618313],[-125.977528,50.613227],[-126.062815,50.603461],[-126.086293,50.589179],[-126.091664,50.591295],[-126.097157,50.595201],[-126.103749,50.596625],[-126.114735,50.593736],[-126.137929,50.582953],[-126.17162,50.577948],[-126.178863,50.575507],[-126.185292,50.563666],[-126.185658,50.548774],[-126.178863,50.52025],[-126.209218,50.538275],[-126.21144246146517,50.53900186121602],[-126.25021461185884,50.53474281318041],[-126.259592,50.529608],[-126.276031,50.525092],[-126.280629,50.519436]]],[[[-124.965159,50.249213],[-124.957834,50.23432],[-124.925933,50.199856],[-124.91275,50.194322],[-124.890981,50.192532],[-124.856109,50.19953],[-124.840443,50.19831],[-124.828928,50.185045],[-124.841908,50.178778],[-124.858266,50.173489],[-124.869374,50.166327],[-124.86677,50.15469],[-124.852284,50.133287],[-124.842519,50.122219],[-124.832346,50.117377],[-124.812367,50.12401],[-124.786244,50.139228],[-124.763539,50.156236],[-124.753774,50.16828],[-124.765859,50.189154],[-124.791737,50.197984],[-124.815663,50.211575],[-124.822011,50.246527],[-124.816558,50.262397],[-124.81192,50.269477],[-124.815745,50.27383],[-124.835683,50.281236],[-124.88268,50.289618],[-124.917063,50.303453],[-124.928334,50.29267],[-124.936838,50.27619],[-124.948638,50.267646],[-124.964263,50.262112],[-124.965159,50.249213]]],[[[-124.947906,50.000312],[-124.946685,50.000352],[-124.943593,49.988145],[-124.940989,49.981594],[-124.933136,49.978664],[-124.928619,49.972927],[-124.923004,49.969753],[-124.916412,49.966864],[-124.899973,49.967922],[-124.893056,49.980984],[-124.884999,49.987535],[-124.901845,49.995185],[-124.907419,49.99726],[-124.918284,49.996649],[-124.930002,49.999416],[-124.939036,50.002672],[-124.944936,50.005479],[-124.947418,50.003201],[-124.947906,50.000312]]],[[[-124.812245,50.239814],[-124.808258,50.231879],[-124.802642,50.228583],[-124.78246,50.219184],[-124.767974,50.21426],[-124.756663,50.219387],[-124.733266,50.25373],[-124.726796,50.266303],[-124.725168,50.273261],[-124.725006,50.28148],[-124.727162,50.291164],[-124.723297,50.292873],[-124.712554,50.285712],[-124.705393,50.274115],[-124.708608,50.260443],[-124.726877,50.24315],[-124.739166,50.219916],[-124.742828,50.204169],[-124.73644,50.186469],[-124.73058,50.174506],[-124.730702,50.167955],[-124.725819,50.163235],[-124.715566,50.162177],[-124.693837,50.171047],[-124.66454,50.19123],[-124.650746,50.224433],[-124.661448,50.262844],[-124.689809,50.290676],[-124.725087,50.304511],[-124.748525,50.303941],[-124.758941,50.296536],[-124.773427,50.289496],[-124.786488,50.277289],[-124.794667,50.262112],[-124.812245,50.239814]]],[[[-124.670888,49.851426],[-124.667511,49.839586],[-124.658518,49.841783],[-124.650665,49.846462],[-124.64033,49.851874],[-124.630198,49.86579],[-124.639353,49.877956],[-124.648712,49.883368],[-124.653676,49.88227],[-124.667022,49.868232],[-124.670888,49.851426]]],[[[-124.664418,49.746894],[-124.633209,49.725735],[-124.61441,49.716498],[-124.572133,49.708441],[-124.534047,49.689643],[-124.517323,49.685452],[-124.517079,49.683417],[-124.493072,49.67178],[-124.48526,49.672919],[-124.478749,49.673163],[-124.472564,49.67178],[-124.47175,49.669501],[-124.462066,49.653754],[-124.439076,49.630805],[-124.43871,49.624091],[-124.441721,49.617255],[-124.438832,49.611884],[-124.378407,49.602851],[-124.197621,49.520941],[-124.162262,49.495998],[-124.143422,49.489325],[-124.123158,49.499823],[-124.144032,49.529608],[-124.173207,49.554145],[-124.269765,49.615871],[-124.28246,49.627834],[-124.287668,49.640448],[-124.294097,49.649888],[-124.322743,49.670803],[-124.329213,49.681708],[-124.34789,49.704169],[-124.391265,49.720038],[-124.487782,49.734198],[-124.521067,49.746894],[-124.562001,49.75373],[-124.576039,49.761949],[-124.597035,49.785631],[-124.609202,49.794623],[-124.620513,49.799302],[-124.632639,49.801663],[-124.645131,49.802314],[-124.657582,49.8015],[-124.654693,49.792304],[-124.654286,49.787991],[-124.657582,49.780992],[-124.657582,49.774156],[-124.651682,49.768256],[-124.651723,49.761542],[-124.656402,49.754218],[-124.664418,49.746894]]],[[[-124.205068,49.705268],[-124.187734,49.678941],[-124.163686,49.659817],[-124.136383,49.656562],[-124.109486,49.677965],[-124.085764,49.724066],[-124.081614,49.729438],[-124.074534,49.74136],[-124.026967,49.774156],[-124.023997,49.775295],[-124.02123,49.775092],[-124.019643,49.776272],[-124.020131,49.780992],[-124.047475,49.779242],[-124.09024,49.770331],[-124.098134,49.766995],[-124.101226,49.760443],[-124.102651,49.746894],[-124.11913,49.754828],[-124.133168,49.753852],[-124.145619,49.747545],[-124.205068,49.705268]]],[[[-123.986724,49.485826],[-123.981068,49.483954],[-123.979929,49.475857],[-123.974355,49.468329],[-123.963083,49.462144],[-123.958974,49.462958],[-123.954335,49.466498],[-123.951812,49.467719],[-123.953399,49.468777],[-123.952748,49.470201],[-123.951812,49.471177],[-123.954376,49.473538],[-123.953399,49.475898],[-123.951894,49.477932],[-123.954823,49.482286],[-123.955963,49.48489],[-123.956532,49.486477],[-123.95698,49.489081],[-123.955312,49.491156],[-123.962473,49.498114],[-123.974151,49.506903],[-123.980133,49.50788],[-123.981191,49.507921],[-123.98176,49.508857],[-123.982615,49.510037],[-123.983551,49.505439],[-123.984975,49.50373],[-123.983022,49.50259],[-123.983957,49.499091],[-123.98233,49.493883],[-123.981923,49.49258],[-123.98644,49.489285],[-123.986724,49.485826]]],[[[-123.500274,49.383368],[-123.499949,49.382392],[-123.499013,49.382392],[-123.495188,49.384304],[-123.475453,49.392401],[-123.458201,49.391425],[-123.449656,49.390937],[-123.438466,49.392971],[-123.434438,49.39822],[-123.437978,49.405626],[-123.453969,49.410875],[-123.464101,49.411648],[-123.470855,49.407823],[-123.483835,49.398017],[-123.496449,49.389635],[-123.500274,49.383368]]],[[[-123.456654,49.478217],[-123.454457,49.469306],[-123.449127,49.458686],[-123.451568,49.445217],[-123.43342,49.44599],[-123.423207,49.451239],[-123.415191,49.458686],[-123.403798,49.465725],[-123.389394,49.467434],[-123.374623,49.463528],[-123.367421,49.453843],[-123.375844,49.438381],[-123.342681,49.442939],[-123.323801,49.461859],[-123.322499,49.48607],[-123.342356,49.506659],[-123.35676,49.534898],[-123.362172,49.540758],[-123.372548,49.54206],[-123.382395,49.53974],[-123.391672,49.536322],[-123.418121,49.530911],[-123.439687,49.521308],[-123.452626,49.508124],[-123.444732,49.493598],[-123.444732,49.486151],[-123.456654,49.478217]]]]},"properties":{"ELECTORAL_DISTRICT_ID":311,"BOUNDARY_SET_ID":11,"ED_ABBREVIATION":"POR","ED_NAME":"Powell River-Sunshine Coast","GAZETTE_DATE":"2023-12-07Z","FEATURE_AREA_SQM":21092570265.6147,"FEATURE_LENGTH_M":1088216.1084,"OBJECTID":2908,"SE_ANNO_CAD_DATA":null},"id":"WHSE_ADMIN_BOUNDARIES.EBC_PROV_ELECTORAL_DIST_SVW.fid--7e6e9b65_19f025478b6_-7dcc"},{"type":"Feature","geometry":{"type":"Polygon","coordinates":[[[-124.01937774270112,54.86933041691726],[-123.89439005396868,54.856531047814],[-123.91942775836736,54.836168413568515],[-123.92979977548936,54.74206591588872],[-123.8690870742222,54.73885859567787],[-123.86297695644632,54.68374774639734],[-123.79105570515911,54.690430848361366],[-123.78153484032762,54.59371813028179],[-123.81898040591683,54.578605488833084],[-123.85273403147364,54.49236249016471],[-123.91458679432696,54.47732355130661],[-123.96214109487991,54.440671166491384],[-124.01502811440675,54.4337046463696],[-123.92626272822446,54.364223880535604],[-123.8311055218248,54.36978790981928],[-123.82824935609865,54.34182854331647],[-123.5515115705729,54.316686619894874],[-123.57761526434463,54.28842816957635],[-123.52252160229851,54.25825985422002],[-123.51805250302635,54.150085811494435],[-123.56631446188263,54.1067592254908],[-123.4839436754646,54.08394267969633],[-123.49754966937056,54.065245302792654],[-123.57409435232834,54.07451512578045],[-123.61777671716521,54.044580380851926],[-123.53480883358283,53.98726556687743],[-123.49136377666974,54.00286065957454],[-123.43307201579674,53.98208998945077],[-123.42732080580228,53.80373197660687],[-123.48458568334537,53.77801574053288],[-123.4785628423572,53.73147507045931],[-123.13272598469077,53.73079394187188],[-123.0317840855476,53.7492581044438],[-122.98578542953936,53.80594662265953],[-122.84690643110174,53.830533105142145],[-122.78042386611953,53.86921086189082],[-122.8159149984154,53.90833313249829],[-122.78043362607143,53.92713758307588],[-122.68311767788674,53.91457392012531],[-122.70413359199698,53.96461031187043],[-122.6556991135999,53.96216672471996],[-122.67955542334523,53.996177912408534],[-122.60757505052084,54.00578135661785],[-122.61420889914925,54.04620255536306],[-122.5102705494862,54.08607400902239],[-122.57262387964367,54.12933401264997],[-122.53819863869226,54.206389436778814],[-122.36915389892229,54.258998662292356],[-122.27079975754116,54.205690862051696],[-122.23001954769286,54.20482921485117],[-122.22995251642448,54.552134291386544],[-122.1956748887269,54.53676858881044],[-122.22667144119616,54.49136858470375],[-122.18453183108794,54.47107946143505],[-122.14867227573195,54.48857978996403],[-122.10843318468746,54.460607961522456],[-122.09443913775961,54.49031874989148],[-122.06666788166642,54.44247920084677],[-121.94934375735335,54.43790285984239],[-121.87309047382604,54.39771380754957],[-121.86602177918671,54.45459459377077],[-121.76616152616475,54.4185902245137],[-121.68727944565728,54.41052350302872],[-121.66416312439898,54.3888064462931],[-121.58039246322473,54.407237851954584],[-121.56315645132955,54.43923876841086],[-121.47129934427639,54.41231480190021],[-121.41264332963749,54.49098812823768],[-121.44436161477587,54.51686423190841],[-121.43248766786614,54.56912096620517],[-121.45382445781742,54.60943784175716],[-121.48733304072437,54.609851930415125],[-121.52541812759111,54.652439351761714],[-121.47486906890948,54.72403150856375],[-121.56117119803082,54.82091370737073],[-121.64371052921547,54.842783866403664],[-121.70667477180649,54.8816882819163],[-121.78259356194877,54.84120334992208],[-121.85689991319654,54.861751486569084],[-121.87440061074571,54.90914240989234],[-121.84863577692774,54.92594060380293],[-121.94624342533079,55.00714296888362],[-122.01279922581688,55.028970045763266],[-122.10846252153337,55.10042761487597],[-122.17379093492052,55.09940538925833],[-122.18337164847809,55.13169862416982],[-122.25779711961391,55.130455289458894],[-122.2915281827988,55.15024645907968],[-122.24782766151185,55.19188856130707],[-122.32587507722059,55.2331785273225],[-122.43214227590857,55.31463689430927],[-122.48595908912004,55.31519269208543],[-122.6037829059175,55.410388627253276],[-122.6591816412661,55.34157047432844],[-122.74145882469968,55.34565403896006],[-122.81224492100186,55.385438258972364],[-122.85047422841663,55.37727789590467],[-122.8899727603739,55.417657080315344],[-122.9940939240037,55.4020530856977],[-123.00001574432152,55.46277923728051],[-122.93283621119042,55.460559251024435],[-122.96604358035422,55.500865088419744],[-122.95786412453165,55.58494079647498],[-123.03954758193426,55.55970238233503],[-123.07475399091737,55.623631936353306],[-123.14894310971883,55.64033435221928],[-123.1254196160072,55.693236965189996],[-123.16947291966738,55.74181567890888],[-123.26438101707082,55.698482328589314],[-123.33056198869347,55.71284263228809],[-123.3502134546681,55.74252101905089],[-123.31101745573463,55.75695787321385],[-123.31679644910368,55.79762866403822],[-123.37331168610035,55.862757047063084],[-123.43231345009342,55.8855212537966],[-123.5322895561254,55.865209179964005],[-123.68503118505842,55.91429562366863],[-123.72021689299709,55.970612423649854],[-123.77091622873564,55.95555212077791],[-123.81511536344006,55.991883243048576],[-123.93197596717083,55.920285137576236],[-123.85586819145331,55.796783752220655],[-123.79664263774478,55.75667445558415],[-123.81810097226125,55.67489848990752],[-123.95036456316299,55.636750328981705],[-123.97913495262264,55.61314548279276],[-123.93557518629407,55.556685194476806],[-123.89000283573475,55.49944194690204],[-123.92638734436315,55.42749872298965],[-123.84474235122825,55.37283258223945],[-123.85128398040384,55.33806798754582],[-123.78930415177274,55.32634318340485],[-123.78643870291322,55.30322221262798],[-123.69163206087508,55.29340050872871],[-123.63310115676195,55.3115648753639],[-123.49127424152869,55.324272383383594],[-123.41622293214203,55.23534617369869],[-123.3945650228073,55.165002336569806],[-123.42239929610565,55.125144769002866],[-123.39617127627554,55.105301260172865],[-123.42216952914436,55.051304497715066],[-123.51937328286687,55.01755785611976],[-123.54608858306196,54.96694928825848],[-123.622598999253,54.961090803187865],[-123.66446097464612,54.92361024131013],[-123.69941356081526,54.924357951063186],[-123.76086741645794,54.97527628456042],[-123.81880306213723,54.999002544657905],[-123.8150262056513,55.03964770002906],[-123.84840162722568,55.049871030833444],[-123.95249571395867,55.00975710569943],[-124.0004346121005,55.0323877922551],[-123.9999494272439,54.89480346978191],[-124.01937774270112,54.86933041691726]]]},"properties":{"ELECTORAL_DISTRICT_ID":312,"BOUNDARY_SET_ID":11,"ED_ABBREVIATION":"PRM","ED_NAME":"Prince George-Mackenzie","GAZETTE_DATE":"2023-12-07Z","FEATURE_AREA_SQM":20500494931.2946,"FEATURE_LENGTH_M":1264961.7732,"OBJECTID":2909,"SE_ANNO_CAD_DATA":null},"id":"WHSE_ADMIN_BOUNDARIES.EBC_PROV_ELECTORAL_DIST_SVW.fid--7e6e9b65_19f025478b6_-7dcb"},{"type":"Feature","geometry":{"type":"Polygon","coordinates":[[[-126.65009908646587,52.94488743618551],[-126.59593673952736,52.91460981281293],[-126.59078311050652,52.87981637751254],[-126.64135118124715,52.847323753278886],[-126.6178779367915,52.81802562960466],[-126.5412533592366,52.81088820440569],[-126.51457051566305,52.7707059175477],[-126.42073949084615,52.79121346407339],[-126.34262426612517,52.82858436183685],[-126.35075879320408,52.703793712420996],[-126.41379808900963,52.68842684919589],[-126.45244920067034,52.651145676323104],[-126.35078016173091,52.53051941480809],[-126.30287894252828,52.54724248096411],[-126.23102647944224,52.518639728352895],[-126.21990205824095,52.49473650996531],[-126.14120866711258,52.55371586867717],[-126.13547131621303,52.5876337711699],[-126.06018296272157,52.57990565494195],[-125.880568506385,52.63494315866901],[-125.86052393196019,52.6301773973973],[-125.86175891581394,52.66176671813436],[-125.7792332385249,52.68232945309979],[-125.72448919609258,52.6750488944135],[-125.61820689603495,52.756926691678956],[-125.3576772906389,52.76526721722858],[-125.29731853751414,52.719830310323],[-125.14640219467208,52.72632470496634],[-125.11497155204295,52.73604315293753],[-125.01959951856382,52.718005897740575],[-124.96871023709289,52.72560547923357],[-124.93750823899686,52.696619257780156],[-124.87457735802522,52.696840366160515],[-124.83026078425515,52.7175380446304],[-124.87575133251624,52.77354294256153],[-124.74860304638831,52.80999237689514],[-124.73422389084834,52.79952230186434],[-124.6427373290758,52.83517773933747],[-124.57131513552946,52.77268877245285],[-124.52368056845675,52.75941976987048],[-124.48365678819926,52.77570560412358],[-124.45173404913665,52.744502600647984],[-124.38048617111946,52.72412287656509],[-124.25025948868567,52.74299080243703],[-124.23489748742442,52.72253702021034],[-124.14304417207667,52.727413512934305],[-124.12141470108072,52.706286078671994],[-124.00000000593977,52.66317613418481],[-124.00000000724866,52.49804258202714],[-123.63814308168502,52.49787749220636],[-122.60992993664142,52.50770358099644],[-122.44608771201733,52.506692391526094],[-122.36096258044114,52.355486218594095],[-122.28944604478872,52.34111452227707],[-122.26396315938429,52.25392157574184],[-122.272361764946,52.15762894254969],[-122.19363101801808,52.15164482764882],[-122.14647617437589,52.167859095539605],[-122.11756100562229,52.127988353779834],[-122.04410010534528,52.14166361180077],[-122.07708596086538,52.1842837897796],[-122.04865530580004,52.236070114095405],[-121.96980273189578,52.21287052051894],[-121.94548514655325,52.227844453724565],[-121.80002166685023,52.121597962043914],[-121.69818498332569,52.121548599706784],[-121.69814876108396,52.07775491691805],[-121.57453531836995,52.06576860160693],[-121.55760475757096,52.07819107699368],[-121.20517053758346,52.07481545557281],[-121.21206549807401,51.99134125351862],[-120.88585423061953,51.991702216023484],[-120.88570011742337,52.13793289627534],[-120.38969169722989,52.13792848418871],[-120.38623117191145,52.175948960671285],[-120.49406415509397,52.28540372355816],[-120.46609301790556,52.30403202595895],[-120.53657069555673,52.33536997378896],[-120.51252054324878,52.39243626286087],[-120.45763784998225,52.42253514739217],[-120.54366170270973,52.46447846961612],[-120.51413012348644,52.497861581809204],[-120.36549096295461,52.52716077303328],[-120.28100208467704,52.61472650666449],[-120.23836582085862,52.63874829016122],[-120.2896520731525,52.65404287437429],[-120.26237025648152,52.68241668522382],[-120.29743459260597,52.72503116640141],[-120.2742698558344,52.74907431281628],[-120.31060310688686,52.78096805742969],[-120.31158074780963,52.85830262678046],[-120.25943685751368,52.852352635917995],[-120.21242089994706,52.876913126760485],[-120.17269619950928,52.8574217538979],[-120.13945403121471,52.875815061949986],[-120.16448352132525,52.92640369084971],[-120.33405789582945,52.924911475052454],[-120.3659496696121,52.95764407986679],[-120.41442700527175,52.95624550605385],[-120.48195145142864,53.04586993393396],[-120.43317775285061,53.06665911847261],[-120.42038094578686,53.10666551586744],[-120.47892867963013,53.163480075585944],[-120.54264928373237,53.171853002630144],[-120.66971150087963,53.23001842558678],[-120.70950116917496,53.261308661954594],[-120.76640241312542,53.25045476238123],[-120.91469920948522,53.305932346009094],[-120.96061242159497,53.276904467065066],[-121.01463194284612,53.328085210662],[-120.99767795688436,53.37839113420551],[-121.02169060182989,53.42829258239147],[-121.04548958308389,53.39776679110845],[-121.12622085145789,53.401329450831774],[-121.22521831307056,53.376395104748646],[-121.28036653352065,53.41303716367772],[-121.2725351223343,53.44317307785518],[-121.5656779133247,53.44331763591875],[-121.57239195655897,53.448638481425974],[-122.1685983592085,53.4488954351298],[-122.21708062883918,53.50387382610333],[-122.26268510461344,53.50135083207878],[-122.323571479702,53.55481678333084],[-122.36027442542613,53.52638047801047],[-122.39935705219837,53.57456508668309],[-122.37965569163434,53.63595603324885],[-122.32001881441079,53.673680994652784],[-122.42836508661782,53.7463590853289],[-122.48879916204218,53.74027347962202],[-122.56051073127304,53.79365854368161],[-122.72120242063738,53.79366646243404],[-122.75386591237843,53.86986398645597],[-122.78042386611953,53.86921086189082],[-122.84690643110174,53.830533105142145],[-122.98578542953936,53.80594662265953],[-123.0317840855476,53.7492581044438],[-123.13272598469077,53.73079394187188],[-123.4785628423572,53.73147507045931],[-123.42215282411952,53.6764223263195],[-123.31934895025503,53.63666992214038],[-123.30372330073438,53.616479064200455],[-123.30440091873685,53.49980035543659],[-123.27941591796703,53.471155588416075],[-123.42551846364067,53.47081057334118],[-123.42549008935612,53.484868231667434],[-123.99952594369404,53.484112332900835],[-124.00312642680714,53.437966168588964],[-124.04576319389089,53.425824427627106],[-124.22444637364289,53.4355247175308],[-124.2699378739479,53.47535807377181],[-124.34427868405052,53.4427853370188],[-124.36297582603736,53.47090813193112],[-124.46170678738649,53.509465752371014],[-124.51159407136743,53.54339220010121],[-124.50748257339687,53.48968668791662],[-124.56123257748148,53.465011905009135],[-124.51118096799355,53.434290640769376],[-124.51475627202494,53.39427712231901],[-124.6340113429549,53.38903318283307],[-124.67401633941886,53.4063202365561],[-124.73347217047171,53.35853658777972],[-124.81532536043873,53.373750704388165],[-124.965344796226,53.44305842969513],[-124.99999929142326,53.43665589579776],[-124.99999998461948,53.000000066697],[-125.43599998627448,53.000000066266416],[-126.15800026619434,53.00000006637468],[-126.62302995930926,52.999999709922555],[-126.65009908646587,52.94488743618551]]]},"properties":{"ELECTORAL_DISTRICT_ID":313,"BOUNDARY_SET_ID":11,"ED_ABBREVIATION":"PRO","ED_NAME":"Prince George-North Cariboo","GAZETTE_DATE":"2023-12-07Z","FEATURE_AREA_SQM":41739999151.0312,"FEATURE_LENGTH_M":1697541.4812,"OBJECTID":2910,"SE_ANNO_CAD_DATA":null},"id":"WHSE_ADMIN_BOUNDARIES.EBC_PROV_ELECTORAL_DIST_SVW.fid--7e6e9b65_19f025478b6_-7dca"},{"type":"Feature","geometry":{"type":"Polygon","coordinates":[[[-122.8159149984154,53.90833313249829],[-122.78042386611953,53.86921086189082],[-122.75386591237843,53.86986398645597],[-122.72120242063738,53.79366646243404],[-122.56051073127304,53.79365854368161],[-122.48879916204218,53.74027347962202],[-122.42836508661782,53.7463590853289],[-122.32001881441079,53.673680994652784],[-122.37965569163434,53.63595603324885],[-122.39935705219837,53.57456508668309],[-122.36027442542613,53.52638047801047],[-122.323571479702,53.55481678333084],[-122.26268510461344,53.50135083207878],[-122.21708062883918,53.50387382610333],[-122.1685983592085,53.4488954351298],[-121.57239195655897,53.448638481425974],[-121.5656779133247,53.44331763591875],[-121.2725351223343,53.44317307785518],[-121.28036653352065,53.41303716367772],[-121.22521831307056,53.376395104748646],[-121.12622085145789,53.401329450831774],[-121.04548958308389,53.39776679110845],[-121.02169060182989,53.42829258239147],[-120.99767795688436,53.37839113420551],[-121.01463194284612,53.328085210662],[-120.96061242159497,53.276904467065066],[-120.91469920948522,53.305932346009094],[-120.76640241312542,53.25045476238123],[-120.70950116917496,53.261308661954594],[-120.66971150087963,53.23001842558678],[-120.54264928373237,53.171853002630144],[-120.47892867963013,53.163480075585944],[-120.42038094578686,53.10666551586744],[-120.43317775285061,53.06665911847261],[-120.48195145142864,53.04586993393396],[-120.41442700527175,52.95624550605385],[-120.3659496696121,52.95764407986679],[-120.33405789582945,52.924911475052454],[-120.16448352132525,52.92640369084971],[-120.13945403121471,52.875815061949986],[-120.04952865170816,52.8237388459576],[-120.01270401156765,52.75373254602034],[-119.89745553473435,52.715701526958426],[-119.76608904196006,52.65697157784958],[-119.76654265899683,52.608971688599475],[-119.73266080804403,52.613962314124244],[-119.6957379179231,52.57375741829287],[-119.69976949885803,52.53463715565035],[-119.65539032270165,52.52990438925235],[-119.65540172253289,52.48893049459185],[-119.62199172435027,52.47593830346145],[-119.56645542887878,52.39974858724438],[-119.4804727467094,52.36893318308296],[-119.47368536726803,52.34775522070279],[-119.53307941224065,52.310605409055604],[-119.51507600055331,52.228787922504814],[-119.48528987197169,52.20390683772967],[-119.52281391940569,52.13276801089311],[-119.48390852478941,52.109565456850426],[-119.57284071016282,52.04918043855546],[-119.4501603989998,52.02546033463719],[-119.44916952311007,51.925171324504355],[-119.51185629288894,51.890388063429384],[-119.47265708474832,51.848584220215166],[-119.52075681345227,51.80943828206975],[-119.59888111680009,51.79730325931033],[-119.69484817218927,51.678981565780475],[-119.69979664554451,51.479646701419],[-119.63050398033317,51.47964669956338],[-119.55098219298668,51.5986065582148],[-119.50736276677786,51.60292147904124],[-119.4634071138658,51.56423531543121],[-119.40426427289734,51.58635541298877],[-119.33656269827839,51.58616732800754],[-119.28364587148494,51.64687951496379],[-118.97349592687019,51.64680474295026],[-119.00484227229254,51.68858095253253],[-118.92576983203496,51.68714356846],[-118.89014974445234,51.73191750641587],[-118.89311302235679,51.786169558222554],[-118.94440505900134,51.79275082946883],[-118.98267411521749,51.93507349701479],[-118.90719819901962,51.9277872420218],[-118.89079529433593,51.95174636009759],[-118.97362675597843,51.97551997536325],[-118.94072106946439,52.03111256417862],[-118.8484056634231,52.049399412656186],[-118.86737107768226,52.10197623807299],[-118.83620675513352,52.163329041452826],[-118.75487201218768,52.1838907084488],[-118.68769124683222,52.14929096541243],[-118.57973159191533,52.18888362995308],[-118.56396240493244,52.29062345086554],[-118.51040151326978,52.28528943126844],[-118.49403230785532,52.31074112024719],[-118.39310936761807,52.33333086180847],[-118.36160150086577,52.362542820257836],[-118.30649305951881,52.36092705478076],[-118.29654436289195,52.33286977367875],[-118.22530651853154,52.379598083165455],[-118.25309722382256,52.44368145230229],[-118.19499725211118,52.47748577460384],[-118.28865111855923,52.52530360418519],[-118.28347089538184,52.571147479826614],[-118.3283596664888,52.57768602489973],[-118.35682414719834,52.61530402321091],[-118.29701601805377,52.67072677527173],[-118.34455665270643,52.70899100851594],[-118.33855900736403,52.73745098467857],[-118.41488893055102,52.768598087738454],[-118.39879388632436,52.81998071350847],[-118.46094264200518,52.888907818438796],[-118.54383880333953,52.908950717274124],[-118.61579262774842,52.88144068882463],[-118.61111216398614,52.93677122320212],[-118.67305771689351,52.97808255233145],[-118.64137377718633,53.000811509193746],[-118.66752963899204,53.0418216187557],[-118.73509184098593,53.05860236563148],[-118.77533202444857,53.043961492991656],[-118.72886851179757,53.11242893502403],[-118.79243763953563,53.161619346717785],[-118.94870705063505,53.237364497788576],[-119.0187747717202,53.23215545200395],[-118.996018926561,53.193606376382284],[-119.0249999824271,53.170694052129846],[-119.0276419934398,53.124229933637864],[-119.0872161261762,53.16364101197498],[-119.15693090982865,53.18750114760053],[-119.20678883131673,53.185391892755455],[-119.22383266902553,53.22260327997111],[-119.26782948086445,53.21820069253327],[-119.34307069042273,53.28651966027051],[-119.36029581957922,53.34257226841978],[-119.40495226833886,53.36562380928864],[-119.45376920817964,53.350333497460845],[-119.60653519559727,53.38508206972667],[-119.61416336808018,53.36119060140143],[-119.68065785742587,53.37012324345899],[-119.73504599091291,53.406366166967715],[-119.83658759884844,53.51795047915968],[-119.9012022714981,53.5165608069184],[-119.86543524048379,53.54655786150682],[-119.90292868981292,53.62001644479286],[-119.74990674724157,53.59048047791975],[-119.71660434556044,53.616247274327044],[-119.73988683501976,53.66444999680249],[-119.78909538191306,53.70232755690985],[-119.9010119997118,53.70840786259967],[-119.88881211131148,53.77624865249588],[-119.96048112447562,53.778662331303394],[-120.00000444727846,53.802549527286544],[-120.03372839601224,53.80627703911494],[-120.05416456377878,53.84871990295694],[-120.02167342196441,53.86633131997026],[-120.07050244141126,53.90466569498601],[-120.06292216365497,53.96015146827775],[-120.10266274308414,53.9861945607262],[-120.15610661030868,53.94254218782941],[-120.22076889790604,53.948768119189516],[-120.2062980526992,53.972827644268094],[-120.26222655611731,53.979715120641835],[-120.23063920295901,54.043529314497995],[-120.20754203803097,54.02960695565052],[-120.16682007831439,54.071227337865295],[-120.18682817905724,54.118936571609325],[-120.33546151604277,54.10639854427652],[-120.39977649826643,54.1248075189324],[-120.51171572969486,54.12854428823705],[-120.58690178777107,54.18096623103976],[-120.58216885060658,54.256070488072105],[-120.60693149662339,54.28969607154194],[-120.68128304281589,54.282446846071196],[-120.73119162375527,54.30048623819626],[-120.66006423468511,54.3588460656262],[-120.73423332353904,54.40927304693975],[-120.77440843339853,54.39649112340827],[-120.82566027810377,54.49347622152394],[-120.87946573296601,54.48623411759594],[-120.87700511712126,54.461911113141085],[-120.93498737288716,54.45006169113849],[-121.00288338490947,54.46636782042045],[-121.08013685259606,54.45103549443534],[-121.12969264282066,54.480379192543815],[-121.12745486307911,54.549251821223514],[-121.24974430747646,54.548224966316944],[-121.2703370122779,54.51722348899074],[-121.40056893050027,54.534619850818444],[-121.43248766786614,54.56912096620517],[-121.44436161477587,54.51686423190841],[-121.41264332963749,54.49098812823768],[-121.47129934427639,54.41231480190021],[-121.56315645132955,54.43923876841086],[-121.58039246322473,54.407237851954584],[-121.66416312439898,54.3888064462931],[-121.68727944565728,54.41052350302872],[-121.76616152616475,54.4185902245137],[-121.86602177918671,54.45459459377077],[-121.87309047382604,54.39771380754957],[-121.94934375735335,54.43790285984239],[-122.06666788166642,54.44247920084677],[-122.09443913775961,54.49031874989148],[-122.10843318468746,54.460607961522456],[-122.14867227573195,54.48857978996403],[-122.18453183108794,54.47107946143505],[-122.22667144119616,54.49136858470375],[-122.1956748887269,54.53676858881044],[-122.22995251642448,54.552134291386544],[-122.23001954769286,54.20482921485117],[-122.27079975754116,54.205690862051696],[-122.36915389892229,54.258998662292356],[-122.53819863869226,54.206389436778814],[-122.57262387964367,54.12933401264997],[-122.5102705494862,54.08607400902239],[-122.61420889914925,54.04620255536306],[-122.60757505052084,54.00578135661785],[-122.67955542334523,53.996177912408534],[-122.6556991135999,53.96216672471996],[-122.70413359199698,53.96461031187043],[-122.68311767788674,53.91457392012531],[-122.78043362607143,53.92713758307588],[-122.8159149984154,53.90833313249829]]]},"properties":{"ELECTORAL_DISTRICT_ID":314,"BOUNDARY_SET_ID":11,"ED_ABBREVIATION":"PRV","ED_NAME":"Prince George-Valemount","GAZETTE_DATE":"2023-12-07Z","FEATURE_AREA_SQM":33427203161.9296,"FEATURE_LENGTH_M":1771470.2693,"OBJECTID":2911,"SE_ANNO_CAD_DATA":null},"id":"WHSE_ADMIN_BOUNDARIES.EBC_PROV_ELECTORAL_DIST_SVW.fid--7e6e9b65_19f025478b6_-7dc9"},{"type":"Feature","geometry":{"type":"Polygon","coordinates":[[[-123.204701,49.189846],[-123.20089599542102,49.15563488771216],[-123.15893106423015,49.15557971240009],[-123.1140033483412,49.17728679956415],[-123.12552683598095,49.1997586876909],[-123.14134877199423,49.203328793466966],[-123.137603,49.195705],[-123.156972,49.205308],[-123.179799,49.209866],[-123.198313,49.205634],[-123.204701,49.189846]]]},"properties":{"ELECTORAL_DISTRICT_ID":315,"BOUNDARY_SET_ID":11,"ED_ABBREVIATION":"RCB","ED_NAME":"Richmond-Bridgeport","GAZETTE_DATE":"2023-12-07Z","FEATURE_AREA_SQM":452529550.5829,"FEATURE_LENGTH_M":117805.9169,"OBJECTID":2912,"SE_ANNO_CAD_DATA":null},"id":"WHSE_ADMIN_BOUNDARIES.EBC_PROV_ELECTORAL_DIST_SVW.fid--7e6e9b65_19f025478b6_-7dc8"},{"type":"Feature","geometry":{"type":"Polygon","coordinates":[[[-123.06984682886635,49.25958829965976],[-123.02362572603086,49.25821037664473],[-123.023623353103,49.26100075857414],[-123.0233069509789,49.293714776231795],[-123.03665983326175,49.295513463732924],[-123.03850263144555,49.295636107235026],[-123.04058370563011,49.2957742201993],[-123.056549,49.294257],[-123.06604201540648,49.28836805003797],[-123.06984682886635,49.25958829965976]]]},"properties":{"ELECTORAL_DISTRICT_ID":334,"BOUNDARY_SET_ID":11,"ED_ABBREVIATION":"VHA","ED_NAME":"Vancouver-Hastings","GAZETTE_DATE":"2023-12-07Z","FEATURE_AREA_SQM":13688951.5641,"FEATURE_LENGTH_M":14998.6327,"OBJECTID":2931,"SE_ANNO_CAD_DATA":null},"id":"WHSE_ADMIN_BOUNDARIES.EBC_PROV_ELECTORAL_DIST_SVW.fid--7e6e9b65_19f025478b6_-7dc7"},{"type":"Feature","geometry":{"type":"Polygon","coordinates":[[[-123.10589901881234,49.22574552443576],[-123.09071120996222,49.22544287909007],[-123.04309049433823,49.23294988686489],[-123.06517377750123,49.24514325601066],[-123.08979039675815,49.256692346185076],[-123.10589901881234,49.22574552443576]]]},"properties":{"ELECTORAL_DISTRICT_ID":335,"BOUNDARY_SET_ID":11,"ED_ABBREVIATION":"VKE","ED_NAME":"Vancouver-Kensington","GAZETTE_DATE":"2023-12-07Z","FEATURE_AREA_SQM":8684174.5994,"FEATURE_LENGTH_M":14514.5615,"OBJECTID":2932,"SE_ANNO_CAD_DATA":null},"id":"WHSE_ADMIN_BOUNDARIES.EBC_PROV_ELECTORAL_DIST_SVW.fid--7e6e9b65_19f025478b6_-7dc6"},{"type":"Feature","geometry":{"type":"Polygon","coordinates":[[[-123.14842397612257,49.21002488235468],[-123.143381,49.207465],[-123.14134877199423,49.203328793466966],[-123.12552683598095,49.1997586876909],[-123.08088770289388,49.20726512090807],[-123.09071120996222,49.22544287909007],[-123.10589901881234,49.22574552443576],[-123.12807604386732,49.23395573505009],[-123.14842397612257,49.21002488235468]]]},"properties":{"ELECTORAL_DISTRICT_ID":336,"BOUNDARY_SET_ID":11,"ED_ABBREVIATION":"VLA","ED_NAME":"Vancouver-Langara","GAZETTE_DATE":"2023-12-07Z","FEATURE_AREA_SQM":12492942.4066,"FEATURE_LENGTH_M":17493.6476,"OBJECTID":2933,"SE_ANNO_CAD_DATA":null},"id":"WHSE_ADMIN_BOUNDARIES.EBC_PROV_ELECTORAL_DIST_SVW.fid--7e6e9b65_19f025478b6_-7dc5"},{"type":"Feature","geometry":{"type":"Polygon","coordinates":[[[-123.12807604386732,49.23395573505009],[-123.10589901881234,49.22574552443576],[-123.08979039675815,49.256692346185076],[-123.10002057884228,49.27282018669453],[-123.1148343367303,49.27188086552626],[-123.1272104306293,49.257116939751555],[-123.12807604386732,49.23395573505009]]]},"properties":{"ELECTORAL_DISTRICT_ID":337,"BOUNDARY_SET_ID":11,"ED_ABBREVIATION":"VLM","ED_NAME":"Vancouver-Little Mountain","GAZETTE_DATE":"2023-12-07Z","FEATURE_AREA_SQM":9750685.7348,"FEATURE_LENGTH_M":15525.3004,"OBJECTID":2934,"SE_ANNO_CAD_DATA":null},"id":"WHSE_ADMIN_BOUNDARIES.EBC_PROV_ELECTORAL_DIST_SVW.fid--7e6e9b65_19f025478b6_-7dc4"},{"type":"Feature","geometry":{"type":"Polygon","coordinates":[[[-123.246897,49.274644],[-123.235911,49.249986],[-123.211008,49.23664],[-123.2103955312482,49.23641765274244],[-123.1602851771571,49.2574035617169],[-123.1636690184863,49.27785826218885],[-123.175282,49.276597],[-123.218251,49.279202],[-123.246897,49.274644]]]},"properties":{"ELECTORAL_DISTRICT_ID":338,"BOUNDARY_SET_ID":11,"ED_ABBREVIATION":"VNP","ED_NAME":"Vancouver-Point Grey","GAZETTE_DATE":"2023-12-07Z","FEATURE_AREA_SQM":40768423.2253,"FEATURE_LENGTH_M":33521.4423,"OBJECTID":2935,"SE_ANNO_CAD_DATA":null},"id":"WHSE_ADMIN_BOUNDARIES.EBC_PROV_ELECTORAL_DIST_SVW.fid--7e6e9b65_19f025478b6_-7dc3"},{"type":"Feature","geometry":{"type":"Polygon","coordinates":[[[-123.2103955312482,49.23641765274244],[-123.175364,49.2237],[-123.14842397612257,49.21002488235468],[-123.12807604386732,49.23395573505009],[-123.1272104306293,49.257116939751555],[-123.1602851771571,49.2574035617169],[-123.2103955312482,49.23641765274244]]]},"properties":{"ELECTORAL_DISTRICT_ID":339,"BOUNDARY_SET_ID":11,"ED_ABBREVIATION":"VNQ","ED_NAME":"Vancouver-Quilchena","GAZETTE_DATE":"2023-12-07Z","FEATURE_AREA_SQM":24227383.6587,"FEATURE_LENGTH_M":25439.7329,"OBJECTID":2936,"SE_ANNO_CAD_DATA":null},"id":"WHSE_ADMIN_BOUNDARIES.EBC_PROV_ELECTORAL_DIST_SVW.fid--7e6e9b65_19f025478b6_-7dc2"},{"type":"Feature","geometry":{"type":"Polygon","coordinates":[[[-123.06984682886635,49.25958829965976],[-123.06517377750123,49.24514325601066],[-123.04309049433823,49.23294988686489],[-123.02351212012975,49.229234480653396],[-123.02353595859582,49.23229190262147],[-123.02362572603086,49.25821037664473],[-123.06984682886635,49.25958829965976]]]},"properties":{"ELECTORAL_DISTRICT_ID":340,"BOUNDARY_SET_ID":11,"ED_ABBREVIATION":"VNR","ED_NAME":"Vancouver-Renfrew","GAZETTE_DATE":"2023-12-07Z","FEATURE_AREA_SQM":8020159.0626,"FEATURE_LENGTH_M":12517.8011,"OBJECTID":2937,"SE_ANNO_CAD_DATA":null},"id":"WHSE_ADMIN_BOUNDARIES.EBC_PROV_ELECTORAL_DIST_SVW.fid--7e6e9b65_19f025478b6_-7dc1"},{"type":"Feature","geometry":{"type":"Polygon","coordinates":[[[-123.13715112613225,49.27540415340805],[-123.1148343367303,49.27188086552626],[-123.10002057884228,49.27282018669453],[-123.10251070753093,49.28872294234531],[-123.10758244430647,49.28875696026199],[-123.13715112613225,49.27540415340805]]]},"properties":{"ELECTORAL_DISTRICT_ID":344,"BOUNDARY_SET_ID":11,"ED_ABBREVIATION":"VNY","ED_NAME":"Vancouver-Yaletown","GAZETTE_DATE":"2023-12-07Z","FEATURE_AREA_SQM":3526584.3718,"FEATURE_LENGTH_M":9689.0129,"OBJECTID":2941,"SE_ANNO_CAD_DATA":null},"id":"WHSE_ADMIN_BOUNDARIES.EBC_PROV_ELECTORAL_DIST_SVW.fid--7e6e9b65_19f025478b6_-7dc0"},{"type":"Feature","geometry":{"type":"Polygon","coordinates":[[[-119.45398893233347,50.151511883544],[-119.40991095601055,50.18028411728041],[-119.35346591504349,50.180360312060394],[-119.35340672323146,50.20922333938608],[-119.21685127951636,50.252902772672435],[-119.06888798946572,50.24894667529097],[-119.06882895408363,50.223489644715556],[-119.2278133395128,50.194641336274174],[-119.22218119016408,50.18018691504367],[-118.67238960118293,50.180080013359635],[-118.69548118448122,50.23915505749034],[-118.79080598120139,50.24496379235902],[-118.7907682315231,50.27047055571779],[-118.6777129967718,50.244431990193036],[-118.6331736139617,50.260605862992676],[-118.69530001662457,50.26786698652443],[-118.69430934777309,50.488635376191304],[-119.00147340250665,50.48878246633206],[-119.05886725645557,50.44506529123393],[-119.1496819041949,50.4416646350763],[-119.17199011989335,50.4124640705998],[-119.1719196855672,50.340062962068174],[-119.27788091896902,50.34004302394996],[-119.28529391469326,50.303817546014095],[-119.35296258798641,50.2603845009742],[-119.42440969065265,50.25308364725763],[-119.45398893233347,50.151511883544]]]},"properties":{"ELECTORAL_DISTRICT_ID":345,"BOUNDARY_SET_ID":11,"ED_ABBREVIATION":"VRL","ED_NAME":"Vernon-Lumby","GAZETTE_DATE":"2023-12-07Z","FEATURE_AREA_SQM":1265308335.3632,"FEATURE_LENGTH_M":269731.0912,"OBJECTID":2942,"SE_ANNO_CAD_DATA":null},"id":"WHSE_ADMIN_BOUNDARIES.EBC_PROV_ELECTORAL_DIST_SVW.fid--7e6e9b65_19f025478b6_-7dbf"},{"type":"Feature","geometry":{"type":"Polygon","coordinates":[[[-123.39032355967807,48.41884710306037],[-123.357045,48.40058],[-123.3319058718625,48.40453310243225],[-123.3291930334396,48.43364406370572],[-123.37796229077757,48.43440720916092],[-123.39032355967807,48.41884710306037]]]},"properties":{"ELECTORAL_DISTRICT_ID":346,"BOUNDARY_SET_ID":11,"ED_ABBREVIATION":"VTB","ED_NAME":"Victoria-Beacon Hill","GAZETTE_DATE":"2023-12-07Z","FEATURE_AREA_SQM":83152939.2402,"FEATURE_LENGTH_M":49105.0362,"OBJECTID":2943,"SE_ANNO_CAD_DATA":null},"id":"WHSE_ADMIN_BOUNDARIES.EBC_PROV_ELECTORAL_DIST_SVW.fid--7e6e9b65_19f025478b6_-7dbe"},{"type":"Feature","geometry":{"type":"Polygon","coordinates":[[[-123.4211334438199,48.46406909209859],[-123.37796229077757,48.43440720916092],[-123.3291930334396,48.43364406370572],[-123.33533042545216,48.46864828139577],[-123.4211334438199,48.46406909209859]]]},"properties":{"ELECTORAL_DISTRICT_ID":347,"BOUNDARY_SET_ID":11,"ED_ABBREVIATION":"VTS","ED_NAME":"Victoria-Swan Lake","GAZETTE_DATE":"2023-12-07Z","FEATURE_AREA_SQM":18299924.2275,"FEATURE_LENGTH_M":22502.0498,"OBJECTID":2944,"SE_ANNO_CAD_DATA":null},"id":"WHSE_ADMIN_BOUNDARIES.EBC_PROV_ELECTORAL_DIST_SVW.fid--7e6e9b65_19f025478b6_-7dbd"},{"type":"Feature","geometry":{"type":"Polygon","coordinates":[[[-120.0553147641656,49.8557698212708],[-119.9781638257233,49.82420400085763],[-119.97812038405328,49.76596451908598],[-119.8362484994457,49.76549880119647],[-119.83563066678687,49.71232096118795],[-119.72894716395143,49.71229959729933],[-119.74157483531022,49.72482053542192],[-119.69538959034534,49.7759821825059],[-119.57393840411389,49.80593336319701],[-119.53234352019702,49.82854145693751],[-119.51185321147652,49.876178328591514],[-119.51827453609395,49.90397708702218],[-119.47536332181011,49.975696407574496],[-119.46610808231475,50.0176856416532],[-119.48479168850801,50.09823025611815],[-119.47705010159652,50.15150966223761],[-119.47158600119542,50.234862668514914],[-119.76059565171549,50.23584082872777],[-119.74675458531159,50.20525228803773],[-119.83091351300733,50.18238767466527],[-119.77697216212113,50.1465745049897],[-119.77760283172178,50.12048049695567],[-119.7299270021641,50.106823041751916],[-119.80375090252237,50.022957760069744],[-119.7720301056903,50.01428361297934],[-119.88377104386993,49.96766674730866],[-119.9310758644797,49.93409385956845],[-119.95358439013054,49.946387081759596],[-120.0386779969501,49.906624421754415],[-120.0553147641656,49.8557698212708]]]},"properties":{"ELECTORAL_DISTRICT_ID":348,"BOUNDARY_SET_ID":11,"ED_ABBREVIATION":"WKP","ED_NAME":"West Kelowna-Peachland","GAZETTE_DATE":"2023-12-07Z","FEATURE_AREA_SQM":1437842555.9793,"FEATURE_LENGTH_M":221718.9543,"OBJECTID":2945,"SE_ANNO_CAD_DATA":null},"id":"WHSE_ADMIN_BOUNDARIES.EBC_PROV_ELECTORAL_DIST_SVW.fid--7e6e9b65_19f025478b6_-7dbc"},{"type":"Feature","geometry":{"type":"Polygon","coordinates":[[[-123.23796380687182,49.349022239316184],[-123.2206315489421,49.343123450655085],[-123.211985,49.34276],[-123.11085500038674,49.32376822743444],[-123.07201004821536,49.33565745861808],[-123.06989998503782,49.40795424338341],[-123.14086283000903,49.406650365388934],[-123.19010378090184,49.40668827753213],[-123.190946227142,49.347208508191216],[-123.23796380687182,49.349022239316184]]]},"properties":{"ELECTORAL_DISTRICT_ID":349,"BOUNDARY_SET_ID":11,"ED_ABBREVIATION":"WVC","ED_NAME":"West Vancouver-Capilano","GAZETTE_DATE":"2023-12-07Z","FEATURE_AREA_SQM":81118037.3833,"FEATURE_LENGTH_M":47497.4631,"OBJECTID":2946,"SE_ANNO_CAD_DATA":null},"id":"WHSE_ADMIN_BOUNDARIES.EBC_PROV_ELECTORAL_DIST_SVW.fid--7e6e9b65_19f025478b6_-7dbb"},{"type":"Feature","geometry":{"type":"MultiPolygon","coordinates":[[[[-124.00530310365404,50.50428961358035],[-123.93492075261966,50.448738327428515],[-123.90884894479146,50.34774835222745],[-123.86795894749723,50.300546849577984],[-123.76556362879728,50.2608213769487],[-123.70198709053412,50.22209071523257],[-123.7055789182221,50.18901630058732],[-123.66286350653401,50.210067895672125],[-123.58255178131195,50.172592318015965],[-123.5976577460768,50.094745033940654],[-123.65016717571457,50.08519001313735],[-123.63539770133285,50.00203149545995],[-123.6070874831371,50.01445095752243],[-123.5873859766381,49.97147045508662],[-123.61935802634429,49.93092000908134],[-123.55039970090583,49.92105059438157],[-123.58446304284521,49.86246574207461],[-123.55030564885787,49.8392835299299],[-123.5491973786674,49.87525727789244],[-123.48674450219409,49.909399850148645],[-123.32499981172161,49.846142522210016],[-123.33230883453334,49.82073961156638],[-123.27627091115963,49.7426982788232],[-123.33748907437086,49.744047360746336],[-123.31876414727003,49.720561792118566],[-123.37146216159039,49.67249971042501],[-123.2997186803282,49.61041984800031],[-123.31082374916639,49.591344343642916],[-123.27407694746928,49.58757417732414],[-123.266591,49.591376],[-123.256418,49.593004],[-123.248606,49.597805],[-123.245473,49.613105],[-123.246571,49.625556],[-123.252919,49.650051],[-123.247426,49.658271],[-123.239247,49.667426],[-123.228424,49.674872],[-123.215077,49.677965],[-123.202789,49.682278],[-123.18814,49.691596],[-123.17101,49.705268],[-123.153961,49.692939],[-123.169993,49.674994],[-123.211985,49.650051],[-123.204661,49.63581],[-123.206899,49.621568],[-123.215077,49.609931],[-123.225657,49.603461],[-123.226186,49.598538],[-123.224721,49.596991],[-123.221832,49.59691],[-123.21817,49.596015],[-123.225819,49.584703],[-123.240102,49.554999],[-123.251129,49.522854],[-123.252187,49.511786],[-123.240102,49.441555],[-123.241078,49.426093],[-123.245473,49.411078],[-123.256459,49.396552],[-123.283844,49.382554],[-123.293935,49.370103],[-123.283559,49.363349],[-123.276601,49.351549],[-123.270009,49.335354],[-123.228424,49.343451],[-123.2206315489421,49.343123450655085],[-123.23796380687182,49.349022239316184],[-123.190946227142,49.347208508191216],[-123.19010378090184,49.40668827753213],[-123.14086283000903,49.406650365388934],[-123.10750414415767,49.43583136111739],[-123.09850362691225,49.546648024252775],[-122.91730875197926,49.54664090370642],[-122.94030977291844,49.569970164927206],[-122.80415895632514,49.569890053318396],[-122.84734922827637,49.60679452316264],[-122.80306855905097,49.62334490431588],[-122.85327074242635,49.66748898542816],[-122.80619569843853,49.70911542173815],[-122.85193135540449,49.742540547626696],[-122.88133222301391,49.82735257196262],[-123.00467383143835,49.850951364858176],[-122.92990734145648,49.91660599293059],[-122.88529817019736,49.892571035652466],[-122.85607543623539,49.91893920452803],[-122.75194027255489,49.92590465587194],[-122.74566393810221,49.890157000346846],[-122.65618208028035,49.87152406985818],[-122.59089814335157,49.87998244873316],[-122.61326185231715,49.833450680057865],[-122.6514687092464,49.83610825534857],[-122.64287218220684,49.78169313096001],[-122.50958128319029,49.785388242542744],[-122.42014491731274,49.75288280014882],[-122.41410039640826,49.723766975736005],[-122.47463151333201,49.69864894210394],[-121.70164778480053,49.70237542455435],[-121.73237809963874,49.73655100980899],[-121.70506967721614,49.78696163287205],[-121.71286253153764,49.82299128643476],[-121.77202965167261,49.87163783121241],[-121.79219947372204,49.8402156708337],[-121.86085380368675,49.87964137284036],[-121.94952964674299,49.85553803131355],[-121.9930025046666,49.818694446512794],[-122.04023692454253,49.81813274403815],[-122.10567601021499,49.848248077711006],[-122.16902904143721,49.913245352532215],[-122.22615472599156,49.915283591298866],[-122.27055429348309,49.96310009853293],[-122.25265700281075,49.97717014105424],[-122.25838444133389,50.04457298569093],[-122.29007415673797,50.053108984705446],[-122.22232156170242,50.11981539106295],[-122.25713145597418,50.12209377006016],[-122.31827621844981,50.187162336078536],[-122.27588799511447,50.22514778095017],[-122.35962521623702,50.23311017901498],[-122.37041946408065,50.31663392980995],[-122.44191415781304,50.32978802031291],[-122.52253445018043,50.4164399255226],[-122.47569869542887,50.44254415508594],[-122.40963186516164,50.39744015928259],[-122.31903848596222,50.418853397257095],[-122.2857872886807,50.47987269402991],[-122.3344837195776,50.51998404258467],[-122.45582563032153,50.55837422909006],[-122.41344258258972,50.58579498358391],[-122.44746439610279,50.61818106039144],[-122.47924328381316,50.566343484150636],[-122.6193632795192,50.60304820882204],[-122.6290144563554,50.6522087080184],[-122.70390963234067,50.64197327513936],[-122.76559153863158,50.660693083503624],[-122.82671258738264,50.64906414047944],[-122.86631774351906,50.61588988685572],[-122.93940299711512,50.59475104923075],[-122.95305383080807,50.54936885567122],[-123.03536987578376,50.60341280639428],[-123.05236841440743,50.576831718854194],[-123.17644839977521,50.650831144934415],[-123.22012900582656,50.70832096456853],[-123.26660839518485,50.7304095565138],[-123.32021438739352,50.724689931799084],[-123.36160560871566,50.75331047506199],[-123.36816301324635,50.795880267488336],[-123.40772332266847,50.77317658291348],[-123.45942877153028,50.79892887237016],[-123.49607433704381,50.77140435497927],[-123.55325426604924,50.79273616300662],[-123.60238932774344,50.774303136118164],[-123.6289926407471,50.79097052141386],[-123.71956731662476,50.793756387827806],[-123.72895022296662,50.83049729416135],[-123.82729007526615,50.83406814342834],[-123.79297492386547,50.79603249528976],[-123.83731275415789,50.7761985995483],[-123.82458222358656,50.70122394599598],[-123.78113691144412,50.72338855990042],[-123.73094333093854,50.69248677693885],[-123.75520083795412,50.652507439553105],[-123.75880460333933,50.56823554660767],[-123.74331826711062,50.54367861685438],[-123.8539751932249,50.51438334144587],[-123.93427526636167,50.532311289480326],[-124.00530310365404,50.50428961358035]]],[[[-123.429433,49.346747],[-123.426178,49.340074],[-123.416005,49.337226],[-123.384755,49.335517],[-123.375885,49.337104],[-123.359364,49.342922],[-123.344106,49.35578],[-123.336578,49.364569],[-123.330678,49.37287],[-123.326568,49.381496],[-123.330149,49.381537],[-123.330149,49.384182],[-123.325429,49.389635],[-123.319203,49.399319],[-123.315175,49.413398],[-123.326324,49.420478],[-123.349965,49.417548],[-123.3697,49.411363],[-123.384674,49.404039],[-123.418121,49.380927],[-123.425771,49.367499],[-123.426991,49.355414],[-123.429433,49.346747]]],[[[-123.161936,49.299994],[-123.15625572893535,49.294007752469625],[-123.14628386090594,49.3087959514536],[-123.154897,49.308539],[-123.161936,49.299994]]]]},"properties":{"ELECTORAL_DISTRICT_ID":350,"BOUNDARY_SET_ID":11,"ED_ABBREVIATION":"WVS","ED_NAME":"West Vancouver-Sea to Sky","GAZETTE_DATE":"2023-12-07Z","FEATURE_AREA_SQM":11697600878.9312,"FEATURE_LENGTH_M":1073428.3845,"OBJECTID":2947,"SE_ANNO_CAD_DATA":null},"id":"WHSE_ADMIN_BOUNDARIES.EBC_PROV_ELECTORAL_DIST_SVW.fid--7e6e9b65_19f025478b6_-7dba"},{"type":"Feature","geometry":{"type":"Polygon","coordinates":[[[-123.1636690184863,49.27785826218885],[-123.1602851771571,49.2574035617169],[-123.1272104306293,49.257116939751555],[-123.1148343367303,49.27188086552626],[-123.13715112613225,49.27540415340805],[-123.15234762261001,49.27908785585753],[-123.1636690184863,49.27785826218885]]]},"properties":{"ELECTORAL_DISTRICT_ID":341,"BOUNDARY_SET_ID":11,"ED_ABBREVIATION":"VNS","ED_NAME":"Vancouver-South Granville","GAZETTE_DATE":"2023-12-07Z","FEATURE_AREA_SQM":7168586.8184,"FEATURE_LENGTH_M":12711.1471,"OBJECTID":2938,"SE_ANNO_CAD_DATA":null},"id":"WHSE_ADMIN_BOUNDARIES.EBC_PROV_ELECTORAL_DIST_SVW.fid--7e6e9b65_19f025478b6_-7db9"},{"type":"Feature","geometry":{"type":"Polygon","coordinates":[[[-123.10251070753093,49.28872294234531],[-123.10002057884228,49.27282018669453],[-123.08979039675815,49.256692346185076],[-123.06517377750123,49.24514325601066],[-123.06984682886635,49.25958829965976],[-123.06604201540648,49.28836805003797],[-123.067372,49.287543],[-123.074208,49.294379],[-123.090443,49.288642],[-123.10251070753093,49.28872294234531]]]},"properties":{"ELECTORAL_DISTRICT_ID":342,"BOUNDARY_SET_ID":11,"ED_ABBREVIATION":"VNT","ED_NAME":"Vancouver-Strathcona","GAZETTE_DATE":"2023-12-07Z","FEATURE_AREA_SQM":12127252.3468,"FEATURE_LENGTH_M":17890.0989,"OBJECTID":2939,"SE_ANNO_CAD_DATA":null},"id":"WHSE_ADMIN_BOUNDARIES.EBC_PROV_ELECTORAL_DIST_SVW.fid--7e6e9b65_19f025478b6_-7db8"},{"type":"Feature","geometry":{"type":"Polygon","coordinates":[[[-123.15625572893535,49.294007752469625],[-123.143056,49.280097],[-123.15234762261001,49.27908785585753],[-123.13715112613225,49.27540415340805],[-123.10758244430647,49.28875696026199],[-123.108632,49.288764],[-123.123362,49.294379],[-123.129465,49.304918],[-123.138539,49.309027],[-123.14628386090594,49.3087959514536],[-123.15625572893535,49.294007752469625]]]},"properties":{"ELECTORAL_DISTRICT_ID":343,"BOUNDARY_SET_ID":11,"ED_ABBREVIATION":"VNW","ED_NAME":"Vancouver-West End","GAZETTE_DATE":"2023-12-07Z","FEATURE_AREA_SQM":14342308.3629,"FEATURE_LENGTH_M":15397.2815,"OBJECTID":2940,"SE_ANNO_CAD_DATA":null},"id":"WHSE_ADMIN_BOUNDARIES.EBC_PROV_ELECTORAL_DIST_SVW.fid--7e6e9b65_19f025478b6_-7db7"},{"type":"Feature","geometry":{"type":"Polygon","coordinates":[[[-123.15893106423015,49.15557971240009],[-123.13664666742761,49.15557935682624],[-123.1140033483412,49.17728679956415],[-123.15893106423015,49.15557971240009]]]},"properties":{"ELECTORAL_DISTRICT_ID":316,"BOUNDARY_SET_ID":11,"ED_ABBREVIATION":"RCC","ED_NAME":"Richmond Centre","GAZETTE_DATE":"2023-12-07Z","FEATURE_AREA_SQM":6626498.498,"FEATURE_LENGTH_M":11382.0756,"OBJECTID":2913,"SE_ANNO_CAD_DATA":null},"id":"WHSE_ADMIN_BOUNDARIES.EBC_PROV_ELECTORAL_DIST_SVW.fid--7e6e9b65_19f025478b6_-7db6"},{"type":"Feature","geometry":{"type":"MultiPolygon","coordinates":[[[[-123.13664666742761,49.15557935682624],[-123.13638777840615,49.11579856321313],[-123.123402,49.115871],[-123.081125,49.128363],[-123.040679,49.151028],[-123.05014760359897,49.13166581684772],[-122.99341120296482,49.154869656194656],[-122.9185460072015,49.19514706950122],[-122.94186738521908,49.19773105897609],[-122.95092701935336,49.194320700050696],[-123.02339192964926,49.200000091233214],[-123.08088770289388,49.20726512090807],[-123.12552683598095,49.1997586876909],[-123.1140033483412,49.17728679956415],[-123.13664666742761,49.15557935682624]]],[[[-123.10247762513004,49.090207668969704],[-123.09542865320742,49.08998098501462],[-123.09267888822018,49.095855713969456],[-123.10247762513004,49.090207668969704]]]]},"properties":{"ELECTORAL_DISTRICT_ID":317,"BOUNDARY_SET_ID":11,"ED_ABBREVIATION":"RCQ","ED_NAME":"Richmond-Queensborough","GAZETTE_DATE":"2023-12-07Z","FEATURE_AREA_SQM":90460782.4603,"FEATURE_LENGTH_M":56777.8138,"OBJECTID":2914,"SE_ANNO_CAD_DATA":null},"id":"WHSE_ADMIN_BOUNDARIES.EBC_PROV_ELECTORAL_DIST_SVW.fid--7e6e9b65_19f025478b6_-7db5"},{"type":"Feature","geometry":{"type":"Polygon","coordinates":[[[-123.211985,49.12995],[-123.167144,49.115627],[-123.13638777840615,49.11579856321313],[-123.13664666742761,49.15557935682624],[-123.15893106423015,49.15557971240009],[-123.20089599542102,49.15563488771216],[-123.200103,49.148505],[-123.211985,49.136705],[-123.211985,49.12995]]]},"properties":{"ELECTORAL_DISTRICT_ID":318,"BOUNDARY_SET_ID":11,"ED_ABBREVIATION":"RCS","ED_NAME":"Richmond-Steveston","GAZETTE_DATE":"2023-12-07Z","FEATURE_AREA_SQM":31184877.4535,"FEATURE_LENGTH_M":24476.8644,"OBJECTID":2915,"SE_ANNO_CAD_DATA":null},"id":"WHSE_ADMIN_BOUNDARIES.EBC_PROV_ELECTORAL_DIST_SVW.fid--7e6e9b65_19f025478b6_-7db4"},{"type":"Feature","geometry":{"type":"MultiPolygon","coordinates":[[[[-123.60367180637033,49.000768687505456],[-123.530751,48.941962],[-123.437327,48.903998],[-123.394521,48.872382],[-123.369293,48.861884],[-123.342356,48.869818],[-123.327382,48.863959],[-123.317128,48.869818],[-123.314443,48.88231],[-123.321848,48.896552],[-123.334462,48.902981],[-123.365956,48.907131],[-123.39094,48.920152],[-123.428782,48.929674],[-123.457143,48.933254],[-123.471913,48.938137],[-123.546742,48.976223],[-123.570383,48.991767],[-123.58997588816688,49.00975025649975],[-123.60367180637033,49.000768687505456]]],[[[-123.59557,48.951809],[-123.593739,48.919094],[-123.586659,48.898017],[-123.571929,48.881496],[-123.54719,48.862372],[-123.571523,48.849758],[-123.569814,48.832424],[-123.553375,48.814683],[-123.533518,48.800971],[-123.533518,48.794135],[-123.546783,48.783922],[-123.549713,48.770738],[-123.546376,48.75727],[-123.540924,48.746324],[-123.531117,48.734361],[-123.520416,48.728664],[-123.50886,48.724066],[-123.496246,48.715562],[-123.482086,48.712226],[-123.461008,48.715399],[-123.440419,48.722113],[-123.427642,48.72956],[-123.428538,48.738349],[-123.451487,48.759467],[-123.458404,48.767401],[-123.407582,48.754055],[-123.382314,48.756171],[-123.369008,48.774237],[-123.472035,48.828274],[-123.496002,48.845526],[-123.499989,48.849351],[-123.498769,48.856269],[-123.494537,48.860989],[-123.488637,48.862291],[-123.482289,48.85932],[-123.471344,48.85106],[-123.458811,48.844916],[-123.44518,48.841702],[-123.43106,48.841946],[-123.503082,48.891669],[-123.581899,48.931301],[-123.586497,48.942572],[-123.590077,48.947414],[-123.59557,48.951809]]],[[[-123.57002363887703,48.76265957238036],[-123.56735662313321,48.75892864456609],[-123.566558,48.760728],[-123.5656761330849,48.77484276601685],[-123.57002363887703,48.76265957238036]]],[[[-123.478871,48.636461],[-123.475006,48.621243],[-123.478505,48.590806],[-123.472035,48.575019],[-123.47426989291652,48.57354147998929],[-123.41720691959169,48.550663158810636],[-123.41694642787887,48.579746582107326],[-123.36831507373891,48.58305758370155],[-123.390045,48.620429],[-123.393219,48.629625],[-123.388661,48.634833],[-123.390289,48.646186],[-123.394154,48.65705],[-123.396352,48.660956],[-123.396799,48.673896],[-123.399241,48.681545],[-123.405385,48.686347],[-123.416819,48.691107],[-123.428293,48.69245],[-123.446034,48.692084],[-123.463002,48.689643],[-123.472035,48.684882],[-123.471791,48.672431],[-123.461781,48.663235],[-123.437327,48.650092],[-123.478871,48.636461]]],[[[-123.404083,48.842515],[-123.403635,48.837226],[-123.401112,48.834093],[-123.40274,48.831204],[-123.395416,48.822699],[-123.390289,48.819973],[-123.384104,48.814765],[-123.374501,48.809312],[-123.370025,48.809394],[-123.365712,48.808702],[-123.366322,48.811835],[-123.373647,48.816474],[-123.370025,48.817694],[-123.362579,48.815619],[-123.361521,48.819973],[-123.360544,48.822659],[-123.355417,48.822821],[-123.358917,48.832424],[-123.374908,48.838162],[-123.379343,48.840074],[-123.389963,48.844265],[-123.399403,48.841783],[-123.398468,48.841132],[-123.404083,48.842515]]],[[[-123.388173,48.725206],[-123.382069,48.718695],[-123.374745,48.715644],[-123.374501,48.714097],[-123.372304,48.714423],[-123.372914,48.716864],[-123.366567,48.7213],[-123.361643,48.726833],[-123.363108,48.730821],[-123.367299,48.735093],[-123.372629,48.734849],[-123.377797,48.736477],[-123.380279,48.730496],[-123.385894,48.726345],[-123.388173,48.725206]]],[[[-123.376291,48.618028],[-123.374257,48.613267],[-123.367543,48.610622],[-123.361358,48.607489],[-123.355458,48.601874],[-123.353668,48.598049],[-123.355784,48.597357],[-123.358551,48.598497],[-123.356557,48.593411],[-123.351755,48.588813],[-123.35143,48.588202],[-123.349355,48.588243],[-123.338165,48.593695],[-123.341339,48.605414],[-123.347401,48.606269],[-123.354929,48.613837],[-123.372629,48.616278],[-123.376291,48.618028]]],[[[-123.36438007135517,48.57629011424715],[-123.34118525909336,48.50557979916293],[-123.33368253712399,48.5054403198483],[-123.337066,48.508043],[-123.345774,48.523383],[-123.355336,48.560736],[-123.36438007135517,48.57629011424715]]],[[[-123.338612,48.64647],[-123.331939,48.634426],[-123.332672,48.629543],[-123.338002,48.634223],[-123.336659,48.63109],[-123.325347,48.61933],[-123.312652,48.608466],[-123.302887,48.596991],[-123.287953,48.591254],[-123.280344,48.601304],[-123.283111,48.611274],[-123.286936,48.612698],[-123.294586,48.614569],[-123.305287,48.618801],[-123.316965,48.628974],[-123.326812,48.640041],[-123.337473,48.648424],[-123.338612,48.64647]]],[[[-123.33849,48.851549],[-123.331899,48.849066],[-123.328887,48.845079],[-123.328928,48.840033],[-123.327707,48.836005],[-123.322377,48.83161],[-123.239044,48.815782],[-123.235422,48.813829],[-123.232126,48.814399],[-123.230906,48.81741],[-123.234731,48.821845],[-123.244456,48.826239],[-123.248809,48.830105],[-123.247548,48.837022],[-123.248118,48.842922],[-123.246775,48.845811],[-123.250111,48.849148],[-123.265207,48.857367],[-123.265452,48.85928],[-123.247955,48.856106],[-123.288075,48.872138],[-123.296254,48.871649],[-123.302724,48.868883],[-123.30484,48.864732],[-123.301829,48.855577],[-123.306956,48.852769],[-123.313059,48.851589],[-123.328196,48.856106],[-123.33845,48.854682],[-123.33849,48.851549]]],[[[-123.334014,48.719265],[-123.32962,48.715928],[-123.320627,48.707099],[-123.304718,48.700344],[-123.299753,48.699123],[-123.299469,48.699734],[-123.300689,48.70189],[-123.297027,48.704901],[-123.294382,48.716254],[-123.302358,48.722764],[-123.310902,48.730577],[-123.323028,48.731228],[-123.32787,48.731838],[-123.329986,48.729641],[-123.329213,48.726345],[-123.334014,48.719265]]],[[[-123.322621,48.805732],[-123.311269,48.797268],[-123.311269,48.771715],[-123.306996,48.764635],[-123.291493,48.756171],[-123.282948,48.751899],[-123.257476,48.739203],[-123.240468,48.736396],[-123.224924,48.734931],[-123.199452,48.732123],[-123.186676,48.736396],[-123.182444,48.743476],[-123.1881,48.756171],[-123.20226,48.758979],[-123.219228,48.761868],[-123.240468,48.761868],[-123.250396,48.766099],[-123.249013,48.777411],[-123.25182,48.790188],[-123.265981,48.800035],[-123.287221,48.812812],[-123.298573,48.815619],[-123.312652,48.817084],[-123.322621,48.812812],[-123.322621,48.805732]]],[[[-123.2235,48.832668],[-123.222076,48.822699],[-123.21642,48.819892],[-123.207916,48.815619],[-123.203684,48.808539],[-123.203684,48.784491],[-123.185292,48.774604],[-123.171132,48.768948],[-123.158355,48.763251],[-123.137115,48.764635],[-123.120188,48.764635],[-123.101715,48.761868],[-123.089019,48.767524],[-123.077707,48.776028],[-123.070627,48.778795],[-123.053619,48.783108],[-123.042307,48.784491],[-123.043772,48.788764],[-123.053619,48.795844],[-123.090443,48.798651],[-123.141428,48.801459],[-123.179596,48.815619],[-123.203684,48.829779],[-123.2235,48.832668]]]]},"properties":{"ELECTORAL_DISTRICT_ID":319,"BOUNDARY_SET_ID":11,"ED_ABBREVIATION":"SAN","ED_NAME":"Saanich North and the Islands","GAZETTE_DATE":"2023-12-07Z","FEATURE_AREA_SQM":1505582371.0391,"FEATURE_LENGTH_M":191130.5368,"OBJECTID":2916,"SE_ANNO_CAD_DATA":null},"id":"WHSE_ADMIN_BOUNDARIES.EBC_PROV_ELECTORAL_DIST_SVW.fid--7e6e9b65_19f025478b6_-7db3"},{"type":"Feature","geometry":{"type":"Polygon","coordinates":[[[-123.5028974058396,48.55461541740786],[-123.47790237836671,48.54410894725388],[-123.45622732779304,48.4934491073275],[-123.4211334438199,48.46406909209859],[-123.33533042545216,48.46864828139577],[-123.34118525909336,48.50557979916293],[-123.36438007135517,48.57629011424715],[-123.36831507373891,48.58305758370155],[-123.41694642787887,48.579746582107326],[-123.41720691959169,48.550663158810636],[-123.47426989291652,48.57354147998929],[-123.5028974058396,48.55461541740786]]]},"properties":{"ELECTORAL_DISTRICT_ID":320,"BOUNDARY_SET_ID":11,"ED_ABBREVIATION":"SAS","ED_NAME":"Saanich South","GAZETTE_DATE":"2023-12-07Z","FEATURE_AREA_SQM":104938329.6114,"FEATURE_LENGTH_M":62585.5996,"OBJECTID":2917,"SE_ANNO_CAD_DATA":null},"id":"WHSE_ADMIN_BOUNDARIES.EBC_PROV_ELECTORAL_DIST_SVW.fid--7e6e9b65_19f025478b6_-7db2"},{"type":"Feature","geometry":{"type":"Polygon","coordinates":[[[-119.76059565171549,50.23584082872777],[-119.47158600119542,50.234862668514914],[-119.47705010159652,50.15150966223761],[-119.45398893233347,50.151511883544],[-119.42440969065265,50.25308364725763],[-119.35296258798641,50.2603845009742],[-119.28529391469326,50.303817546014095],[-119.27788091896902,50.34004302394996],[-119.1719196855672,50.340062962068174],[-119.17199011989335,50.4124640705998],[-119.1496819041949,50.4416646350763],[-119.05886725645557,50.44506529123393],[-119.00147340250665,50.48878246633206],[-118.69430934777309,50.488635376191304],[-118.57538706241995,50.48838032901706],[-118.55612759398817,50.537840850686955],[-118.48222192277235,50.556790605339614],[-118.47521577755862,50.62870805423467],[-118.41768859568556,50.666087683058805],[-118.40692965396566,50.72030825276474],[-118.45522212033926,50.77251989564645],[-118.43499618695829,50.82564409386688],[-118.37466693444347,50.83191465394851],[-118.29485925788609,50.86479083216856],[-118.3289719375163,50.94545342264539],[-118.39481745725594,51.00370714600754],[-118.4284501492841,51.00307586565864],[-118.43048031976427,51.07413180772308],[-118.48203930577166,51.10356202652152],[-118.48509193577965,51.17648297042263],[-118.53989258687115,51.17868195001564],[-118.57658834967464,51.23994431642455],[-118.54031240564755,51.302486690863425],[-118.58289849045579,51.297287258673386],[-118.61724406394313,51.36516294113815],[-118.58019769054505,51.389418294819016],[-118.61864105698844,51.40952884303434],[-118.63086579728612,51.46182509981784],[-118.679207442438,51.461043921110694],[-118.69336482557392,51.50009324919047],[-118.73821130140203,51.52859986796427],[-118.84386895945596,51.52856034675006],[-118.81268355843524,51.62067251236414],[-118.87147373294579,51.6395393702858],[-118.92576983203496,51.68714356846],[-119.00484227229254,51.68858095253253],[-118.97349592687019,51.64680474295026],[-118.96309432314459,51.61549230688296],[-118.98580294874355,51.54798763037852],[-118.945498807471,51.51101907158117],[-118.94598797753696,51.4612803389828],[-119.05570598086058,51.39684305402202],[-119.08756415267307,51.39632357416528],[-119.2692311480708,51.25608167677527],[-119.34849218902512,51.26537321919927],[-119.43213585707669,51.231846974106524],[-119.44347697033915,51.18289974618927],[-119.47711143898454,51.18666784811707],[-119.53950653379626,51.08424695824713],[-119.5393316676399,50.9835162478774],[-119.71070411450769,50.98350010780323],[-119.64241019876431,50.92529801091719],[-119.66613976268896,50.92533717687099],[-119.66613823957684,50.867582638424174],[-119.62819523022577,50.87862097305819],[-119.59245393597301,50.85341353503362],[-119.51556565975349,50.867121194819674],[-119.51583163321592,50.838150283859754],[-119.46990500541914,50.83799967342161],[-119.46974369684014,50.750836279431994],[-119.5268662426383,50.75083627962743],[-119.52662428185646,50.57624067154777],[-119.65252928992322,50.57614703019463],[-119.65265533743454,50.401827818238004],[-119.63624751084329,50.37150238409562],[-119.7099317372642,50.32086390776225],[-119.68090860981249,50.30421205223461],[-119.76059565171549,50.23584082872777]]]},"properties":{"ELECTORAL_DISTRICT_ID":321,"BOUNDARY_SET_ID":11,"ED_ABBREVIATION":"SHU","ED_NAME":"Salmon Arm-Shuswap","GAZETTE_DATE":"2023-12-07Z","FEATURE_AREA_SQM":8688715615.3698,"FEATURE_LENGTH_M":652843.4462,"OBJECTID":2918,"SE_ANNO_CAD_DATA":null},"id":"WHSE_ADMIN_BOUNDARIES.EBC_PROV_ELECTORAL_DIST_SVW.fid--7e6e9b65_19f025478b6_-7db1"},{"type":"Feature","geometry":{"type":"MultiPolygon","coordinates":[[[[-130.615102,54.765082],[-130.60969,54.75552],[-130.598053,54.746039],[-130.591949,54.742174],[-130.581614,54.733832],[-130.556996,54.719306],[-130.547271,54.711412],[-130.534657,54.706041],[-130.521718,54.710354],[-130.512278,54.71776],[-130.510081,54.721666],[-130.478017,54.712348],[-130.461781,54.712104],[-130.454823,54.725084],[-130.452626,54.735053],[-130.440745,54.760647],[-130.434316,54.769477],[-130.452138,54.793891],[-130.461578,54.803656],[-130.483551,54.81037],[-130.509877,54.804877],[-130.578603,54.773912],[-130.588735,54.770697],[-130.602528,54.769477],[-130.615102,54.765082]]],[[[-130.461578,54.831529],[-130.456858,54.820299],[-130.447865,54.806586],[-130.43814,54.794867],[-130.431223,54.789984],[-130.413889,54.773179],[-130.409495,54.767401],[-130.399648,54.769436],[-130.370758,54.781562],[-130.324452,54.811103],[-130.282094,54.824937],[-130.269846,54.831529],[-130.258534,54.843085],[-130.225453,54.889594],[-130.21349,54.8994],[-130.188954,54.914618],[-130.177358,54.924018],[-130.157826,54.94774],[-130.150054,54.969428],[-130.153472,54.991441],[-130.167388,55.016547],[-130.181793,55.031562],[-130.20401,55.021308],[-130.254709,54.969672],[-130.421132,54.850898],[-130.461578,54.831529]]],[[[-130.377675,54.698188],[-130.364491,54.699897],[-130.338124,54.707994],[-130.324371,54.710639],[-130.297027,54.712348],[-130.283518,54.71483],[-130.23998,54.730536],[-130.221303,54.74372],[-130.208363,54.762641],[-130.206288,54.76911],[-130.203765,54.783393],[-130.201527,54.789984],[-130.21703,54.790432],[-130.222035,54.789984],[-130.216949,54.79328],[-130.212758,54.797309],[-130.209788,54.803046],[-130.208363,54.811103],[-130.233144,54.803046],[-130.274078,54.765123],[-130.319488,54.750678],[-130.340443,54.736884],[-130.376291,54.704657],[-130.377675,54.698188]]],[[[-130.201527,54.728502],[-130.18996911275454,54.72543022160408],[-130.13102835778696,54.72785016933726],[-130.05525068549798,54.69912208617299],[-129.89721607334445,54.70526719364292],[-129.77582472918098,54.73874465901718],[-129.70388828355019,54.73788550519286],[-129.68706314890937,54.68474682920268],[-129.54908490257185,54.67075682035586],[-129.46342744266445,54.65023788001017],[-129.45474147103064,54.62462169379913],[-129.5365892537049,54.589740313856886],[-129.58381710613423,54.63169823419215],[-129.6580660916864,54.621713458386964],[-129.6968595503909,54.592832984148664],[-129.65612885534551,54.55305944509373],[-129.69002087375392,54.52973659288196],[-129.68491591506148,54.47351557157905],[-129.5990041611735,54.469691569310825],[-129.5263556338361,54.44123479746133],[-129.49836205210798,54.38001373325136],[-129.41169622303835,54.346663022636925],[-129.3759884171928,54.34991556027055],[-129.37602497522602,53.75806363551555],[-129.23150533649195,53.63085859415628],[-129.23092852860918,53.62909184820973],[-129.228342,53.632717],[-129.189443,53.662177],[-129.178375,53.667467],[-129.166615,53.67121],[-129.156321,53.672756],[-129.146148,53.67768],[-129.139719,53.689154],[-129.134674,53.702053],[-129.129018,53.711168],[-129.112131,53.721869],[-129.089508,53.731635],[-129.066029,53.738837],[-129.046457,53.741645],[-129.033274,53.749498],[-129.064443,53.791205],[-129.063832,53.810492],[-129.048004,53.812323],[-129.019521,53.774359],[-129.00178,53.762112],[-128.973215,53.777574],[-128.965403,53.820543],[-128.977773,53.866889],[-129.009185,53.892483],[-129.009185,53.899319],[-128.98351,53.898342],[-128.965891,53.89053],[-128.940297,53.865139],[-128.94579,53.852932],[-128.947662,53.83926],[-128.947133,53.810492],[-128.925689,53.846625],[-128.914866,53.857611],[-128.906158,53.844672],[-128.90803,53.827297],[-128.928334,53.795885],[-128.932851,53.776353],[-128.861643,53.830227],[-128.839345,53.865627],[-128.813344,53.877387],[-128.789215,53.892564],[-128.782704,53.920356],[-128.772288,53.914008],[-128.764516,53.91352],[-128.748525,53.920356],[-128.748036,53.926011],[-128.738189,53.932603],[-128.734853,53.934027],[-128.715932,53.956529],[-128.700103,53.981838],[-128.681752,54.000678],[-128.652699,54.019843],[-128.621938,54.032131],[-128.598297,54.030219],[-128.617909,54.020168],[-128.627675,54.013007],[-128.631825,54.005357],[-128.631012,53.98725],[-128.631988,53.978176],[-128.635569,53.971259],[-128.670806,53.929918],[-128.679596,53.912909],[-128.683095,53.911282],[-128.689036,53.909735],[-128.693837,53.90644],[-128.693918,53.899319],[-128.689687,53.893704],[-128.682607,53.889309],[-128.67516,53.887274],[-128.662831,53.891059],[-128.654286,53.887397],[-128.644887,53.882066],[-128.616811,53.875963],[-128.572499,53.860907],[-128.549916,53.857652],[-128.51773,53.862982],[-128.501129,53.862698],[-128.484731,53.85456],[-128.473744,53.841498],[-128.479482,53.836859],[-128.558909,53.841702],[-128.656321,53.86225],[-128.677846,53.85932],[-128.687082,53.841254],[-128.693471,53.821234],[-128.709788,53.815579],[-128.731801,53.81509],[-128.75536,53.810492],[-128.775136,53.798285],[-128.788889,53.780911],[-128.7919,53.760199],[-128.770375,53.721422],[-128.773793,53.704739],[-128.796946,53.672756],[-128.812123,53.657782],[-128.816029,53.650336],[-128.817454,53.635484],[-128.814524,53.625474],[-128.807729,53.615383],[-128.799672,53.607611],[-128.793202,53.604438],[-128.779286,53.594713],[-128.765452,53.575629],[-128.749135,53.562445],[-128.728098,53.570299],[-128.700551,53.547105],[-128.690826,53.533922],[-128.687082,53.519436],[-128.673207,53.516506],[-128.64269,53.513332],[-128.612172,53.504584],[-128.598297,53.484931],[-128.594309,53.473944],[-128.584381,53.466539],[-128.571848,53.462348],[-128.559885,53.461086],[-128.552805,53.457221],[-128.539174,53.439358],[-128.529408,53.433743],[-128.516428,53.433905],[-128.509185,53.438788],[-128.502675,53.444566],[-128.491851,53.447414],[-128.452626,53.446194],[-128.440053,53.447414],[-128.420522,53.452704],[-128.402943,53.461656],[-128.390248,53.474595],[-128.385406,53.491767],[-128.374135,53.503567],[-128.348256,53.498521],[-128.30012,53.481513],[-128.20051,53.488349],[-128.132721,53.484076],[-128.111073,53.488349],[-128.116322,53.476304],[-128.112375,53.465155],[-128.103627,53.456855],[-128.09435,53.453599],[-128.085113,53.448228],[-128.067209,53.424872],[-128.06017,53.419501],[-128.039703,53.391669],[-128.036,53.389065],[-128.030181,53.38227],[-128.00182,53.36225],[-127.991282,53.358059],[-127.978871,53.356024],[-127.943186,53.344306],[-127.932932,53.337592],[-127.92809,53.32453],[-127.934071,53.30268],[-127.932932,53.28913],[-127.917592,53.27143],[-127.895741,53.261461],[-127.877105,53.250149],[-127.87149,53.228339],[-127.942616,53.25373],[-127.95344,53.265204],[-127.95637,53.318427],[-127.960846,53.330064],[-127.976959,53.342353],[-128.016672,53.358791],[-128.032297,53.368232],[-128.051015,53.373847],[-128.070709,53.364569],[-128.104237,53.337592],[-128.087514,53.369086],[-128.08373,53.378485],[-128.080719,53.383857],[-128.072174,53.392483],[-128.070139,53.398993],[-128.072092,53.403225],[-128.081614,53.4112],[-128.089996,53.43122],[-128.105865,53.443061],[-128.127024,53.450873],[-128.148915,53.453599],[-128.253529,53.452826],[-128.308705,53.460639],[-128.351918,53.481513],[-128.363189,53.458889],[-128.379506,53.447496],[-128.467356,53.433743],[-128.477122,53.428778],[-128.496409,53.416205],[-128.508372,53.412665],[-128.508372,53.40644],[-128.49059,53.404934],[-128.482086,53.398017],[-128.479888,53.386664],[-128.483469,53.357123],[-128.48766,53.345852],[-128.493886,53.344062],[-128.502105,53.358059],[-128.503041,53.363349],[-128.502838,53.370185],[-128.501454,53.376044],[-128.498687,53.378485],[-128.492502,53.381293],[-128.497548,53.387152],[-128.505686,53.392157],[-128.508372,53.392768],[-128.520253,53.401557],[-128.562978,53.419501],[-128.639272,53.474758],[-128.667633,53.489325],[-128.68342,53.493069],[-128.693918,53.488349],[-128.69164,53.482327],[-128.683095,53.473944],[-128.666615,53.461086],[-128.672841,53.453599],[-128.697092,53.474799],[-128.70759,53.481513],[-128.740387,53.491441],[-128.748525,53.495185],[-128.758616,53.510565],[-128.775543,53.555609],[-128.789459,53.570299],[-128.812734,53.572943],[-128.830719,53.561672],[-128.846913,53.54621],[-128.864613,53.5362],[-128.892405,53.536607],[-128.945709,53.554511],[-128.974477,53.556627],[-128.962636,53.532945],[-128.947336,53.485826],[-128.932851,53.467922],[-128.917633,53.458686],[-128.907948,53.458686],[-128.89981,53.465888],[-128.889394,53.478095],[-128.877105,53.486314],[-128.862457,53.489163],[-128.831044,53.488349],[-128.844228,53.470893],[-128.880605,53.447699],[-128.886342,53.426947],[-128.881703,53.413886],[-128.875559,53.406968],[-128.87385,53.40058],[-128.882639,53.389065],[-128.887603,53.377102],[-128.876332,53.372138],[-128.844716,53.371649],[-128.859853,53.360582],[-128.876088,53.344957],[-128.884267,53.326321],[-128.875478,53.30622],[-128.84911,53.278551],[-128.832509,53.26675],[-128.81371,53.261786],[-128.799713,53.256496],[-128.70051,53.19831],[-128.680247,53.192816],[-128.659169,53.200995],[-128.668568,53.217231],[-128.672475,53.22724],[-128.672841,53.235175],[-128.668446,53.240302],[-128.661733,53.242174],[-128.655629,53.239691],[-128.652943,53.231757],[-128.648061,53.223619],[-128.589752,53.161444],[-128.575917,53.150336],[-128.559885,53.145738],[-128.497711,53.14997],[-128.481028,53.145738],[-128.498362,53.141099],[-128.546742,53.135972],[-128.556752,53.12873],[-128.549469,53.109442],[-128.532297,53.106879],[-128.511871,53.107367],[-128.495269,53.097357],[-128.507802,53.094468],[-128.521148,53.093004],[-128.53185,53.089504],[-128.536244,53.080268],[-128.534047,53.069159],[-128.524159,53.051703],[-128.521962,53.046454],[-128.519846,53.025377],[-128.51494779202991,53.004517068134156],[-127.97758966872975,53.00129253667706],[-127.24422351489868,52.99790932656656],[-127.25252792555588,53.041240541614854],[-127.28915905514219,53.07101007770474],[-127.41887267673128,53.08002354299013],[-127.4335744230758,53.121591229553616],[-127.47715941238599,53.142171054824956],[-127.35692467411943,53.17617156200791],[-127.3642429406141,53.2217323753171],[-127.31729145611294,53.204588099313376],[-127.26503012941856,53.27732994897255],[-127.25690428816009,53.296028038341554],[-127.36306779887757,53.375664485603565],[-127.3746365964941,53.43424755825987],[-127.43633189051046,53.4910952315533],[-127.52002072927598,53.460409572043055],[-127.57173816627451,53.50867460416034],[-127.55759986775223,53.52979171189592],[-127.6178945448286,53.56252431657468],[-127.65265114972145,53.52929181495472],[-127.68046065873185,53.54907265870444],[-127.77096572799647,53.553722702678606],[-127.7469682628928,53.60208707252926],[-127.78177565483723,53.65870936459167],[-127.82303914241268,53.66211536156322],[-127.81182033446193,53.70824194288036],[-127.90426583041234,53.75329217799396],[-127.91710212327459,53.80000126018546],[-128.00971724283056,53.856415262217375],[-128.0025684577148,53.88465591010028],[-128.0634862770863,53.90152745015006],[-128.04287233562368,54.001576378354116],[-127.97951294385315,53.99399922847079],[-127.89311402938874,54.023858134153905],[-127.82524117345415,54.10318089945319],[-127.71671044288732,54.126811737649504],[-127.7451145574186,54.17907879748124],[-127.6607790232837,54.23151070950096],[-127.66520527153232,54.29401035791316],[-127.59942006598394,54.30639635060781],[-127.52873838638062,54.38202792151721],[-127.56106165071614,54.40134660969533],[-127.54721033405535,54.44496230932824],[-127.62424615281468,54.444417193191164],[-127.69444895281988,54.46371131369273],[-127.7532169754652,54.439354484953476],[-127.77184695587925,54.494554140449594],[-127.75172081243056,54.540722231401936],[-127.67973902983015,54.55778105565565],[-127.71150973062166,54.59139631362907],[-127.80547036207805,54.59882214077439],[-127.79779781190261,54.61860013661383],[-127.80412633044288,55.0005499478932],[-128.07333304905347,54.99999984670079],[-128.861915685715,55.00029124034947],[-128.94645190047316,54.993019797195586],[-128.94841370248815,55.023232974330824],[-128.8934202033951,55.075282130670075],[-128.85077726802393,55.061326658725214],[-128.78753530836585,55.15377351332239],[-128.89392480647746,55.237237167547214],[-128.8648537663884,55.267306500874696],[-128.86703427169624,55.318726156289834],[-128.91435415862748,55.34209885612827],[-128.9016553254173,55.402330094339845],[-128.92785295148326,55.45225148212434],[-128.91201882371524,55.50274148446814],[-128.94892752211715,55.539069504846935],[-129.99313894788773,55.87185560898079],[-130.01378630730048,55.871842537062186],[-130.033681,55.848822],[-130.11559,55.779975],[-130.128814,55.759223],[-130.130605,55.736274],[-130.124013,55.715481],[-130.112172,55.701117],[-130.098866,55.694403],[-130.088043,55.690904],[-130.080719,55.685004],[-130.078033,55.671047],[-130.079905,55.65998],[-130.091664,55.63288],[-130.099762,55.587226],[-130.093984,55.552639],[-130.076568,55.522284],[-130.05012,55.489447],[-130.039866,55.479885],[-130.031117,55.473334],[-130.025054,55.465481],[-130.021108,55.442328],[-130.011627,55.41828],[-130.006663,55.410346],[-130.00414,55.398505],[-130.003041,55.356757],[-129.996165,55.338609],[-129.96109,55.310736],[-129.949371,55.293158],[-129.957916,55.273505],[-130.016184,55.228909],[-130.078603,55.192572],[-130.084869,55.184719],[-130.088775,55.178209],[-130.108062,55.157945],[-130.11559,55.153713],[-130.120229,55.148342],[-130.139516,55.112738],[-130.167388,55.085395],[-130.136383,55.037014],[-130.13268,55.019924],[-130.124827,55.005276],[-130.105824,54.997545],[-130.083119,54.996772],[-130.063791,55.002875],[-130.056467,55.009345],[-130.037099,55.036363],[-130.019683,55.067694],[-129.996165,55.099066],[-129.912343,55.16885],[-129.899892,55.188422],[-129.887441,55.229071],[-129.877553,55.248114],[-129.86205,55.25609],[-129.827952,55.28026],[-129.821929,55.290229],[-129.822743,55.29621],[-129.825307,55.301988],[-129.824574,55.328192],[-129.82018,55.335517],[-129.79776,55.341254],[-129.790883,55.347886],[-129.786204,55.356757],[-129.783803,55.365953],[-129.794342,55.365546],[-129.801259,55.367418],[-129.80606,55.372056],[-129.810536,55.380276],[-129.80309,55.383857],[-129.798655,55.387763],[-129.790028,55.400092],[-129.799713,55.399115],[-129.808746,55.396552],[-129.817128,55.392279],[-129.824818,55.38642],[-129.820139,55.374335],[-129.824778,55.367336],[-129.832875,55.366441],[-129.83845,55.372789],[-129.83967,55.385199],[-129.83731,55.395413],[-129.832143,55.404486],[-129.824818,55.413764],[-129.816314,55.420071],[-129.798329,55.426337],[-129.790028,55.434882],[-129.790191,55.442043],[-129.7919,55.453315],[-129.790151,55.463813],[-129.780141,55.468411],[-129.777008,55.479438],[-129.788401,55.503852],[-129.810536,55.540717],[-129.811757,55.582668],[-129.815907,55.601467],[-129.824818,55.619208],[-129.806508,55.624498],[-129.790517,55.598334],[-129.754058,55.501614],[-129.743398,55.483547],[-129.716135,55.465277],[-129.712961,55.420803],[-129.694447,55.413764],[-129.68635,55.419582],[-129.656606,55.451606],[-129.646962,55.458564],[-129.634674,55.461615],[-129.591908,55.460842],[-129.559193,55.455512],[-129.543609,55.455308],[-129.530629,55.459052],[-129.506337,55.472113],[-129.495229,55.475816],[-129.484039,55.481838],[-129.478017,55.483466],[-129.475331,55.479234],[-129.474762,55.468655],[-129.475697,55.464057],[-129.478749,55.462144],[-129.486562,55.459947],[-129.519399,55.444485],[-129.543202,55.437893],[-129.610422,55.446479],[-129.639231,55.441067],[-129.647084,55.433173],[-129.662953,55.411444],[-129.670562,55.406928],[-129.674224,55.401557],[-129.67394,55.389838],[-129.675282,55.378119],[-129.683909,55.372789],[-129.702789,55.36579],[-129.721344,55.349026],[-129.749094,55.311347],[-129.750559,55.305325],[-129.749623,55.298896],[-129.749338,55.292711],[-129.752797,55.287095],[-129.757965,55.284613],[-129.768178,55.283352],[-129.781484,55.274644],[-129.803782,55.266425],[-129.813954,55.259508],[-129.82136,55.251451],[-129.827545,55.243109],[-129.83845,55.22191],[-129.844472,55.21662],[-129.852122,55.208319],[-129.852895,55.203803],[-129.851226,55.192939],[-129.852122,55.188422],[-129.860951,55.177151],[-129.870025,55.170356],[-129.879628,55.164862],[-129.890004,55.157131],[-129.916656,55.125718],[-129.941396,55.11872],[-129.956695,55.101386],[-129.975657,55.058051],[-129.99352,55.035061],[-130.001047,55.022447],[-129.999867,55.013129],[-129.987864,55.005764],[-129.977406,55.005316],[-129.954823,55.009711],[-129.675649,54.994574],[-129.6256,55.009711],[-129.641347,54.989569],[-129.663319,54.984361],[-129.718088,54.989203],[-129.729726,54.986884],[-129.755686,54.9772],[-129.769602,54.975531],[-129.783599,54.979397],[-129.811025,54.993109],[-129.824818,54.995429],[-129.845204,54.987047],[-129.880727,54.955268],[-129.90331,54.948188],[-129.931711,54.947577],[-129.934641,54.948188],[-129.939117,54.945258],[-129.948313,54.934556],[-129.956899,54.930365],[-129.96524,54.925035],[-129.975331,54.920966],[-129.989247,54.920315],[-129.977447,54.93769],[-129.962026,54.948065],[-129.956654,54.957424],[-129.975006,54.971869],[-129.996734,54.976955],[-130.022043,54.973863],[-130.045969,54.965522],[-130.063791,54.954413],[-130.10436,54.900865],[-130.134348,54.887193],[-130.150054,54.873481],[-130.164906,54.857367],[-130.173655,54.84455],[-130.155181,54.85224],[-130.119944,54.859198],[-130.104726,54.866278],[-130.08023,54.890123],[-130.06725,54.896674],[-130.05012,54.893012],[-130.059682,54.878852],[-130.07136,54.86579],[-130.084462,54.854234],[-130.0985,54.84455],[-130.126454,54.831529],[-130.132883,54.829901],[-130.14745,54.827948],[-130.153147,54.824693],[-130.157297,54.817572],[-130.157704,54.803697],[-130.159983,54.797431],[-130.173655,54.776923],[-130.177642,54.772935],[-130.190053,54.763373],[-130.194732,54.756415],[-130.201527,54.728502]]],[[[-129.174306,53.450263],[-129.172109,53.408393],[-129.166249,53.385403],[-129.149281,53.408759],[-129.129018,53.430365],[-129.114858,53.43887],[-129.101959,53.44302],[-129.09142,53.450263],[-129.08434,53.467922],[-129.093495,53.492621],[-129.093861,53.508938],[-129.081207,53.516303],[-129.069447,53.520453],[-128.98054,53.584662],[-128.953359,53.591498],[-128.884267,53.576239],[-128.879791,53.592108],[-128.881663,53.621283],[-128.864613,53.652818],[-128.868276,53.667548],[-128.857493,53.682847],[-128.823638,53.708075],[-128.842193,53.715969],[-128.862864,53.712348],[-128.883656,53.70482],[-128.90274,53.700629],[-128.995513,53.700629],[-129.037709,53.69184],[-129.060658,53.684312],[-129.070668,53.676459],[-129.079579,53.667385],[-129.121938,53.655585],[-129.136138,53.6494],[-129.159983,53.627021],[-129.165273,53.613837],[-129.166249,53.590766],[-129.158803,53.53266],[-129.171742,53.493232],[-129.174306,53.450263]]],[[[-129.148183,53.363715],[-129.118479,53.320502],[-129.103749,53.318834],[-129.075266,53.333441],[-129.060414,53.337592],[-129.012807,53.340277],[-128.995513,53.337592],[-128.957428,53.325426],[-128.940012,53.32392],[-128.927968,53.328192],[-128.920725,53.33808],[-128.920033,53.349433],[-128.927317,53.358059],[-128.913401,53.371405],[-128.906402,53.380927],[-128.906402,53.391181],[-128.913645,53.40644],[-128.976796,53.48017],[-128.986562,53.500922],[-128.988149,53.529364],[-128.997222,53.543931],[-129.021718,53.532131],[-129.048451,53.508612],[-129.063832,53.488349],[-129.065785,53.45246],[-129.112213,53.409329],[-129.148183,53.363715]]],[[[-128.66434242267115,53.16516867218718],[-128.62142079372336,53.15508309918842],[-128.621938,53.155707],[-128.634674,53.163153],[-128.66434242267115,53.16516867218718]]]]},"properties":{"ELECTORAL_DISTRICT_ID":322,"BOUNDARY_SET_ID":11,"ED_ABBREVIATION":"SKE","ED_NAME":"Skeena","GAZETTE_DATE":"2023-12-07Z","FEATURE_AREA_SQM":31609537793.981,"FEATURE_LENGTH_M":1262662.5168,"OBJECTID":2919,"SE_ANNO_CAD_DATA":null},"id":"WHSE_ADMIN_BOUNDARIES.EBC_PROV_ELECTORAL_DIST_SVW.fid--7e6e9b65_19f025478b6_-7db0"},{"type":"Feature","geometry":{"type":"Polygon","coordinates":[[[-122.86148397654485,49.220730407400744],[-122.8569177201725,49.16263453406867],[-122.83464018620508,49.16279012848353],[-122.81207754947559,49.18420204839822],[-122.81719442400424,49.220229377264566],[-122.86148397654485,49.220730407400744]]]},"properties":{"ELECTORAL_DISTRICT_ID":323,"BOUNDARY_SET_ID":11,"ED_ABBREVIATION":"SRC","ED_NAME":"Surrey City Centre","GAZETTE_DATE":"2023-12-07Z","FEATURE_AREA_SQM":16874307.9099,"FEATURE_LENGTH_M":22105.6406,"OBJECTID":2920,"SE_ANNO_CAD_DATA":null},"id":"WHSE_ADMIN_BOUNDARIES.EBC_PROV_ELECTORAL_DIST_SVW.fid--7e6e9b65_19f025478b6_-7daf"},{"type":"Feature","geometry":{"type":"Polygon","coordinates":[[[-122.73829647588714,49.10409098358807],[-122.67965334873011,49.09320397071826],[-122.67949900507749,49.133605585995994],[-122.6791138126073,49.16287985356039],[-122.73471516158021,49.16260284551929],[-122.73829647588714,49.10409098358807]]]},"properties":{"ELECTORAL_DISTRICT_ID":324,"BOUNDARY_SET_ID":11,"ED_ABBREVIATION":"SRD","ED_NAME":"Surrey-Cloverdale","GAZETTE_DATE":"2023-12-07Z","FEATURE_AREA_SQM":29748238.5596,"FEATURE_LENGTH_M":23584.7637,"OBJECTID":2921,"SE_ANNO_CAD_DATA":null},"id":"WHSE_ADMIN_BOUNDARIES.EBC_PROV_ELECTORAL_DIST_SVW.fid--7e6e9b65_19f025478b6_-7dae"},{"type":"Feature","geometry":{"type":"Polygon","coordinates":[[[-122.83464018620508,49.16279012848353],[-122.83456587821216,49.14819981598646],[-122.82341670281615,49.14568394980659],[-122.76768793510308,49.14822295907278],[-122.76770374183684,49.17694854995593],[-122.81207754947559,49.18420204839822],[-122.83464018620508,49.16279012848353]]]},"properties":{"ELECTORAL_DISTRICT_ID":325,"BOUNDARY_SET_ID":11,"ED_ABBREVIATION":"SRF","ED_NAME":"Surrey-Fleetwood","GAZETTE_DATE":"2023-12-07Z","FEATURE_AREA_SQM":14632146.6066,"FEATURE_LENGTH_M":19438.8608,"OBJECTID":2922,"SE_ANNO_CAD_DATA":null},"id":"WHSE_ADMIN_BOUNDARIES.EBC_PROV_ELECTORAL_DIST_SVW.fid--7e6e9b65_19f025478b6_-7dad"},{"type":"Feature","geometry":{"type":"Polygon","coordinates":[[[-122.81719442400424,49.220229377264566],[-122.81207754947559,49.18420204839822],[-122.76770374183684,49.17694854995593],[-122.73471516158021,49.16260284551929],[-122.6791138126073,49.16287985356039],[-122.66731851878247,49.19578906047738],[-122.75093839059333,49.21526298677233],[-122.80522248763509,49.220390140498196],[-122.81719442400424,49.220229377264566]]]},"properties":{"ELECTORAL_DISTRICT_ID":326,"BOUNDARY_SET_ID":11,"ED_ABBREVIATION":"SRG","ED_NAME":"Surrey-Guildford","GAZETTE_DATE":"2023-12-07Z","FEATURE_AREA_SQM":46477827.4125,"FEATURE_LENGTH_M":33906.5287,"OBJECTID":2923,"SE_ANNO_CAD_DATA":null},"id":"WHSE_ADMIN_BOUNDARIES.EBC_PROV_ELECTORAL_DIST_SVW.fid--7e6e9b65_19f025478b6_-7dac"},{"type":"Feature","geometry":{"type":"Polygon","coordinates":[[[-122.89038041485121,49.14860144258799],[-122.89036555051533,49.12671988990297],[-122.82327590631189,49.11912529313363],[-122.82341670281615,49.14568394980659],[-122.83456587821216,49.14819981598646],[-122.89038041485121,49.14860144258799]]]},"properties":{"ELECTORAL_DISTRICT_ID":327,"BOUNDARY_SET_ID":11,"ED_ABBREVIATION":"SRN","ED_NAME":"Surrey-Newton","GAZETTE_DATE":"2023-12-07Z","FEATURE_AREA_SQM":14071157.3706,"FEATURE_LENGTH_M":16990.1395,"OBJECTID":2924,"SE_ANNO_CAD_DATA":null},"id":"WHSE_ADMIN_BOUNDARIES.EBC_PROV_ELECTORAL_DIST_SVW.fid--7e6e9b65_19f025478b6_-7dab"},{"type":"Feature","geometry":{"type":"Polygon","coordinates":[[[-122.91442531463811,49.1919593606966],[-122.89038041485121,49.14860144258799],[-122.83456587821216,49.14819981598646],[-122.83464018620508,49.16279012848353],[-122.8569177201725,49.16263453406867],[-122.86148397654485,49.220730407400744],[-122.87587607081792,49.219915167036156],[-122.91442531463811,49.1919593606966]]]},"properties":{"ELECTORAL_DISTRICT_ID":328,"BOUNDARY_SET_ID":11,"ED_ABBREVIATION":"SUN","ED_NAME":"Surrey North","GAZETTE_DATE":"2023-12-07Z","FEATURE_AREA_SQM":26852211.9063,"FEATURE_LENGTH_M":26982.46,"OBJECTID":2925,"SE_ANNO_CAD_DATA":null},"id":"WHSE_ADMIN_BOUNDARIES.EBC_PROV_ELECTORAL_DIST_SVW.fid--7e6e9b65_19f025478b6_-7daa"},{"type":"Feature","geometry":{"type":"Polygon","coordinates":[[[-122.89044343674989,49.10823044789787],[-122.78993118192982,49.10440858162964],[-122.82327590631189,49.11912529313363],[-122.89036555051533,49.12671988990297],[-122.89040909155453,49.119321122578775],[-122.89044343674989,49.10823044789787]]]},"properties":{"ELECTORAL_DISTRICT_ID":329,"BOUNDARY_SET_ID":11,"ED_ABBREVIATION":"SUP","ED_NAME":"Surrey-Panorama","GAZETTE_DATE":"2023-12-07Z","FEATURE_AREA_SQM":12847309.4241,"FEATURE_LENGTH_M":20349.8046,"OBJECTID":2926,"SE_ANNO_CAD_DATA":null},"id":"WHSE_ADMIN_BOUNDARIES.EBC_PROV_ELECTORAL_DIST_SVW.fid--7e6e9b65_19f025478b6_-7da9"},{"type":"Feature","geometry":{"type":"Polygon","coordinates":[[[-122.82341670281615,49.14568394980659],[-122.82327590631189,49.11912529313363],[-122.78993118192982,49.10440858162964],[-122.73829647588714,49.10409098358807],[-122.73471516158021,49.16260284551929],[-122.76770374183684,49.17694854995593],[-122.76768793510308,49.14822295907278],[-122.82341670281615,49.14568394980659]]]},"properties":{"ELECTORAL_DISTRICT_ID":330,"BOUNDARY_SET_ID":11,"ED_ABBREVIATION":"SUR","ED_NAME":"Surrey-Serpentine River","GAZETTE_DATE":"2023-12-07Z","FEATURE_AREA_SQM":35881219.0333,"FEATURE_LENGTH_M":30884.8172,"OBJECTID":2927,"SE_ANNO_CAD_DATA":null},"id":"WHSE_ADMIN_BOUNDARIES.EBC_PROV_ELECTORAL_DIST_SVW.fid--7e6e9b65_19f025478b6_-7da8"},{"type":"Feature","geometry":{"type":"Polygon","coordinates":[[[-122.89044343674989,49.10823044789787],[-122.89037506334142,49.08712864785529],[-122.881744,49.086493],[-122.867747,49.080471],[-122.865346,49.070054],[-122.87480711842065,49.05593798179078],[-122.86741996107247,49.045783138839326],[-122.78540061377726,49.045575204449584],[-122.75645359501716,49.00208305451522],[-122.68014098549524,49.002121152547794],[-122.68055783487686,49.06268316423779],[-122.67965334873011,49.09320397071826],[-122.73829647588714,49.10409098358807],[-122.78993118192982,49.10440858162964],[-122.89044343674989,49.10823044789787]]]},"properties":{"ELECTORAL_DISTRICT_ID":331,"BOUNDARY_SET_ID":11,"ED_ABBREVIATION":"SUS","ED_NAME":"Surrey South","GAZETTE_DATE":"2023-12-07Z","FEATURE_AREA_SQM":122319595.6766,"FEATURE_LENGTH_M":53342.7286,"OBJECTID":2928,"SE_ANNO_CAD_DATA":null},"id":"WHSE_ADMIN_BOUNDARIES.EBC_PROV_ELECTORAL_DIST_SVW.fid--7e6e9b65_19f025478b6_-7da7"},{"type":"Feature","geometry":{"type":"Polygon","coordinates":[[[-122.876047,49.036526],[-122.853017,49.017035],[-122.823232,49.006985],[-122.803578,49.010077],[-122.781809,49.01732],[-122.76077884987549,49.002084506004515],[-122.75645359501716,49.00208305451522],[-122.78540061377726,49.045575204449584],[-122.86741996107247,49.045783138839326],[-122.87480711842065,49.05593798179078],[-122.8756,49.054755],[-122.876047,49.036526]]]},"properties":{"ELECTORAL_DISTRICT_ID":332,"BOUNDARY_SET_ID":11,"ED_ABBREVIATION":"SWR","ED_NAME":"Surrey-White Rock","GAZETTE_DATE":"2023-12-07Z","FEATURE_AREA_SQM":67773914.3231,"FEATURE_LENGTH_M":41523.8191,"OBJECTID":2929,"SE_ANNO_CAD_DATA":null},"id":"WHSE_ADMIN_BOUNDARIES.EBC_PROV_ELECTORAL_DIST_SVW.fid--7e6e9b65_19f025478b6_-7da6"},{"type":"Feature","geometry":{"type":"Polygon","coordinates":[[[-123.09071120996222,49.22544287909007],[-123.08088770289388,49.20726512090807],[-123.02339192964926,49.200000091233214],[-123.02351212012975,49.229234480653396],[-123.04309049433823,49.23294988686489],[-123.09071120996222,49.22544287909007]]]},"properties":{"ELECTORAL_DISTRICT_ID":333,"BOUNDARY_SET_ID":11,"ED_ABBREVIATION":"VFV","ED_NAME":"Vancouver-Fraserview","GAZETTE_DATE":"2023-12-07Z","FEATURE_AREA_SQM":11605634.9765,"FEATURE_LENGTH_M":16991.6788,"OBJECTID":2930,"SE_ANNO_CAD_DATA":null},"id":"WHSE_ADMIN_BOUNDARIES.EBC_PROV_ELECTORAL_DIST_SVW.fid--7e6e9b65_19f025478b6_-7da5"},{"type":"Feature","geometry":{"type":"Polygon","coordinates":[[[-122.11690226503858,49.00242379670408],[-121.7595650116298,48.997302340401134],[-121.27193366643253,49.000830106530394],[-121.30292281266779,49.05791384299365],[-121.34512543813433,49.09745274323732],[-121.38820767013706,49.074259137272634],[-121.40898227666375,49.139170328361715],[-121.48156333095174,49.137677941516294],[-121.50304115121727,49.172473449891996],[-121.50305328336296,49.29479007349661],[-121.65915726951292,49.29367255045256],[-121.69345366394323,49.2165040297066],[-121.79845898242438,49.16065045007091],[-121.96206703065866,49.14479645835651],[-122.00680340531406,49.09818476748809],[-122.08032824877097,49.106161784027684],[-122.07291540478568,49.045720474299614],[-122.11690226503858,49.00242379670408]]]},"properties":{"ELECTORAL_DISTRICT_ID":269,"BOUNDARY_SET_ID":11,"ED_ABBREVIATION":"CHC","ED_NAME":"Chilliwack-Cultus Lake","GAZETTE_DATE":"2023-12-07Z","FEATURE_AREA_SQM":1112552930.4089,"FEATURE_LENGTH_M":194246.2617,"OBJECTID":2866,"SE_ANNO_CAD_DATA":null},"id":"WHSE_ADMIN_BOUNDARIES.EBC_PROV_ELECTORAL_DIST_SVW.fid--7e6e9b65_19f025478b6_-7da4"},{"type":"Feature","geometry":{"type":"Polygon","coordinates":[[[-122.22061886536594,49.131386682597295],[-122.1954384115802,49.12552484545412],[-122.2054249160885,49.07983242472607],[-122.19167372497179,49.05724588871024],[-122.08032824877097,49.106161784027684],[-122.00680340531406,49.09818476748809],[-121.96206703065866,49.14479645835651],[-121.79845898242438,49.16065045007091],[-121.69345366394323,49.2165040297066],[-121.65915726951292,49.29367255045256],[-121.7357575284319,49.21311171847869],[-121.78007263557387,49.20496630888452],[-121.84019348360943,49.22579643947661],[-121.959592579557,49.21328226745895],[-122.04370742192353,49.15764873296559],[-122.22061886536594,49.131386682597295]]]},"properties":{"ELECTORAL_DISTRICT_ID":270,"BOUNDARY_SET_ID":11,"ED_ABBREVIATION":"CHN","ED_NAME":"Chilliwack North","GAZETTE_DATE":"2023-12-07Z","FEATURE_AREA_SQM":244622022.2081,"FEATURE_LENGTH_M":124298.5857,"OBJECTID":2867,"SE_ANNO_CAD_DATA":null},"id":"WHSE_ADMIN_BOUNDARIES.EBC_PROV_ELECTORAL_DIST_SVW.fid--7e6e9b65_19f025478b6_-7da3"},{"type":"Feature","geometry":{"type":"Polygon","coordinates":[[[-118.98267411521749,51.93507349701479],[-118.94440505900134,51.79275082946883],[-118.89311302235679,51.786169558222554],[-118.89014974445234,51.73191750641587],[-118.92576983203496,51.68714356846],[-118.87147373294579,51.6395393702858],[-118.81268355843524,51.62067251236414],[-118.84386895945596,51.52856034675006],[-118.73821130140203,51.52859986796427],[-118.69336482557392,51.50009324919047],[-118.679207442438,51.461043921110694],[-118.63086579728612,51.46182509981784],[-118.61864105698844,51.40952884303434],[-118.58019769054505,51.389418294819016],[-118.61724406394313,51.36516294113815],[-118.58289849045579,51.297287258673386],[-118.54031240564755,51.302486690863425],[-118.57658834967464,51.23994431642455],[-118.53989258687115,51.17868195001564],[-118.48509193577965,51.17648297042263],[-118.48203930577166,51.10356202652152],[-118.43048031976427,51.07413180772308],[-118.4284501492841,51.00307586565864],[-118.39481745725594,51.00370714600754],[-118.3289719375163,50.94545342264539],[-118.29485925788609,50.86479083216856],[-118.24398294187712,50.75515911072153],[-118.20675413276172,50.73644856025218],[-118.2080604405635,50.68917513451197],[-118.07208552470082,50.66993192969042],[-118.00885104065263,50.6438112176847],[-117.98861261269965,50.53372161232883],[-117.92661119536257,50.53370061770163],[-117.75333003630124,50.55754293846969],[-117.67197365971582,50.532785550743235],[-117.61630985343767,50.54375837203323],[-117.58660416478736,50.503950651955144],[-117.51028689385492,50.46074619279123],[-117.5004939904478,50.48644462603276],[-117.34381343614972,50.482550482020805],[-117.24425128015125,50.534900501841854],[-117.30746667174733,50.57411539506723],[-117.2306375219316,50.63167268106821],[-117.2753133103735,50.671579383488066],[-117.25302964439969,50.742414573472594],[-117.39939143188631,50.711476116659185],[-117.40212871855215,50.776089647945064],[-117.4662860376044,50.80355374530275],[-117.45404802218704,50.82841047182702],[-117.49071943405609,50.88303709063937],[-117.41556636058519,50.896350243359244],[-117.43733467535844,50.949273508333064],[-117.36801987611531,51.019375942185576],[-117.25720215597134,51.06004139249218],[-117.2104689950691,51.064646929076304],[-117.13562266571802,51.01751165191757],[-117.16769883413488,50.98156282689154],[-117.03790239687042,50.9576311250471],[-117.07284868448589,50.918934287441694],[-117.08692132567624,50.8642973438546],[-117.05243705385485,50.83168223659011],[-116.9604725448105,50.80899030887478],[-116.91759372134744,50.77336940817469],[-116.81323587718573,50.78363190437469],[-116.82968431164315,50.75032035989456],[-116.70856168284173,50.66751504611747],[-116.6571589939201,50.678203737439034],[-116.5766076338335,50.64273807528938],[-116.65533909764352,50.59811510354682],[-116.6892140602395,50.48333059299852],[-116.72301168329119,50.45970046691867],[-116.64229595896056,50.41127984041746],[-116.61966997478096,50.31607073153018],[-116.54214775175694,50.31933466288211],[-116.55584124633009,50.280728975483036],[-116.54970700363997,50.207545621089494],[-116.48847723939464,50.190779471879615],[-116.45292012986839,50.15539748226473],[-116.45469743357823,50.11848589220163],[-116.49463337106853,50.09985118023226],[-116.4988826848334,50.054405015604985],[-116.46991009401769,50.03922045063507],[-116.45261665683907,49.96837422365556],[-116.51189267829876,49.98643818353845],[-116.57917539411672,49.953963005265244],[-116.64400107998425,49.883467845761096],[-116.69511888163274,49.876112160359796],[-116.68534051496744,49.81310798563399],[-116.5869931833759,49.73717376989818],[-116.58699244357625,49.6996305426736],[-116.65697472776462,49.67092346718346],[-116.67794066154536,49.641931192396136],[-116.64468563286623,49.628521905438035],[-116.6861840569321,49.5790989912569],[-116.62291494963794,49.54630407836442],[-116.6608647562401,49.4712546526352],[-116.59231207966731,49.475213954717645],[-116.57848508327226,49.45470569636014],[-116.46504680689903,49.49313406953402],[-116.45248189254652,49.52770532784743],[-116.35980944857752,49.51534746330082],[-116.30430410824663,49.52577588061739],[-116.28576642138789,49.47885352190981],[-116.19401574115066,49.40161259484175],[-116.10158010301966,49.403377902231114],[-116.07033922293752,49.4518935942271],[-115.99665450045904,49.51299288906052],[-115.93162330325339,49.53670633152003],[-115.88562492643591,49.51605137879522],[-115.88140973872105,49.47007255920955],[-115.80557454884884,49.43282485557371],[-115.74562302583304,49.48865457504402],[-115.79606756348107,49.512558504727345],[-115.77118038927311,49.551610682335365],[-115.81945826068731,49.58177009577943],[-115.78989710245577,49.587938862883306],[-115.78994836090804,49.661912137810276],[-115.81164872048578,49.67658398684205],[-115.627816305697,49.68329514879649],[-115.59386666428847,49.707445827071545],[-115.54510822660062,49.815708830331836],[-115.47425589476596,49.84128743902048],[-115.4396383248848,49.82094790202919],[-115.33909604511791,49.85456778902709],[-115.34733786839048,49.95424927129902],[-115.32035656714179,49.952392457871454],[-115.23838750735393,49.9951009369521],[-115.2691816228806,50.03863154059683],[-115.21239729766236,50.06079686728416],[-115.20295421115749,50.10887781955348],[-115.08567027688328,50.10882263110108],[-115.05221668890033,50.11946468016794],[-115.13693444152399,50.25739330498416],[-115.11302783599781,50.27051739448051],[-115.13753188599604,50.31687434196972],[-115.09484714404321,50.32237072189165],[-115.12417190068957,50.3550659398373],[-115.13717793593722,50.4239375013569],[-115.12041112036695,50.44168350622394],[-115.16071569705173,50.4730428160124],[-115.16565532028929,50.51071635893929],[-115.20683366613716,50.52841109228611],[-115.24082876436057,50.58935158683906],[-115.31316764601577,50.638655579153294],[-115.27535335452752,50.648202054564585],[-115.31170147490296,50.72173683382044],[-115.41426161529218,50.711674437965016],[-115.4375817849931,50.75624649506379],[-115.482155579158,50.755432203088155],[-115.56699437630766,50.81576349277819],[-115.5675956120966,50.84390195298298],[-115.64337815996338,50.841381102906674],[-115.64965432151979,50.873598854895455],[-115.56183190598308,50.894588852962066],[-115.59699461066668,50.940099819569596],[-115.69570878776658,51.028431421039976],[-115.71875444811212,51.01652787931131],[-115.77331728046005,51.04348068530172],[-115.81388404150067,51.086048523810625],[-115.90481423687285,51.083347866904546],[-116.01345368402264,51.130806795451306],[-116.03610171173726,51.17014915521084],[-116.00714248246119,51.221119117094545],[-116.06521919728671,51.24889832066753],[-116.14892198924348,51.265390309603276],[-116.16331700099506,51.29750658638725],[-116.21968382224675,51.29344474116264],[-116.27065561369325,51.31336729401272],[-116.27975245229923,51.36190007680952],[-116.3126790169485,51.384782848911605],[-116.28386798438461,51.40746124699499],[-116.29220241212283,51.460834205348995],[-116.36290015707203,51.47173332447751],[-116.39863032977976,51.51262807254971],[-116.39591417283614,51.54813574788379],[-116.465947808452,51.565195996446],[-116.4662141772131,51.59898002269589],[-116.59721156562172,51.66583525933024],[-116.58848407134542,51.71569896616639],[-116.65159916886138,51.754147278411146],[-116.64451361129721,51.78692866182948],[-116.68066279031979,51.81274744114284],[-116.75429905157671,51.801451324880645],[-116.82142252351814,51.737617192385386],[-116.81162230698106,51.7051430818588],[-116.89656263018098,51.70252396115864],[-116.97603478624441,51.759716293628465],[-116.98007406281103,51.83304990217771],[-117.03507944709325,51.855173570977584],[-117.01950085192804,51.89125876349411],[-117.14497888371196,51.9723696242947],[-117.1960430025597,51.97853431458893],[-117.23722860787373,52.01059326755743],[-117.21400304535024,52.0287814889038],[-117.30611689305258,52.07480944415005],[-117.29420508425275,52.08729228282919],[-117.31638641481322,52.18733337776952],[-117.33944646956893,52.138573077891785],[-117.46375493976537,52.142477548028744],[-117.5197605390814,52.15667833933043],[-117.5788679866748,52.129106713914425],[-117.60954417798693,52.14369809510125],[-117.64805093418316,52.209349874570066],[-117.73283088880186,52.18790519798518],[-117.80994386870913,52.22051425264815],[-117.84405381399971,52.27306045715444],[-117.74613569573988,52.322799901415934],[-117.71635955630205,52.36516799430332],[-117.76296213179383,52.413857084236575],[-117.85339311002923,52.413526667763016],[-117.9154911547202,52.43662663124651],[-118.00552037047987,52.492823796856726],[-118.052247007469,52.414219545477614],[-118.04094869600118,52.39814235758878],[-118.1387317812395,52.40660928223631],[-118.18695479608382,52.37225735261485],[-118.22530651853154,52.379598083165455],[-118.29654436289195,52.33286977367875],[-118.30649305951881,52.36092705478076],[-118.36160150086577,52.362542820257836],[-118.39310936761807,52.33333086180847],[-118.49403230785532,52.31074112024719],[-118.51040151326978,52.28528943126844],[-118.56396240493244,52.29062345086554],[-118.57973159191533,52.18888362995308],[-118.68769124683222,52.14929096541243],[-118.75487201218768,52.1838907084488],[-118.83620675513352,52.163329041452826],[-118.86737107768226,52.10197623807299],[-118.8484056634231,52.049399412656186],[-118.94072106946439,52.03111256417862],[-118.97362675597843,51.97551997536325],[-118.89079529433593,51.95174636009759],[-118.90719819901962,51.9277872420218],[-118.98267411521749,51.93507349701479]]]},"properties":{"ELECTORAL_DISTRICT_ID":271,"BOUNDARY_SET_ID":11,"ED_ABBREVIATION":"CLR","ED_NAME":"Columbia River-Revelstoke","GAZETTE_DATE":"2023-12-07Z","FEATURE_AREA_SQM":39719346665.3838,"FEATURE_LENGTH_M":1773317.6404,"OBJECTID":2868,"SE_ANNO_CAD_DATA":null},"id":"WHSE_ADMIN_BOUNDARIES.EBC_PROV_ELECTORAL_DIST_SVW.fid--7e6e9b65_19f025478b6_-7da2"},{"type":"Feature","geometry":{"type":"Polygon","coordinates":[[[-122.94030977291844,49.569970164927206],[-122.91730875197926,49.54664090370642],[-122.87078006244039,49.45654911476876],[-122.869049,49.456366],[-122.859853,49.449856],[-122.855702,49.441799],[-122.857737,49.423529],[-122.86266,49.40644],[-122.8724112010347,49.38265407898889],[-122.83669302562524,49.382640701527315],[-122.82265560554306,49.29705390751853],[-122.8016236393476,49.28517144832899],[-122.790605094567,49.269244795241704],[-122.76162784163374,49.285733934935166],[-122.6984784788439,49.27850749641424],[-122.67682510982847,49.315587500179596],[-122.59043285594669,49.357353508000415],[-122.53624198402915,49.4319475425749],[-122.52626087545642,49.46752998962529],[-122.58195639021415,49.49033620996725],[-122.59672513490099,49.54079844041764],[-122.66760534851586,49.54098999695616],[-122.69362959039454,49.56983628995334],[-122.80415895632514,49.569890053318396],[-122.94030977291844,49.569970164927206]]]},"properties":{"ELECTORAL_DISTRICT_ID":272,"BOUNDARY_SET_ID":11,"ED_ABBREVIATION":"CQB","ED_NAME":"Coquitlam-Burke Mountain","GAZETTE_DATE":"2023-12-07Z","FEATURE_AREA_SQM":617060108.8839,"FEATURE_LENGTH_M":120808.2548,"OBJECTID":2869,"SE_ANNO_CAD_DATA":null},"id":"WHSE_ADMIN_BOUNDARIES.EBC_PROV_ELECTORAL_DIST_SVW.fid--7e6e9b65_19f025478b6_-7da1"},{"type":"Feature","geometry":{"type":"Polygon","coordinates":[[[-122.87587607081792,49.219915167036156],[-122.86148397654485,49.220730407400744],[-122.81719442400424,49.220229377264566],[-122.80522248763509,49.220390140498196],[-122.790605094567,49.269244795241704],[-122.8016236393476,49.28517144832899],[-122.86848226441971,49.270802761308346],[-122.86920228150504,49.249001945359865],[-122.87587607081792,49.219915167036156]]]},"properties":{"ELECTORAL_DISTRICT_ID":273,"BOUNDARY_SET_ID":11,"ED_ABBREVIATION":"CQM","ED_NAME":"Coquitlam-Maillardville","GAZETTE_DATE":"2023-12-07Z","FEATURE_AREA_SQM":33382963.0775,"FEATURE_LENGTH_M":28840.3628,"OBJECTID":2870,"SE_ANNO_CAD_DATA":null},"id":"WHSE_ADMIN_BOUNDARIES.EBC_PROV_ELECTORAL_DIST_SVW.fid--7e6e9b65_19f025478b6_-7da0"},{"type":"Feature","geometry":{"type":"Polygon","coordinates":[[[-125.55096567521224,49.78685588976976],[-125.54764006721763,49.756457565583766],[-125.48741944133194,49.72635725605886],[-125.51671381031753,49.71270015643994],[-125.38324382077094,49.60844909803266],[-125.23325445932765,49.49032624098603],[-125.1337770099826,49.50194992565673],[-125.11544062519279,49.536290818079685],[-125.16399216763759,49.558008231058736],[-125.10715218130099,49.578719439219824],[-125.13130374901917,49.59513180404858],[-125.06749971698292,49.60559071015866],[-125.09265000693284,49.652387794763335],[-124.99870202875816,49.65987872326516],[-124.9507740610562,49.655114937552],[-124.957834,49.659613],[-124.967926,49.662502],[-124.976226,49.668036],[-124.979726,49.681708],[-124.973256,49.684963],[-124.890981,49.672065],[-124.875844,49.677436],[-124.869862,49.695054],[-124.872914,49.712592],[-124.882069,49.724921],[-125.10066932928211,49.87254567277761],[-125.11605361104915,49.87257086353912],[-125.16081425590602,49.8649513430145],[-125.22575460089726,49.89665566768975],[-125.28290256671623,49.88733884637831],[-125.30151203396746,49.91895309053712],[-125.35678525355023,49.912326955623456],[-125.36523767358226,49.87331821728197],[-125.40304275444782,49.87331073999244],[-125.38866436283355,49.83577570236899],[-125.50865162710232,49.82735506450931],[-125.55096567521224,49.78685588976976]]]},"properties":{"ELECTORAL_DISTRICT_ID":274,"BOUNDARY_SET_ID":11,"ED_ABBREVIATION":"CRC","ED_NAME":"Courtenay-Comox","GAZETTE_DATE":"2023-12-07Z","FEATURE_AREA_SQM":1586738445.0904,"FEATURE_LENGTH_M":246616.3596,"OBJECTID":2871,"SE_ANNO_CAD_DATA":null},"id":"WHSE_ADMIN_BOUNDARIES.EBC_PROV_ELECTORAL_DIST_SVW.fid--7e6e9b65_19f025478b6_-7d9f"},{"type":"Feature","geometry":{"type":"MultiPolygon","coordinates":[[[[-124.46114729422105,48.658298494329166],[-124.44551958905699,48.635015519290306],[-124.4175083239702,48.625756022016276],[-124.41055478978231,48.66575636685022],[-124.27972290749527,48.6818047140481],[-124.28083116527175,48.722836898015174],[-124.19789973095187,48.65415404476297],[-124.01517338823386,48.65123583988124],[-123.8766448643537,48.639062554587966],[-123.89864773107787,48.66741916076761],[-123.89298018475054,48.719615475203746],[-123.57764433430937,48.71926069316031],[-123.631581,48.742133],[-123.650787,48.753119],[-123.650787,48.759955],[-123.636586,48.763861],[-123.617584,48.763251],[-123.598785,48.75845],[-123.585032,48.749701],[-123.572987,48.746243],[-123.56735662313321,48.75892864456609],[-123.57002363887703,48.76265957238036],[-123.5656761330849,48.77484276601685],[-123.565297,48.780911],[-123.568267,48.794135],[-123.575063,48.798245],[-123.582509,48.797756],[-123.590443,48.795478],[-123.598704,48.794135],[-123.602284,48.797309],[-123.600494,48.804389],[-123.596099,48.811428],[-123.591868,48.814602],[-123.579945,48.821601],[-123.593821,48.836982],[-123.717926,48.921536],[-123.732777,48.934394],[-123.73415145188565,48.936065742786475],[-123.79094213813632,48.93629312714297],[-123.80010512303313,48.96869282210063],[-123.90830764412344,49.00096182482722],[-123.92205059368948,48.98920180529275],[-124.08354102362254,49.00614703698367],[-124.08616281246248,48.98167947602492],[-124.1727216239356,49.008556798210925],[-124.3718914123698,48.98611448366056],[-124.3964171294791,48.966290101703365],[-124.38027392390623,48.922393911467786],[-124.46095647167714,48.92393063356737],[-124.35078534937881,48.87993502519012],[-124.31130945883602,48.80442836215517],[-124.34481822180943,48.75792193973887],[-124.39822371138202,48.73534394864243],[-124.41914758231611,48.68179794906364],[-124.46114729422105,48.658298494329166]]],[[[-123.706532,49.012112],[-123.700632,48.995876],[-123.693105,48.983832],[-123.68753,48.979397],[-123.682769,48.978868],[-123.678171,48.975735],[-123.675689,48.970852],[-123.673899,48.96894],[-123.671051,48.970974],[-123.671498,48.975694],[-123.674306,48.981065],[-123.672393,48.983629],[-123.656158,48.987331],[-123.654571,48.991075],[-123.65685,48.996731],[-123.67984,49.017849],[-123.685943,49.019232],[-123.690338,49.016995],[-123.692983,49.01317],[-123.697092,49.013332],[-123.703847,49.017198],[-123.706532,49.012112]]],[[[-123.702748,49.099921],[-123.697987,49.082099],[-123.658844,49.041205],[-123.65392,49.033677],[-123.632924,49.024359],[-123.60367180637033,49.000768687505456],[-123.58997588816688,49.00975025649975],[-123.658559,49.072699],[-123.687001,49.108547],[-123.697255,49.10932],[-123.702748,49.099921]]],[[[-123.66804,48.975165],[-123.662465,48.971096],[-123.660593,48.967556],[-123.66161,48.963772],[-123.660186,48.955634],[-123.655995,48.946926],[-123.649526,48.94302],[-123.642568,48.940985],[-123.63447,48.934597],[-123.630686,48.944363],[-123.633941,48.965522],[-123.639312,48.979885],[-123.644317,48.981879],[-123.651682,48.981676],[-123.656646,48.983507],[-123.66043,48.983507],[-123.666331,48.979844],[-123.66804,48.975165]]]]},"properties":{"ELECTORAL_DISTRICT_ID":275,"BOUNDARY_SET_ID":11,"ED_ABBREVIATION":"CWV","ED_NAME":"Cowichan Valley","GAZETTE_DATE":"2023-12-07Z","FEATURE_AREA_SQM":2320198603.2744,"FEATURE_LENGTH_M":391465.59,"OBJECTID":2872,"SE_ANNO_CAD_DATA":null},"id":"WHSE_ADMIN_BOUNDARIES.EBC_PROV_ELECTORAL_DIST_SVW.fid--7e6e9b65_19f025478b6_-7d9e"},{"type":"Feature","geometry":{"type":"Polygon","coordinates":[[[-122.99341120296482,49.154869656194656],[-122.94273270979312,49.159728444163854],[-122.92464798062574,49.119012069008924],[-122.89040909155453,49.119321122578775],[-122.89036555051533,49.12671988990297],[-122.89038041485121,49.14860144258799],[-122.91442531463811,49.1919593606966],[-122.9185460072015,49.19514706950122],[-122.99341120296482,49.154869656194656]]]},"properties":{"ELECTORAL_DISTRICT_ID":276,"BOUNDARY_SET_ID":11,"ED_ABBREVIATION":"DLN","ED_NAME":"Delta North","GAZETTE_DATE":"2023-12-07Z","FEATURE_AREA_SQM":28358632.4321,"FEATURE_LENGTH_M":29534.4808,"OBJECTID":2873,"SE_ANNO_CAD_DATA":null},"id":"WHSE_ADMIN_BOUNDARIES.EBC_PROV_ELECTORAL_DIST_SVW.fid--7e6e9b65_19f025478b6_-7d9d"},{"type":"Feature","geometry":{"type":"Polygon","coordinates":[[[-123.142974,49.06094],[-123.138783,49.053778],[-123.124623,49.04678],[-123.108306,49.033677],[-123.100494,49.021186],[-123.093739,49.005113],[-123.09298006815413,49.00217193508331],[-123.03584417887103,49.002162866209304],[-123.044057,49.017279],[-123.048573,49.035224],[-123.032826,49.050605],[-122.951283,49.082953],[-122.930043,49.086859],[-122.906606,49.088324],[-122.89037506334142,49.08712864785529],[-122.89044343674989,49.10823044789787],[-122.89040909155453,49.119321122578775],[-122.92464798062574,49.119012069008924],[-122.94273270979312,49.159728444163854],[-122.99341120296482,49.154869656194656],[-123.05014760359897,49.13166581684772],[-123.05427,49.123236],[-123.075673,49.105658],[-123.09267888822018,49.095855713969456],[-123.09542865320742,49.08998098501462],[-123.10247762513004,49.090207668969704],[-123.129465,49.074652],[-123.142974,49.06094]]]},"properties":{"ELECTORAL_DISTRICT_ID":277,"BOUNDARY_SET_ID":11,"ED_ABBREVIATION":"DLS","ED_NAME":"Delta South","GAZETTE_DATE":"2023-12-07Z","FEATURE_AREA_SQM":454872260.1379,"FEATURE_LENGTH_M":109473.397,"OBJECTID":2874,"SE_ANNO_CAD_DATA":null},"id":"WHSE_ADMIN_BOUNDARIES.EBC_PROV_ELECTORAL_DIST_SVW.fid--7e6e9b65_19f025478b6_-7d9c"},{"type":"Feature","geometry":{"type":"Polygon","coordinates":[[[-123.51840587489299,48.40285301264925],[-123.45827925858809,48.42602051873602],[-123.453359,48.43358],[-123.437327,48.444648],[-123.39032355967807,48.41884710306037],[-123.37796229077757,48.43440720916092],[-123.4211334438199,48.46406909209859],[-123.45622732779304,48.4934491073275],[-123.49747435096755,48.47488560646526],[-123.46784916542055,48.44924592070132],[-123.51420000583964,48.43580209658505],[-123.51840587489299,48.40285301264925]]]},"properties":{"ELECTORAL_DISTRICT_ID":278,"BOUNDARY_SET_ID":11,"ED_ABBREVIATION":"ESC","ED_NAME":"Esquimalt-Colwood","GAZETTE_DATE":"2023-12-07Z","FEATURE_AREA_SQM":52540601.1088,"FEATURE_LENGTH_M":49684.3992,"OBJECTID":2875,"SE_ANNO_CAD_DATA":null},"id":"WHSE_ADMIN_BOUNDARIES.EBC_PROV_ELECTORAL_DIST_SVW.fid--7e6e9b65_19f025478b6_-7d9b"},{"type":"Feature","geometry":{"type":"Polygon","coordinates":[[[-123.72895022296662,50.83049729416135],[-123.71956731662476,50.793756387827806],[-123.6289926407471,50.79097052141386],[-123.60238932774344,50.774303136118164],[-123.55325426604924,50.79273616300662],[-123.49607433704381,50.77140435497927],[-123.45942877153028,50.79892887237016],[-123.40772332266847,50.77317658291348],[-123.36816301324635,50.795880267488336],[-123.36160560871566,50.75331047506199],[-123.32021438739352,50.724689931799084],[-123.26660839518485,50.7304095565138],[-123.22012900582656,50.70832096456853],[-123.17644839977521,50.650831144934415],[-123.05236841440743,50.576831718854194],[-123.03536987578376,50.60341280639428],[-122.95305383080807,50.54936885567122],[-122.93940299711512,50.59475104923075],[-122.86631774351906,50.61588988685572],[-122.82671258738264,50.64906414047944],[-122.76559153863158,50.660693083503624],[-122.70390963234067,50.64197327513936],[-122.6290144563554,50.6522087080184],[-122.6193632795192,50.60304820882204],[-122.47924328381316,50.566343484150636],[-122.44746439610279,50.61818106039144],[-122.41344258258972,50.58579498358391],[-122.45582563032153,50.55837422909006],[-122.3344837195776,50.51998404258467],[-122.2857872886807,50.47987269402991],[-122.31903848596222,50.418853397257095],[-122.40963186516164,50.39744015928259],[-122.47569869542887,50.44254415508594],[-122.52253445018043,50.4164399255226],[-122.44191415781304,50.32978802031291],[-122.37041946408065,50.31663392980995],[-122.35962521623702,50.23311017901498],[-122.27588799511447,50.22514778095017],[-122.31827621844981,50.187162336078536],[-122.25713145597418,50.12209377006016],[-122.22232156170242,50.11981539106295],[-122.29007415673797,50.053108984705446],[-122.25838444133389,50.04457298569093],[-122.25265700281075,49.97717014105424],[-122.27055429348309,49.96310009853293],[-122.22615472599156,49.915283591298866],[-122.16902904143721,49.913245352532215],[-122.10567601021499,49.848248077711006],[-122.04023692454253,49.81813274403815],[-121.9930025046666,49.818694446512794],[-121.94952964674299,49.85553803131355],[-121.86085380368675,49.87964137284036],[-121.79219947372204,49.8402156708337],[-121.77202965167261,49.87163783121241],[-121.71286253153764,49.82299128643476],[-121.70506967721614,49.78696163287205],[-121.73237809963874,49.73655100980899],[-121.70164778480053,49.70237542455435],[-122.47463151333201,49.69864894210394],[-122.46546164397274,49.65687079296374],[-122.34581448961029,49.62093122544337],[-122.35065379940255,49.656811688448336],[-122.28259144498814,49.65719230786061],[-122.288626774275,49.60816318775397],[-122.20668863665021,49.58804017775363],[-122.09949785506883,49.60887030811679],[-122.07393721027505,49.54060439172666],[-122.13242363320879,49.51308332621718],[-122.13928958846739,49.47378618483804],[-122.22042737572639,49.47150887450871],[-122.28417069080999,49.4132163411739],[-122.30235086203001,49.352952137245154],[-122.26948484468805,49.263701060145166],[-122.26965387758061,49.17666264027387],[-122.22061886536594,49.131386682597295],[-122.04370742192353,49.15764873296559],[-121.959592579557,49.21328226745895],[-121.84019348360943,49.22579643947661],[-121.78007263557387,49.20496630888452],[-121.7357575284319,49.21311171847869],[-121.65915726951292,49.29367255045256],[-121.50305328336296,49.29479007349661],[-121.50304115121727,49.172473449891996],[-121.48156333095174,49.137677941516294],[-121.40898227666375,49.139170328361715],[-121.38820767013706,49.074259137272634],[-121.34512543813433,49.09745274323732],[-121.30292281266779,49.05791384299365],[-121.27193366643253,49.000830106530394],[-120.64522518586944,49.00022125727882],[-120.61478035729695,49.0196221929444],[-120.64532176902212,49.05168826773183],[-120.60768600379345,49.07755974273527],[-120.59791677498598,49.1270218227965],[-120.64284318029429,49.14402154187285],[-120.64284667769736,49.177184257265765],[-120.68479579500624,49.15862753332387],[-120.75660000050304,49.158272536883665],[-120.78171967982493,49.197887988277486],[-120.84366523607964,49.20716653484701],[-120.84831395569626,49.24563175941726],[-120.81077102217093,49.29040178152256],[-120.90754882761672,49.3067687952708],[-120.94437990020484,49.270375617302115],[-121.00027932692666,49.27715022506637],[-120.99933446820815,49.31339386171352],[-121.09810487958286,49.34723414471557],[-121.09909925898789,49.44072138435982],[-121.04930554866779,49.47291706167344],[-121.08060845915335,49.51534461427652],[-121.04527536698146,49.52931682072956],[-121.0412305414472,49.58347380620615],[-120.98959803656335,49.597556745307394],[-120.94850658128716,49.71588219640327],[-120.91750973552658,49.759739299890605],[-120.77317063865827,49.76330409545861],[-120.76183469249781,49.74927064862205],[-120.60126546429701,49.74919053663562],[-120.58908079225758,49.77255184335185],[-120.48951112330447,49.772572494487115],[-120.43066029506123,49.81526423824831],[-120.38686943387029,49.87739537279733],[-120.33896796935099,49.91240706784815],[-120.24598705525953,49.874142834561866],[-120.24787873519192,49.84601220733753],[-120.17054234411941,49.86144850068798],[-120.07579195772678,49.834436589598134],[-120.0553147641656,49.8557698212708],[-120.0386779969501,49.906624421754415],[-119.95358439013054,49.946387081759596],[-119.9310758644797,49.93409385956845],[-119.88377104386993,49.96766674730866],[-119.7720301056903,50.01428361297934],[-119.80375090252237,50.022957760069744],[-119.7299270021641,50.106823041751916],[-119.77760283172178,50.12048049695567],[-119.77697216212113,50.1465745049897],[-119.83091351300733,50.18238767466527],[-119.74675458531159,50.20525228803773],[-119.76059565171549,50.23584082872777],[-119.68090860981249,50.30421205223461],[-119.7099317372642,50.32086390776225],[-119.63624751084329,50.37150238409562],[-119.65265533743454,50.401827818238004],[-119.7900242824561,50.35790974144833],[-120.08854928307768,50.35780056056131],[-120.08856354234155,50.37134846162106],[-120.22592297347147,50.37130867439239],[-120.22591837235058,50.386072444453305],[-120.34113179867948,50.38607433603322],[-120.43247320621852,50.38606282795556],[-120.43239622854074,50.40058807821535],[-120.56864039303083,50.40130721940853],[-120.6373873918294,50.43046377305736],[-120.72904643316342,50.43047441497113],[-120.79799474171624,50.45956171744463],[-120.78681930241362,50.503240327635496],[-120.9588821463774,50.503344294721764],[-120.95893512673577,50.5468781033697],[-121.02774472481867,50.546893056992964],[-121.0964629358586,50.57602134361113],[-121.21112637613447,50.57588960376957],[-121.24030663352399,50.58800250479359],[-121.23808485055808,50.65869171263681],[-121.28076971252409,50.69225641105379],[-121.31485018218824,50.66447934346883],[-121.41340450463841,50.65962492577625],[-121.39626902612409,50.69288199548091],[-121.31310100424689,50.75622121528252],[-121.33453963248981,50.82009949751911],[-121.40211296865776,50.830716267004064],[-121.38343058030432,50.845800424144166],[-121.4241944112361,50.93984624176656],[-121.44502864301809,50.9252946245004],[-121.62682262423965,50.92529490582096],[-121.6277760680823,50.997742557737986],[-121.91582796883851,50.99777567053066],[-121.9142727302326,50.98725005076165],[-122.19411357609495,50.9874017290855],[-122.15117921143847,51.00698959304906],[-122.30789959198552,51.04326491830507],[-122.36227654311823,51.07230525956581],[-122.37725638405978,51.11223154515116],[-122.45713676579022,51.109050929434005],[-122.46328417661722,51.15178397542397],[-122.50745629896127,51.168722097747356],[-122.51344940993954,51.20403287720599],[-122.58147840753911,51.17787655908974],[-122.61366461244195,51.1268122441485],[-122.58022266545147,51.09557434821983],[-122.61613305243067,51.078944923259584],[-122.66862274472449,51.09110126277669],[-122.73128285203833,51.154649128912325],[-122.82370875622486,51.14378241112962],[-122.94639265409835,51.19282969006515],[-123.06668404758605,51.210303671041636],[-123.04312348568322,51.15307324112977],[-123.08221575778889,51.12943563789987],[-123.1489536052732,51.12454098696512],[-123.18096464709468,51.0715397463757],[-123.23851005313239,51.05599663730046],[-123.24156572928729,51.00158578694101],[-123.3633580907633,50.99025477672979],[-123.41604826865586,50.971149364390776],[-123.50452771620691,50.962420740426424],[-123.53639509358482,50.93012892966505],[-123.57837755446683,50.93277938322122],[-123.61112814311468,50.895184527875976],[-123.65690158770298,50.902346164931565],[-123.68505057773581,50.87939652174074],[-123.72895022296662,50.83049729416135]]]},"properties":{"ELECTORAL_DISTRICT_ID":279,"BOUNDARY_SET_ID":11,"ED_ABBREVIATION":"FRN","ED_NAME":"Fraser-Nicola","GAZETTE_DATE":"2023-12-07Z","FEATURE_AREA_SQM":27818091788.6999,"FEATURE_LENGTH_M":1733721.0633,"OBJECTID":2876,"SE_ANNO_CAD_DATA":null},"id":"WHSE_ADMIN_BOUNDARIES.EBC_PROV_ELECTORAL_DIST_SVW.fid--7e6e9b65_19f025478b6_-7d9a"},{"type":"Feature","geometry":{"type":"Polygon","coordinates":[[[-124.50300773057225,48.54446470755933],[-124.49356,48.542141],[-124.485666,48.540229],[-124.467519,48.555976],[-124.457265,48.56273],[-124.445302,48.568183],[-124.434682,48.569159],[-124.401438,48.565253],[-124.390696,48.560736],[-124.407786,48.552395],[-124.429677,48.53852],[-124.437896,48.525539],[-124.414215,48.519761],[-124.38915,48.517971],[-124.1315,48.433498],[-123.890777,48.366889],[-123.841176,48.361884],[-123.780629,48.36286],[-123.733754,48.350775],[-123.705393,48.338039],[-123.685048,48.33218],[-123.667795,48.317613],[-123.65392,48.314276],[-123.639963,48.316799],[-123.612457,48.32685],[-123.59557,48.327948],[-123.595286,48.310045],[-123.572174,48.306098],[-123.550608,48.313056],[-123.554596,48.327948],[-123.545481,48.336575],[-123.527903,48.348334],[-123.519846,48.355292],[-123.515696,48.364732],[-123.515126,48.373765],[-123.511098,48.38052],[-123.496246,48.383205],[-123.480214,48.39232],[-123.45827925858809,48.42602051873602],[-123.51840587489299,48.40285301264925],[-123.57538007143887,48.42586147133022],[-123.55831675020495,48.455561221220535],[-123.5486151412111,48.54406515269941],[-123.53853851311551,48.54820977992221],[-123.540924,48.554511],[-123.53482,48.565375],[-123.525868,48.572089],[-123.517568,48.58039],[-123.513661,48.595445],[-123.516957,48.610826],[-123.525299,48.620673],[-123.534657,48.628119],[-123.540924,48.636461],[-123.542348,48.650295],[-123.536977,48.65762],[-123.529937,48.66474],[-123.526682,48.678046],[-123.530873,48.684963],[-123.551991,48.70539],[-123.560862,48.712144],[-123.57764433430937,48.71926069316031],[-123.89298018475054,48.719615475203746],[-123.89864773107787,48.66741916076761],[-123.8766448643537,48.639062554587966],[-124.01517338823386,48.65123583988124],[-124.19789973095187,48.65415404476297],[-124.28083116527175,48.722836898015174],[-124.27972290749527,48.6818047140481],[-124.41055478978231,48.66575636685022],[-124.4175083239702,48.625756022016276],[-124.44551958905699,48.635015519290306],[-124.48912780461629,48.63502726902045],[-124.50290833873778,48.5607073951962],[-124.50300773057225,48.54446470755933]]]},"properties":{"ELECTORAL_DISTRICT_ID":280,"BOUNDARY_SET_ID":11,"ED_ABBREVIATION":"JFM","ED_NAME":"Juan de Fuca-Malahat","GAZETTE_DATE":"2023-12-07Z","FEATURE_AREA_SQM":3115655363.1172,"FEATURE_LENGTH_M":295826.671,"OBJECTID":2877,"SE_ANNO_CAD_DATA":null},"id":"WHSE_ADMIN_BOUNDARIES.EBC_PROV_ELECTORAL_DIST_SVW.fid--7e6e9b65_19f025478b6_-7d99"},{"type":"Feature","geometry":{"type":"Polygon","coordinates":[[[-120.5191912434012,50.69268972708761],[-120.47331605590634,50.686625443838544],[-120.47297969362762,50.61996567929946],[-120.35767709523557,50.61912824434898],[-120.33458892056618,50.619143198369],[-120.35463754941844,50.713439921694324],[-120.46399237161664,50.71501670145048],[-120.5151565180341,50.729515864930164],[-120.5191912434012,50.69268972708761]]]},"properties":{"ELECTORAL_DISTRICT_ID":281,"BOUNDARY_SET_ID":11,"ED_ABBREVIATION":"KAC","ED_NAME":"Kamloops Centre","GAZETTE_DATE":"2023-12-07Z","FEATURE_AREA_SQM":113813714.5087,"FEATURE_LENGTH_M":61450.4364,"OBJECTID":2878,"SE_ANNO_CAD_DATA":null},"id":"WHSE_ADMIN_BOUNDARIES.EBC_PROV_ELECTORAL_DIST_SVW.fid--7e6e9b65_19f025478b6_-7d98"},{"type":"Feature","geometry":{"type":"Polygon","coordinates":[[[-120.55968616602901,51.04113307461751],[-120.51532665454279,51.012057420758964],[-120.46880375654604,51.01205663257859],[-120.52542531500283,50.975017675980304],[-120.31189156906626,50.88093056947048],[-120.33481170790768,50.82274817126875],[-120.38079900649902,50.82270366483631],[-120.3807567959027,50.74288456203547],[-120.47303698371364,50.74278700376089],[-120.5151565180341,50.729515864930164],[-120.46399237161664,50.71501670145048],[-120.35463754941844,50.713439921694324],[-120.33458892056618,50.619143198369],[-120.35767709523557,50.61912824434898],[-120.34040560174145,50.575383026338756],[-120.34113179867948,50.38607433603322],[-120.22591837235058,50.386072444453305],[-120.22592297347147,50.37130867439239],[-120.08856354234155,50.37134846162106],[-120.08854928307768,50.35780056056131],[-119.7900242824561,50.35790974144833],[-119.65265533743454,50.401827818238004],[-119.65252928992322,50.57614703019463],[-119.52662428185646,50.57624067154777],[-119.5268662426383,50.75083627962743],[-119.46974369684014,50.750836279431994],[-119.46990500541914,50.83799967342161],[-119.51583163321592,50.838150283859754],[-119.51556565975349,50.867121194819674],[-119.59245393597301,50.85341353503362],[-119.62819523022577,50.87862097305819],[-119.66613823957684,50.867582638424174],[-119.66613976268896,50.92533717687099],[-119.64241019876431,50.92529801091719],[-119.71070411450769,50.98350010780323],[-119.5393316676399,50.9835162478774],[-119.53950653379626,51.08424695824713],[-119.47711143898454,51.18666784811707],[-119.44347697033915,51.18289974618927],[-119.43213585707669,51.231846974106524],[-119.34849218902512,51.26537321919927],[-119.2692311480708,51.25608167677527],[-119.08756415267307,51.39632357416528],[-119.05570598086058,51.39684305402202],[-118.94598797753696,51.4612803389828],[-118.945498807471,51.51101907158117],[-118.98580294874355,51.54798763037852],[-118.96309432314459,51.61549230688296],[-118.97349592687019,51.64680474295026],[-119.28364587148494,51.64687951496379],[-119.33656269827839,51.58616732800754],[-119.40426427289734,51.58635541298877],[-119.4634071138658,51.56423531543121],[-119.50736276677786,51.60292147904124],[-119.55098219298668,51.5986065582148],[-119.63050398033317,51.47964669956338],[-119.69979664554451,51.479646701419],[-119.69484817218927,51.678981565780475],[-119.59888111680009,51.79730325931033],[-119.52075681345227,51.80943828206975],[-119.47265708474832,51.848584220215166],[-119.51185629288894,51.890388063429384],[-119.44916952311007,51.925171324504355],[-119.4501603989998,52.02546033463719],[-119.57284071016282,52.04918043855546],[-119.48390852478941,52.109565456850426],[-119.52281391940569,52.13276801089311],[-119.48528987197169,52.20390683772967],[-119.51507600055331,52.228787922504814],[-119.53307941224065,52.310605409055604],[-119.47368536726803,52.34775522070279],[-119.4804727467094,52.36893318308296],[-119.56645542887878,52.39974858724438],[-119.62199172435027,52.47593830346145],[-119.65540172253289,52.48893049459185],[-119.65539032270165,52.52990438925235],[-119.69976949885803,52.53463715565035],[-119.6957379179231,52.57375741829287],[-119.73266080804403,52.613962314124244],[-119.76654265899683,52.608971688599475],[-119.76608904196006,52.65697157784958],[-119.89745553473435,52.715701526958426],[-120.01270401156765,52.75373254602034],[-120.04952865170816,52.8237388459576],[-120.13945403121471,52.875815061949986],[-120.17269619950928,52.8574217538979],[-120.21242089994706,52.876913126760485],[-120.25943685751368,52.852352635917995],[-120.31158074780963,52.85830262678046],[-120.31060310688686,52.78096805742969],[-120.2742698558344,52.74907431281628],[-120.29743459260597,52.72503116640141],[-120.26237025648152,52.68241668522382],[-120.2896520731525,52.65404287437429],[-120.23836582085862,52.63874829016122],[-120.28100208467704,52.61472650666449],[-120.36549096295461,52.52716077303328],[-120.51413012348644,52.497861581809204],[-120.54366170270973,52.46447846961612],[-120.45763784998225,52.42253514739217],[-120.51252054324878,52.39243626286087],[-120.53657069555673,52.33536997378896],[-120.46609301790556,52.30403202595895],[-120.49406415509397,52.28540372355816],[-120.38623117191145,52.175948960671285],[-120.38969169722989,52.13792848418871],[-120.33416398714282,52.16383855191526],[-120.29064628378266,52.08240190426775],[-120.32427155168425,52.0472274926272],[-120.20688645540409,51.97647170249975],[-120.27699175427588,51.889292642526314],[-120.22075620655814,51.87330055104246],[-120.2382792452944,51.82682147873609],[-120.30528030549529,51.832354887573075],[-120.34026872654208,51.7307752901925],[-120.3969563926032,51.702552445286145],[-120.44681563454334,51.717023480981155],[-120.5241552642676,51.690889950812526],[-120.55968447066391,51.66141237730077],[-120.55968616602901,51.04113307461751]]]},"properties":{"ELECTORAL_DISTRICT_ID":282,"BOUNDARY_SET_ID":11,"ED_ABBREVIATION":"KAN","ED_NAME":"Kamloops-North Thompson","GAZETTE_DATE":"2023-12-07Z","FEATURE_AREA_SQM":17023759593.4249,"FEATURE_LENGTH_M":1143536.0968,"OBJECTID":2879,"SE_ANNO_CAD_DATA":null},"id":"WHSE_ADMIN_BOUNDARIES.EBC_PROV_ELECTORAL_DIST_SVW.fid--7e6e9b65_19f025478b6_-7d97"},{"type":"Feature","geometry":{"type":"Polygon","coordinates":[[[-119.51827453609395,49.90397708702218],[-119.51185321147652,49.876178328591514],[-119.44303520458253,49.86082077973651],[-119.41757274717087,49.8890343740132],[-119.39081492328947,49.9360460949382],[-119.42412410294801,49.96878653244103],[-119.47536332181011,49.975696407574496],[-119.51827453609395,49.90397708702218]]]},"properties":{"ELECTORAL_DISTRICT_ID":283,"BOUNDARY_SET_ID":11,"ED_ABBREVIATION":"KEC","ED_NAME":"Kelowna Centre","GAZETTE_DATE":"2023-12-07Z","FEATURE_AREA_SQM":72062780.7223,"FEATURE_LENGTH_M":38461.1496,"OBJECTID":2880,"SE_ANNO_CAD_DATA":null},"id":"WHSE_ADMIN_BOUNDARIES.EBC_PROV_ELECTORAL_DIST_SVW.fid--7e6e9b65_19f025478b6_-7d96"},{"type":"Feature","geometry":{"type":"Polygon","coordinates":[[[-119.48479168850801,50.09823025611815],[-119.46610808231475,50.0176856416532],[-119.47536332181011,49.975696407574496],[-119.42412410294801,49.96878653244103],[-119.39081492328947,49.9360460949382],[-119.41757274717087,49.8890343740132],[-119.29179334446539,49.85901345856095],[-119.15434593029647,49.86787026005222],[-119.08942206672496,49.837580887531544],[-119.09405734474926,49.79320038724231],[-119.05522310809977,49.81198108025606],[-118.67205996954351,49.81206724468609],[-118.67238960118293,50.180080013359635],[-119.22218119016408,50.18018691504367],[-119.2278133395128,50.194641336274174],[-119.06882895408363,50.223489644715556],[-119.06888798946572,50.24894667529097],[-119.21685127951636,50.252902772672435],[-119.35340672323146,50.20922333938608],[-119.35346591504349,50.180360312060394],[-119.40991095601055,50.18028411728041],[-119.45398893233347,50.151511883544],[-119.47705010159652,50.15150966223761],[-119.48479168850801,50.09823025611815]]]},"properties":{"ELECTORAL_DISTRICT_ID":284,"BOUNDARY_SET_ID":11,"ED_ABBREVIATION":"KLC","ED_NAME":"Kelowna-Lake Country-Coldstream","GAZETTE_DATE":"2023-12-07Z","FEATURE_AREA_SQM":2227384405.4754,"FEATURE_LENGTH_M":259105.0099,"OBJECTID":2881,"SE_ANNO_CAD_DATA":null},"id":"WHSE_ADMIN_BOUNDARIES.EBC_PROV_ELECTORAL_DIST_SVW.fid--7e6e9b65_19f025478b6_-7d95"},{"type":"Feature","geometry":{"type":"Polygon","coordinates":[[[-119.69550495937628,49.7594128000448],[-119.54431829499406,49.75941315609289],[-119.51623166409463,49.72770633818567],[-119.46643400869154,49.738236624578754],[-119.42638944160183,49.67032779122931],[-119.37664517745795,49.67867828682947],[-119.26051735292778,49.73574706819437],[-119.15306611956552,49.76356828696454],[-119.15322798604694,49.825182788408505],[-119.09405734474926,49.79320038724231],[-119.08942206672496,49.837580887531544],[-119.15434593029647,49.86787026005222],[-119.29179334446539,49.85901345856095],[-119.41757274717087,49.8890343740132],[-119.44303520458253,49.86082077973651],[-119.51185321147652,49.876178328591514],[-119.53234352019702,49.82854145693751],[-119.57393840411389,49.80593336319701],[-119.69538959034534,49.7759821825059],[-119.69550495937628,49.7594128000448]]]},"properties":{"ELECTORAL_DISTRICT_ID":285,"BOUNDARY_SET_ID":11,"ED_ABBREVIATION":"KLM","ED_NAME":"Kelowna-Mission","GAZETTE_DATE":"2023-12-07Z","FEATURE_AREA_SQM":523331072.918,"FEATURE_LENGTH_M":144437.7575,"OBJECTID":2882,"SE_ANNO_CAD_DATA":null},"id":"WHSE_ADMIN_BOUNDARIES.EBC_PROV_ELECTORAL_DIST_SVW.fid--7e6e9b65_19f025478b6_-7d94"},{"type":"Feature","geometry":{"type":"Polygon","coordinates":[[[-117.93545907283537,50.45733877110427],[-117.90960694521489,50.39103684038675],[-117.90870210519226,50.33525998642099],[-117.85617409815218,50.28164880456448],[-117.81222318121799,50.202047100921405],[-117.6940753688728,50.20236221095385],[-117.67763493320705,50.1383016739358],[-117.59113868701596,50.109213677870464],[-117.63186227864567,50.07614410146283],[-117.55740359338907,50.00510814364229],[-117.51151857002544,50.015586408123255],[-117.40424638991074,50.00812944071307],[-117.37856934761325,49.95213022034153],[-117.3426096615434,49.952449070815504],[-117.21479792136117,49.90908056543325],[-117.23381776364015,49.85523193686266],[-117.2785875594535,49.84049481987353],[-117.2794412800231,49.808862773110235],[-117.23007740878569,49.77496231730664],[-117.2827484118305,49.746676451395324],[-117.27274953811394,49.711609923717575],[-117.19405347891994,49.71160863675296],[-117.25570085344687,49.684425327982254],[-117.3163792183139,49.678069107169485],[-117.32096297133475,49.62474538771749],[-117.39338388872127,49.63414624577906],[-117.41402369270659,49.58410871178711],[-117.4998685462699,49.57389855701367],[-117.55622937704071,49.539132304439796],[-117.54473315051793,49.47973985596451],[-117.4874987416788,49.451012370038455],[-117.51624255344225,49.392182730168436],[-117.56521743596551,49.34850485779272],[-117.4947305232307,49.34884421271771],[-117.49450513928575,49.17488807527099],[-117.51616984756063,49.08819645019315],[-117.46627915720903,49.088263032396675],[-117.46935915642742,49.00054989335116],[-117.13488839442606,48.99880594922944],[-116.49925188944641,48.9998627124957],[-116.02693268701331,49.00087105312913],[-116.02705571158236,49.19979073248892],[-116.09757982036648,49.20009622487796],[-116.06254182742705,49.23385746432054],[-116.1048731660488,49.29283931539763],[-116.16706830243707,49.28750600731018],[-116.18351649395272,49.32073423668656],[-116.15671662208727,49.355714243089565],[-116.19401574115066,49.40161259484175],[-116.28576642138789,49.47885352190981],[-116.30430410824663,49.52577588061739],[-116.35980944857752,49.51534746330082],[-116.45248189254652,49.52770532784743],[-116.46504680689903,49.49313406953402],[-116.57848508327226,49.45470569636014],[-116.59231207966731,49.475213954717645],[-116.6608647562401,49.4712546526352],[-116.62291494963794,49.54630407836442],[-116.6861840569321,49.5790989912569],[-116.64468563286623,49.628521905438035],[-116.67794066154536,49.641931192396136],[-116.65697472776462,49.67092346718346],[-116.58699244357625,49.6996305426736],[-116.5869931833759,49.73717376989818],[-116.68534051496744,49.81310798563399],[-116.69511888163274,49.876112160359796],[-116.64400107998425,49.883467845761096],[-116.57917539411672,49.953963005265244],[-116.51189267829876,49.98643818353845],[-116.45261665683907,49.96837422365556],[-116.46991009401769,50.03922045063507],[-116.4988826848334,50.054405015604985],[-116.49463337106853,50.09985118023226],[-116.45469743357823,50.11848589220163],[-116.45292012986839,50.15539748226473],[-116.48847723939464,50.190779471879615],[-116.54970700363997,50.207545621089494],[-116.55584124633009,50.280728975483036],[-116.54214775175694,50.31933466288211],[-116.61966997478096,50.31607073153018],[-116.64229595896056,50.41127984041746],[-116.72301168329119,50.45970046691867],[-116.6892140602395,50.48333059299852],[-116.65533909764352,50.59811510354682],[-116.5766076338335,50.64273807528938],[-116.6571589939201,50.678203737439034],[-116.70856168284173,50.66751504611747],[-116.82968431164315,50.75032035989456],[-116.81323587718573,50.78363190437469],[-116.91759372134744,50.77336940817469],[-116.9604725448105,50.80899030887478],[-117.05243705385485,50.83168223659011],[-117.08692132567624,50.8642973438546],[-117.07284868448589,50.918934287441694],[-117.03790239687042,50.9576311250471],[-117.16769883413488,50.98156282689154],[-117.13562266571802,51.01751165191757],[-117.2104689950691,51.064646929076304],[-117.25720215597134,51.06004139249218],[-117.36801987611531,51.019375942185576],[-117.43733467535844,50.949273508333064],[-117.41556636058519,50.896350243359244],[-117.49071943405609,50.88303709063937],[-117.45404802218704,50.82841047182702],[-117.4662860376044,50.80355374530275],[-117.40212871855215,50.776089647945064],[-117.39939143188631,50.711476116659185],[-117.25302964439969,50.742414573472594],[-117.2753133103735,50.671579383488066],[-117.2306375219316,50.63167268106821],[-117.30746667174733,50.57411539506723],[-117.24425128015125,50.534900501841854],[-117.34381343614972,50.482550482020805],[-117.5004939904478,50.48644462603276],[-117.51028689385492,50.46074619279123],[-117.58660416478736,50.503950651955144],[-117.61630985343767,50.54375837203323],[-117.67197365971582,50.532785550743235],[-117.75333003630124,50.55754293846969],[-117.92661119536257,50.53370061770163],[-117.93545907283537,50.45733877110427]]]},"properties":{"ELECTORAL_DISTRICT_ID":286,"BOUNDARY_SET_ID":11,"ED_ABBREVIATION":"KOC","ED_NAME":"Kootenay Central","GAZETTE_DATE":"2023-12-07Z","FEATURE_AREA_SQM":15381543636.2797,"FEATURE_LENGTH_M":1030753.2493,"OBJECTID":2883,"SE_ANNO_CAD_DATA":null},"id":"WHSE_ADMIN_BOUNDARIES.EBC_PROV_ELECTORAL_DIST_SVW.fid--7e6e9b65_19f025478b6_-7d93"},{"type":"Feature","geometry":{"type":"Polygon","coordinates":[[[-118.79080598120139,50.24496379235902],[-118.69548118448122,50.23915505749034],[-118.67238960118293,50.180080013359635],[-118.67205996954351,49.81206724468609],[-118.31360175669101,49.812116735720366],[-118.28551400103983,49.78864042432196],[-118.27324684672998,49.66294718214115],[-118.24504697268718,49.66124810049783],[-118.24526653014519,49.56072348615311],[-118.2793001143371,49.523028580642375],[-118.27497888970066,49.42073438575636],[-118.17234621680593,49.24507062072915],[-118.1342995602598,49.26537557377742],[-118.13168192972373,49.22433331161932],[-118.08940124565913,49.15264320594234],[-118.05782944797578,49.14360897154349],[-118.04843166919419,49.045803697493774],[-118.07655974110892,49.00017137649312],[-117.46935915642742,49.00054989335116],[-117.46627915720903,49.088263032396675],[-117.51616984756063,49.08819645019315],[-117.49450513928575,49.17488807527099],[-117.4947305232307,49.34884421271771],[-117.56521743596551,49.34850485779272],[-117.51624255344225,49.392182730168436],[-117.4874987416788,49.451012370038455],[-117.54473315051793,49.47973985596451],[-117.55622937704071,49.539132304439796],[-117.4998685462699,49.57389855701367],[-117.41402369270659,49.58410871178711],[-117.39338388872127,49.63414624577906],[-117.32096297133475,49.62474538771749],[-117.3163792183139,49.678069107169485],[-117.25570085344687,49.684425327982254],[-117.19405347891994,49.71160863675296],[-117.27274953811394,49.711609923717575],[-117.2827484118305,49.746676451395324],[-117.23007740878569,49.77496231730664],[-117.2794412800231,49.808862773110235],[-117.2785875594535,49.84049481987353],[-117.23381776364015,49.85523193686266],[-117.21479792136117,49.90908056543325],[-117.3426096615434,49.952449070815504],[-117.37856934761325,49.95213022034153],[-117.40424638991074,50.00812944071307],[-117.51151857002544,50.015586408123255],[-117.55740359338907,50.00510814364229],[-117.63186227864567,50.07614410146283],[-117.59113868701596,50.109213677870464],[-117.67763493320705,50.1383016739358],[-117.6940753688728,50.20236221095385],[-117.81222318121799,50.202047100921405],[-117.85617409815218,50.28164880456448],[-117.90870210519226,50.33525998642099],[-117.90960694521489,50.39103684038675],[-117.93545907283537,50.45733877110427],[-117.92661119536257,50.53370061770163],[-117.98861261269965,50.53372161232883],[-118.00885104065263,50.6438112176847],[-118.07208552470082,50.66993192969042],[-118.2080604405635,50.68917513451197],[-118.20675413276172,50.73644856025218],[-118.24398294187712,50.75515911072153],[-118.29485925788609,50.86479083216856],[-118.37466693444347,50.83191465394851],[-118.43499618695829,50.82564409386688],[-118.45522212033926,50.77251989564645],[-118.40692965396566,50.72030825276474],[-118.41768859568556,50.666087683058805],[-118.47521577755862,50.62870805423467],[-118.48222192277235,50.556790605339614],[-118.55612759398817,50.537840850686955],[-118.57538706241995,50.48838032901706],[-118.69430934777309,50.488635376191304],[-118.69530001662457,50.26786698652443],[-118.6331736139617,50.260605862992676],[-118.6777129967718,50.244431990193036],[-118.7907682315231,50.27047055571779],[-118.79080598120139,50.24496379235902]]]},"properties":{"ELECTORAL_DISTRICT_ID":287,"BOUNDARY_SET_ID":11,"ED_ABBREVIATION":"KOM","ED_NAME":"Kootenay-Monashee","GAZETTE_DATE":"2023-12-07Z","FEATURE_AREA_SQM":11551378266.181,"FEATURE_LENGTH_M":734530.7029,"OBJECTID":2884,"SE_ANNO_CAD_DATA":null},"id":"WHSE_ADMIN_BOUNDARIES.EBC_PROV_ELECTORAL_DIST_SVW.fid--7e6e9b65_19f025478b6_-7d92"},{"type":"Feature","geometry":{"type":"Polygon","coordinates":[[[-116.19401574115066,49.40161259484175],[-116.15671662208727,49.355714243089565],[-116.18351649395272,49.32073423668656],[-116.16706830243707,49.28750600731018],[-116.1048731660488,49.29283931539763],[-116.06254182742705,49.23385746432054],[-116.09757982036648,49.20009622487796],[-116.02705571158236,49.19979073248892],[-116.02693268701331,49.00087105312913],[-115.26255768372164,48.999637687359986],[-114.75952875903663,49.00041601779681],[-114.06844388383092,48.99886327355656],[-114.05522616948318,49.04102200691992],[-114.1535683731205,49.099993176877085],[-114.14968317552996,49.14362276307383],[-114.22260343556911,49.188891970226514],[-114.28315416784383,49.17854152804979],[-114.40216626888083,49.21328903281944],[-114.39345623025842,49.25719420318943],[-114.44704652798328,49.264140428843994],[-114.44532136031765,49.28901353277114],[-114.49105501265602,49.31332585576147],[-114.48704393579055,49.34616563132857],[-114.59809553205423,49.411579211865664],[-114.59526022649364,49.49999128158005],[-114.57252630224573,49.5249209985735],[-114.58804904749091,49.565269206270095],[-114.6381090634903,49.54337163123288],[-114.6953853958716,49.547722590354866],[-114.74741804613006,49.61942227575667],[-114.65611349521026,49.659577146664574],[-114.6703386603939,49.69368980926775],[-114.63282609038869,49.7341914755317],[-114.65954866409179,49.76464534461819],[-114.63983176847537,49.826863712059016],[-114.69200566486056,49.89633486480951],[-114.6585188713223,50.020114326098295],[-114.73440806964055,50.121297281641034],[-114.72688785460072,50.191104904062435],[-114.76976113315018,50.24370202422937],[-114.75623500168736,50.299327013868066],[-114.79767388135971,50.330012317148594],[-114.76788204691464,50.35018303782802],[-114.86340299595255,50.39569186879437],[-114.86033600241687,50.42212448267564],[-114.91279571662491,50.45089778455387],[-115.02213120468345,50.584753882696255],[-115.07670682602745,50.58677448012351],[-115.17535680055833,50.56819744909816],[-115.20683366613716,50.52841109228611],[-115.16565532028929,50.51071635893929],[-115.16071569705173,50.4730428160124],[-115.12041112036695,50.44168350622394],[-115.13717793593722,50.4239375013569],[-115.12417190068957,50.3550659398373],[-115.09484714404321,50.32237072189165],[-115.13753188599604,50.31687434196972],[-115.11302783599781,50.27051739448051],[-115.13693444152399,50.25739330498416],[-115.05221668890033,50.11946468016794],[-115.08567027688328,50.10882263110108],[-115.20295421115749,50.10887781955348],[-115.21239729766236,50.06079686728416],[-115.2691816228806,50.03863154059683],[-115.23838750735393,49.9951009369521],[-115.32035656714179,49.952392457871454],[-115.34733786839048,49.95424927129902],[-115.33909604511791,49.85456778902709],[-115.4396383248848,49.82094790202919],[-115.47425589476596,49.84128743902048],[-115.54510822660062,49.815708830331836],[-115.59386666428847,49.707445827071545],[-115.627816305697,49.68329514879649],[-115.81164872048578,49.67658398684205],[-115.78994836090804,49.661912137810276],[-115.78989710245577,49.587938862883306],[-115.81945826068731,49.58177009577943],[-115.77118038927311,49.551610682335365],[-115.79606756348107,49.512558504727345],[-115.74562302583304,49.48865457504402],[-115.80557454884884,49.43282485557371],[-115.88140973872105,49.47007255920955],[-115.88562492643591,49.51605137879522],[-115.93162330325339,49.53670633152003],[-115.99665450045904,49.51299288906052],[-116.07033922293752,49.4518935942271],[-116.10158010301966,49.403377902231114],[-116.19401574115066,49.40161259484175]]]},"properties":{"ELECTORAL_DISTRICT_ID":288,"BOUNDARY_SET_ID":11,"ED_ABBREVIATION":"KOR","ED_NAME":"Kootenay-Rockies","GAZETTE_DATE":"2023-12-07Z","FEATURE_AREA_SQM":12127485090.3509,"FEATURE_LENGTH_M":787540.8726,"OBJECTID":2885,"SE_ANNO_CAD_DATA":null},"id":"WHSE_ADMIN_BOUNDARIES.EBC_PROV_ELECTORAL_DIST_SVW.fid--7e6e9b65_19f025478b6_-7d91"},{"type":"Feature","geometry":{"type":"MultiPolygon","coordinates":[[[[-124.69030625790448,49.20283497984403],[-124.68916080718185,49.17064962845074],[-124.59138152978188,49.15851109133964],[-124.53321288986902,49.125303157439845],[-124.51913811637183,49.05436720495316],[-124.4640882437369,49.05986750150155],[-124.49565015065717,49.02339065088927],[-124.41698654451243,49.02530229621371],[-124.3718914123698,48.98611448366056],[-124.1727216239356,49.008556798210925],[-124.08616281246248,48.98167947602492],[-124.08354102362254,49.00614703698367],[-123.92205059368948,48.98920180529275],[-123.90830764412344,49.00096182482722],[-123.80010512303313,48.96869282210063],[-123.79094213813632,48.93629312714297],[-123.73415145188565,48.936065742786475],[-123.739735,48.942857],[-123.787343,48.965399],[-123.835113,49.00019],[-123.835113,49.006415],[-123.816029,49.012681],[-123.804107,49.005357],[-123.793853,48.993476],[-123.779897,48.985907],[-123.764882,48.987535],[-123.760894,48.995836],[-123.764882,49.00788],[-123.773752,49.020697],[-123.751373,49.027981],[-123.756907,49.042141],[-123.787343,49.069037],[-123.797841,49.087144],[-123.80018421418112,49.092719393516234],[-123.85051054863096,49.09359261763857],[-123.88066659207017,49.07089937146254],[-123.93267551444326,49.13285680861441],[-124.01446450355378,49.15971348042693],[-124.07181119861723,49.163285125580394],[-124.08229287458465,49.19888861581336],[-124.13616992374853,49.199356704340126],[-124.14269489826671,49.25503296555712],[-124.0929006625391,49.25198649752597],[-124.108551,49.258124],[-124.122874,49.26024],[-124.151682,49.255439],[-124.164866,49.254869],[-124.178375,49.26024],[-124.163075,49.271674],[-124.12678,49.274319],[-124.109486,49.280097],[-124.159169,49.310452],[-124.174672,49.314887],[-124.185414,49.313788],[-124.198354,49.309149],[-124.208485,49.308051],[-124.319569,49.334906],[-124.32901,49.338772],[-124.338857,49.345893],[-124.359975,49.356635],[-124.387278,49.360663],[-124.445302,49.362698],[-124.53932297297794,49.37634806007282],[-124.54103739567947,49.33521563220453],[-124.42640611683568,49.32588667001801],[-124.25607623047132,49.29871357798553],[-124.24698120978104,49.22624470955457],[-124.48198651641614,49.229764486091305],[-124.56996791939298,49.272404047286244],[-124.66266236880107,49.28141114567502],[-124.62805807851753,49.23153154137431],[-124.69030625790448,49.20283497984403]]],[[[-124.379058,49.50727],[-124.376536,49.499945],[-124.365224,49.49726],[-124.355702,49.490383],[-124.357737,49.483547],[-124.361073,49.480048],[-124.352284,49.474921],[-124.317942,49.462958],[-124.297027,49.457913],[-124.268463,49.455512],[-124.257883,49.456122],[-124.248158,49.458441],[-124.232411,49.458564],[-124.186187,49.447008],[-124.171702,49.454739],[-124.171742,49.46426],[-124.232167,49.499335],[-124.251332,49.504299],[-124.268951,49.506293],[-124.283599,49.510484],[-124.295888,49.512437],[-124.32311,49.51203],[-124.329172,49.512844],[-124.354604,49.522406],[-124.364898,49.521064],[-124.373647,49.515286],[-124.379058,49.50727]]]]},"properties":{"ELECTORAL_DISTRICT_ID":289,"BOUNDARY_SET_ID":11,"ED_ABBREVIATION":"LAO","ED_NAME":"Ladysmith-Oceanside","GAZETTE_DATE":"2023-12-07Z","FEATURE_AREA_SQM":2127013232.2614,"FEATURE_LENGTH_M":465336.92,"OBJECTID":2886,"SE_ANNO_CAD_DATA":null},"id":"WHSE_ADMIN_BOUNDARIES.EBC_PROV_ELECTORAL_DIST_SVW.fid--7e6e9b65_19f025478b6_-7d90"},{"type":"Feature","geometry":{"type":"Polygon","coordinates":[[[-123.57538007143887,48.42586147133022],[-123.51840587489299,48.40285301264925],[-123.51420000583964,48.43580209658505],[-123.46784916542055,48.44924592070132],[-123.49747435096755,48.47488560646526],[-123.45622732779304,48.4934491073275],[-123.47790237836671,48.54410894725388],[-123.5028974058396,48.55461541740786],[-123.51358,48.547553],[-123.535471,48.540107],[-123.53853851311551,48.54820977992221],[-123.5486151412111,48.54406515269941],[-123.55831675020495,48.455561221220535],[-123.57538007143887,48.42586147133022]]]},"properties":{"ELECTORAL_DISTRICT_ID":290,"BOUNDARY_SET_ID":11,"ED_ABBREVIATION":"LFH","ED_NAME":"Langford-Highlands","GAZETTE_DATE":"2023-12-07Z","FEATURE_AREA_SQM":85670450.4416,"FEATURE_LENGTH_M":58080.4182,"OBJECTID":2887,"SE_ANNO_CAD_DATA":null},"id":"WHSE_ADMIN_BOUNDARIES.EBC_PROV_ELECTORAL_DIST_SVW.fid--7e6e9b65_19f025478b6_-7d8f"},{"type":"Feature","geometry":{"type":"Polygon","coordinates":[[[-122.68055783487686,49.06268316423779],[-122.68014098549524,49.002121152547794],[-122.42644289928609,49.00230705637578],[-122.42639839352975,49.07546829149271],[-122.42589636328708,49.16876361889018],[-122.52488704762122,49.16747860381836],[-122.55905052515666,49.133322881071095],[-122.62489880009487,49.126450358495184],[-122.62809813299341,49.074839890608544],[-122.68055783487686,49.06268316423779]]]},"properties":{"ELECTORAL_DISTRICT_ID":291,"BOUNDARY_SET_ID":11,"ED_ABBREVIATION":"LLA","ED_NAME":"Langley-Abbotsford","GAZETTE_DATE":"2023-12-07Z","FEATURE_AREA_SQM":282664841.8319,"FEATURE_LENGTH_M":78463.5001,"OBJECTID":2888,"SE_ANNO_CAD_DATA":null},"id":"WHSE_ADMIN_BOUNDARIES.EBC_PROV_ELECTORAL_DIST_SVW.fid--7e6e9b65_19f025478b6_-7d8e"},{"type":"Feature","geometry":{"type":"Polygon","coordinates":[[[-122.67949900507749,49.133605585995994],[-122.62489880009487,49.126450358495184],[-122.55905052515666,49.133322881071095],[-122.52488704762122,49.16747860381836],[-122.60377855776431,49.20936391212313],[-122.66731851878247,49.19578906047738],[-122.6791138126073,49.16287985356039],[-122.67949900507749,49.133605585995994]]]},"properties":{"ELECTORAL_DISTRICT_ID":292,"BOUNDARY_SET_ID":11,"ED_ABBREVIATION":"LWG","ED_NAME":"Langley-Walnut Grove","GAZETTE_DATE":"2023-12-07Z","FEATURE_AREA_SQM":67333306.0111,"FEATURE_LENGTH_M":37591.8408,"OBJECTID":2889,"SE_ANNO_CAD_DATA":null},"id":"WHSE_ADMIN_BOUNDARIES.EBC_PROV_ELECTORAL_DIST_SVW.fid--7e6e9b65_19f025478b6_-7d8d"},{"type":"Feature","geometry":{"type":"Polygon","coordinates":[[[-122.68055783487686,49.06268316423779],[-122.62809813299341,49.074839890608544],[-122.62489880009487,49.126450358495184],[-122.67949900507749,49.133605585995994],[-122.67965334873011,49.09320397071826],[-122.68055783487686,49.06268316423779]]]},"properties":{"ELECTORAL_DISTRICT_ID":293,"BOUNDARY_SET_ID":11,"ED_ABBREVIATION":"LWI","ED_NAME":"Langley-Willowbrook","GAZETTE_DATE":"2023-12-07Z","FEATURE_AREA_SQM":23419981.8927,"FEATURE_LENGTH_M":25240.2141,"OBJECTID":2890,"SE_ANNO_CAD_DATA":null},"id":"WHSE_ADMIN_BOUNDARIES.EBC_PROV_ELECTORAL_DIST_SVW.fid--7e6e9b65_19f025478b6_-7d8c"},{"type":"Feature","geometry":{"type":"Polygon","coordinates":[[[-122.60377855776431,49.20936391212313],[-122.52488704762122,49.16747860381836],[-122.42589636328708,49.16876361889018],[-122.35871346842683,49.13114633271639],[-122.33342695365224,49.17252780421641],[-122.26965387758061,49.17666264027387],[-122.26948484468805,49.263701060145166],[-122.30235086203001,49.352952137245154],[-122.36023257442565,49.35304126673728],[-122.44237801920643,49.32251911568756],[-122.55484275262252,49.23131774352104],[-122.60377855776431,49.20936391212313]]]},"properties":{"ELECTORAL_DISTRICT_ID":294,"BOUNDARY_SET_ID":11,"ED_ABBREVIATION":"MAE","ED_NAME":"Maple Ridge East","GAZETTE_DATE":"2023-12-07Z","FEATURE_AREA_SQM":369429721.3921,"FEATURE_LENGTH_M":90378.3938,"OBJECTID":2891,"SE_ANNO_CAD_DATA":null},"id":"WHSE_ADMIN_BOUNDARIES.EBC_PROV_ELECTORAL_DIST_SVW.fid--7e6e9b65_19f025478b6_-7d8b"},{"type":"Feature","geometry":{"type":"Polygon","coordinates":[[[-123.00467383143835,49.850951364858176],[-122.88133222301391,49.82735257196262],[-122.85193135540449,49.742540547626696],[-122.80619569843853,49.70911542173815],[-122.85327074242635,49.66748898542816],[-122.80306855905097,49.62334490431588],[-122.84734922827637,49.60679452316264],[-122.80415895632514,49.569890053318396],[-122.69362959039454,49.56983628995334],[-122.66760534851586,49.54098999695616],[-122.59672513490099,49.54079844041764],[-122.58195639021415,49.49033620996725],[-122.52626087545642,49.46752998962529],[-122.53624198402915,49.4319475425749],[-122.59043285594669,49.357353508000415],[-122.67682510982847,49.315587500179596],[-122.6984784788439,49.27850749641424],[-122.7686320325393,49.227883618140616],[-122.75093839059333,49.21526298677233],[-122.66731851878247,49.19578906047738],[-122.60377855776431,49.20936391212313],[-122.55484275262252,49.23131774352104],[-122.44237801920643,49.32251911568756],[-122.36023257442565,49.35304126673728],[-122.30235086203001,49.352952137245154],[-122.28417069080999,49.4132163411739],[-122.22042737572639,49.47150887450871],[-122.13928958846739,49.47378618483804],[-122.13242363320879,49.51308332621718],[-122.07393721027505,49.54060439172666],[-122.09949785506883,49.60887030811679],[-122.20668863665021,49.58804017775363],[-122.288626774275,49.60816318775397],[-122.28259144498814,49.65719230786061],[-122.35065379940255,49.656811688448336],[-122.34581448961029,49.62093122544337],[-122.46546164397274,49.65687079296374],[-122.47463151333201,49.69864894210394],[-122.41410039640826,49.723766975736005],[-122.42014491731274,49.75288280014882],[-122.50958128319029,49.785388242542744],[-122.64287218220684,49.78169313096001],[-122.6514687092464,49.83610825534857],[-122.61326185231715,49.833450680057865],[-122.59089814335157,49.87998244873316],[-122.65618208028035,49.87152406985818],[-122.74566393810221,49.890157000346846],[-122.75194027255489,49.92590465587194],[-122.85607543623539,49.91893920452803],[-122.88529817019736,49.892571035652466],[-122.92990734145648,49.91660599293059],[-123.00467383143835,49.850951364858176]]]},"properties":{"ELECTORAL_DISTRICT_ID":295,"BOUNDARY_SET_ID":11,"ED_ABBREVIATION":"MAP","ED_NAME":"Maple Ridge-Pitt Meadows","GAZETTE_DATE":"2023-12-07Z","FEATURE_AREA_SQM":1995943256.1004,"FEATURE_LENGTH_M":372502.5159,"OBJECTID":2892,"SE_ANNO_CAD_DATA":null},"id":"WHSE_ADMIN_BOUNDARIES.EBC_PROV_ELECTORAL_DIST_SVW.fid--7e6e9b65_19f025478b6_-7d8a"},{"type":"Feature","geometry":{"type":"MultiPolygon","coordinates":[[[[-126.57429,49.425686],[-126.572662,49.414293],[-126.556264,49.396796],[-126.542307,49.385688],[-126.527821,49.378852],[-126.510406,49.377753],[-126.487375,49.383734],[-126.464345,49.395657],[-126.463938,49.405585],[-126.47525,49.418402],[-126.487375,49.438381],[-126.479482,49.447455],[-126.465321,49.46015],[-126.448354,49.470526],[-126.432118,49.472561],[-126.421376,49.465562],[-126.405751,49.442084],[-126.391184,49.430894],[-126.405019,49.421373],[-126.39509,49.414008],[-126.375559,49.407457],[-126.360707,49.400539],[-126.349965,49.392157],[-126.337717,49.386054],[-126.309234,49.376288],[-126.305776,49.372748],[-126.302561,49.367092],[-126.297353,49.362535],[-126.288075,49.362698],[-126.284291,49.366523],[-126.275136,49.381903],[-126.261301,49.400336],[-126.256703,49.41592],[-126.258778,49.431464],[-126.268219,49.445217],[-126.254791,49.450507],[-126.24352,49.446275],[-126.235748,49.435492],[-126.2329,49.421047],[-126.227122,49.412787],[-126.213531,49.407375],[-126.197865,49.404608],[-126.185699,49.404242],[-126.180165,49.406724],[-126.177642,49.411119],[-126.17398,49.415351],[-126.156565,49.418402],[-126.141265,49.42357],[-126.121938,49.426215],[-126.062896,49.444403],[-126.055084,49.445299],[-126.054351,49.438381],[-126.055328,49.421047],[-126.058176,49.411933],[-126.071645,49.396308],[-126.076487,49.383734],[-126.059071,49.345893],[-126.046457,49.337836],[-126.023671,49.328681],[-126.014394,49.322333],[-125.994252,49.33039],[-125.979237,49.341783],[-125.969838,49.357856],[-125.966624,49.380072],[-125.958485,49.393297],[-125.921783,49.419827],[-125.911977,49.438381],[-125.898997,49.422187],[-125.910024,49.398383],[-125.928782,49.373033],[-125.950917,49.320258],[-125.978749,49.304023],[-126.008901,49.292304],[-126.028066,49.273871],[-126.010162,49.255072],[-125.994374,49.242336],[-125.977366,49.235175],[-125.956044,49.232896],[-125.939809,49.240912],[-125.901194,49.274482],[-125.877268,49.280097],[-125.864898,49.27619],[-125.851715,49.266425],[-125.843739,49.267035],[-125.836903,49.273139],[-125.829986,49.28384],[-125.824696,49.2956],[-125.817779,49.324042],[-125.806304,49.343451],[-125.792795,49.359931],[-125.781606,49.370103],[-125.77477,49.370103],[-125.775624,49.355414],[-125.781606,49.338446],[-125.79011,49.322699],[-125.798695,49.311469],[-125.801991,49.300198],[-125.803131,49.262519],[-125.802113,49.253404],[-125.791127,49.247016],[-125.777333,49.247707],[-125.763051,49.25373],[-125.750315,49.263658],[-125.740549,49.267401],[-125.742828,49.251776],[-125.753733,49.222357],[-125.755116,49.168891],[-125.746693,49.148139],[-125.723256,49.16059],[-125.698598,49.181098],[-125.610341,49.225491],[-125.612945,49.206366],[-125.622304,49.196194],[-125.632314,49.187934],[-125.637034,49.174628],[-125.64566,49.164008],[-125.683583,49.148424],[-125.69225,49.133368],[-125.701283,49.134711],[-125.739735,49.114325],[-125.746897,49.109442],[-125.767568,49.103461],[-125.784779,49.104926],[-125.800282,49.112128],[-125.815785,49.123033],[-125.830922,49.114407],[-125.861562,49.110012],[-125.871002,49.102607],[-125.871693,49.090155],[-125.862782,49.080756],[-125.849273,49.07392],[-125.836252,49.069037],[-125.735829,49.053046],[-125.70934,49.037421],[-125.698232,49.02912],[-125.672353,49.017808],[-125.637034,48.992743],[-125.633412,48.98786],[-125.626129,48.975531],[-125.620229,48.968817],[-125.606557,48.961859],[-125.573069,48.955797],[-125.558827,48.94831],[-125.547109,48.940253],[-125.531117,48.932522],[-125.514394,48.9265],[-125.500478,48.923814],[-125.498362,48.920478],[-125.489369,48.918647],[-125.469472,48.91767],[-125.460561,48.920722],[-125.455434,48.927558],[-125.452219,48.934394],[-125.448964,48.937445],[-125.429799,48.943996],[-125.400502,48.972602],[-125.366282,48.987372],[-125.358998,49.006415],[-125.353871,49.027248],[-125.342844,49.041164],[-125.333404,49.041815],[-125.325022,49.03734],[-125.316965,49.031399],[-125.308705,49.027533],[-125.29719,49.026313],[-125.260854,49.027533],[-125.260854,49.020697],[-125.282826,49.015367],[-125.30248,49.003119],[-125.336008,48.972235],[-125.315175,48.965318],[-125.265045,48.963039],[-125.240387,48.955471],[-125.221262,48.954779],[-125.201894,48.966742],[-125.171498,48.992743],[-125.146881,48.998521],[-125.129221,48.992987],[-125.111236,48.983873],[-125.085846,48.979071],[-125.076039,48.981187],[-125.056467,48.990627],[-125.04483,48.992743],[-124.992747,48.985907],[-124.967641,48.987942],[-124.924672,49.002834],[-124.907704,49.006415],[-124.88801,49.013983],[-124.879221,49.032294],[-124.869862,49.074652],[-124.858022,49.089586],[-124.84203,49.103909],[-124.828033,49.119859],[-124.822011,49.140123],[-124.822011,49.181383],[-124.828521,49.217719],[-124.828928,49.225491],[-124.825551,49.232164],[-124.820627,49.237982],[-124.814605,49.242865],[-124.80842,49.246568],[-124.798818,49.188788],[-124.779408,49.152045],[-124.786977,49.13349],[-124.800893,49.116767],[-124.80842,49.099189],[-124.819447,49.05801],[-124.846995,49.020453],[-124.88268,48.990546],[-124.918284,48.972235],[-124.963246,48.962958],[-124.98412,48.956],[-125.00357,48.94123],[-125.013661,48.928127],[-125.013783,48.921373],[-125.009633,48.914293],[-125.006988,48.900214],[-125.011464,48.891995],[-125.021962,48.886542],[-125.034495,48.883734],[-125.058176,48.88227],[-125.068756,48.880194],[-125.07844,48.876166],[-125.088979,48.869818],[-125.09557,48.863471],[-125.105133,48.847846],[-125.110015,48.841946],[-125.171132,48.815904],[-125.18517,48.800971],[-125.15982,48.786811],[-125.14391,48.774359],[-125.108754,48.738756],[-125.093984,48.730048],[-124.816233,48.647121],[-124.799916,48.639228],[-124.769358,48.615058],[-124.731191,48.596381],[-124.665395,48.573228],[-124.51358,48.547065],[-124.50300773057225,48.54446470755933],[-124.50290833873778,48.5607073951962],[-124.48912780461629,48.63502726902045],[-124.44551958905699,48.635015519290306],[-124.46114729422105,48.658298494329166],[-124.41914758231611,48.68179794906364],[-124.39822371138202,48.73534394864243],[-124.34481822180943,48.75792193973887],[-124.31130945883602,48.80442836215517],[-124.35078534937881,48.87993502519012],[-124.46095647167714,48.92393063356737],[-124.38027392390623,48.922393911467786],[-124.3964171294791,48.966290101703365],[-124.3718914123698,48.98611448366056],[-124.41698654451243,49.02530229621371],[-124.49565015065717,49.02339065088927],[-124.4640882437369,49.05986750150155],[-124.51913811637183,49.05436720495316],[-124.53321288986902,49.125303157439845],[-124.59138152978188,49.15851109133964],[-124.68916080718185,49.17064962845074],[-124.69030625790448,49.20283497984403],[-124.62805807851753,49.23153154137431],[-124.66266236880107,49.28141114567502],[-124.56996791939298,49.272404047286244],[-124.48198651641614,49.229764486091305],[-124.24698120978104,49.22624470955457],[-124.25607623047132,49.29871357798553],[-124.42640611683568,49.32588667001801],[-124.54103739567947,49.33521563220453],[-124.53932297297794,49.37634806007282],[-124.545074,49.377183],[-124.596018,49.391181],[-124.637074,49.411078],[-124.642445,49.416815],[-124.657582,49.438381],[-124.668121,49.443061],[-124.691965,49.449205],[-124.701975,49.455471],[-124.723622,49.465074],[-124.772572,49.461493],[-124.794749,49.472561],[-124.799631,49.48078],[-124.804596,49.499701],[-124.80842,49.506659],[-124.81786,49.511786],[-124.838043,49.517279],[-124.909495,49.621324],[-124.918284,49.630805],[-124.941314,49.646918],[-124.948638,49.653754],[-124.9507740610562,49.655114937552],[-124.99870202875816,49.65987872326516],[-125.09265000693284,49.652387794763335],[-125.06749971698292,49.60559071015866],[-125.13130374901917,49.59513180404858],[-125.10715218130099,49.578719439219824],[-125.16399216763759,49.558008231058736],[-125.11544062519279,49.536290818079685],[-125.1337770099826,49.50194992565673],[-125.23325445932765,49.49032624098603],[-125.38324382077094,49.60844909803266],[-125.41020869233662,49.582685862867784],[-125.37122244351742,49.54736368976318],[-125.43777587053783,49.551440489502696],[-125.47365483590536,49.52757679316732],[-125.49644053755466,49.478372851111786],[-125.64538315516482,49.51746027764358],[-125.76082017644751,49.51361099576954],[-125.78534583754289,49.540775297439964],[-125.84341428451454,49.54562366213802],[-125.90296984160386,49.52937948604689],[-125.89386856265179,49.55524882481368],[-125.97023416867488,49.58539613312959],[-126.02926879946988,49.577122545161565],[-126.06741862662092,49.55164628729195],[-126.10164259948802,49.57272636644838],[-126.2487367392951,49.555074715265086],[-126.32167096097652,49.60541375152097],[-126.38675536568012,49.56190913984203],[-126.46292692694057,49.57876252157297],[-126.50205798961329,49.54149879566408],[-126.57186049660788,49.5415050793213],[-126.567698,49.535793],[-126.562978,49.531317],[-126.556264,49.527167],[-126.556264,49.520941],[-126.562408,49.520941],[-126.557607,49.510403],[-126.557851,49.503241],[-126.560414,49.496283],[-126.562408,49.486151],[-126.562734,49.460883],[-126.562408,49.458889],[-126.568349,49.438137],[-126.57429,49.425686]]],[[[-126.240346,49.301825],[-126.223541,49.277086],[-126.192535,49.272284],[-126.158315,49.273586],[-126.135732,49.264716],[-126.089589,49.25434],[-126.069407,49.25552],[-126.048492,49.267035],[-126.06371,49.277574],[-126.071401,49.290473],[-126.076324,49.303616],[-126.083323,49.314887],[-126.075103,49.338528],[-126.086252,49.363105],[-126.108022,49.384101],[-126.131703,49.396796],[-126.150217,49.396226],[-126.206166,49.383734],[-126.226715,49.382514],[-126.231435,49.378607],[-126.2329,49.3664],[-126.231313,49.357327],[-126.240346,49.34276],[-126.234039,49.331732],[-126.229807,49.320217],[-126.227406,49.307807],[-126.240346,49.301825]]],[[[-126.035024,49.201809],[-126.030181,49.190334],[-126.0183,49.181464],[-126.016347,49.169176],[-126.011708,49.159125],[-125.97936,49.149726],[-125.968902,49.148749],[-125.961985,49.152655],[-125.960276,49.172105],[-125.954091,49.181301],[-125.945709,49.18358],[-125.93814,49.184882],[-125.937327,49.190741],[-125.944976,49.197821],[-125.949941,49.200751],[-125.961334,49.204901],[-125.985015,49.211005],[-126.006459,49.214057],[-126.024322,49.211982],[-126.035024,49.201809]]],[[[-125.923406,49.196981],[-125.914986,49.176295],[-125.887558,49.173101],[-125.88023,49.161054],[-125.879898,49.146046],[-125.841727,49.13378],[-125.801352,49.143888],[-125.792551,49.180996],[-125.786019,49.209254],[-125.797002,49.227035],[-125.830723,49.237096],[-125.861625,49.237385],[-125.90107,49.22552],[-125.914895,49.21329],[-125.923406,49.196981]]],[[[-125.353057,48.907131],[-125.347808,48.900458],[-125.344065,48.89997],[-125.342641,48.896959],[-125.339386,48.894395],[-125.337107,48.891384],[-125.334665,48.890367],[-125.332305,48.891506],[-125.333241,48.899848],[-125.340037,48.904649],[-125.353057,48.907131]]],[[[-125.336537,48.908026],[-125.334665,48.905911],[-125.329701,48.906968],[-125.323516,48.904649],[-125.317942,48.914293],[-125.325673,48.912746],[-125.328359,48.913642],[-125.333445,48.911892],[-125.336537,48.908026]]],[[[-125.316884,48.873114],[-125.313995,48.864814],[-125.30606,48.864203],[-125.291656,48.866075],[-125.29308,48.870876],[-125.303049,48.87995],[-125.311635,48.881659],[-125.308502,48.878201],[-125.308217,48.875922],[-125.316884,48.873114]]],[[[-125.294789,48.92829],[-125.294586,48.924547],[-125.292104,48.921698],[-125.289215,48.922716],[-125.283925,48.922227],[-125.281036,48.922919],[-125.286,48.919053],[-125.291982,48.914578],[-125.290435,48.914618],[-125.283721,48.915025],[-125.276763,48.914781],[-125.267812,48.915107],[-125.266957,48.920233],[-125.274241,48.924628],[-125.288157,48.929267],[-125.294789,48.92829]]],[[[-125.277577,48.941311],[-125.275339,48.93948],[-125.27359,48.936103],[-125.272654,48.932278],[-125.271718,48.929592],[-125.264272,48.930203],[-125.258412,48.931586],[-125.255076,48.929348],[-125.253936,48.928087],[-125.258412,48.929348],[-125.262034,48.928616],[-125.257558,48.925686],[-125.25239,48.924262],[-125.250559,48.922716],[-125.246816,48.920844],[-125.247141,48.922512],[-125.244862,48.924669],[-125.242177,48.927802],[-125.241567,48.925198],[-125.233917,48.921576],[-125.232086,48.923896],[-125.236887,48.925849],[-125.237172,48.927151],[-125.237823,48.928778],[-125.243316,48.931749],[-125.247629,48.933905],[-125.256134,48.936876],[-125.263621,48.937486],[-125.27009,48.940823],[-125.277577,48.941311]]],[[[-125.262725,48.912177],[-125.261179,48.909003],[-125.25829,48.909044],[-125.248077,48.910915],[-125.247955,48.91649],[-125.257761,48.917019],[-125.262725,48.912177]]],[[[-125.20816,48.848538],[-125.203969,48.84044],[-125.198232,48.836493],[-125.193918,48.833075],[-125.190826,48.829942],[-125.190256,48.83279],[-125.189565,48.835191],[-125.185943,48.842556],[-125.196238,48.849473],[-125.203399,48.850043],[-125.20816,48.848538]]],[[[-125.162058,48.874864],[-125.158762,48.875434],[-125.155507,48.874335],[-125.146759,48.879381],[-125.133453,48.881456],[-125.122019,48.887274],[-125.121042,48.892117],[-125.127187,48.896552],[-125.135243,48.89586],[-125.140126,48.89232],[-125.144399,48.886664],[-125.160024,48.879665],[-125.162058,48.874864]]],[[[-125.119781,48.903591],[-125.11262,48.897162],[-125.098541,48.89468],[-125.089223,48.896633],[-125.086049,48.899848],[-125.083892,48.904161],[-125.079783,48.906765],[-125.073028,48.908352],[-125.066803,48.912746],[-125.062245,48.91767],[-125.060902,48.92121],[-125.060984,48.924831],[-125.058624,48.931708],[-125.049631,48.943874],[-125.051015,48.950344],[-125.056956,48.953437],[-125.0655,48.954535],[-125.069936,48.953315],[-125.07429,48.950141],[-125.080556,48.948025],[-125.08552,48.944648],[-125.089386,48.937201],[-125.096873,48.935533],[-125.102773,48.931138],[-125.106435,48.926052],[-125.107452,48.92121],[-125.11026,48.917873],[-125.111521,48.913682],[-125.11144,48.90941],[-125.115915,48.906724],[-125.118927,48.905951],[-125.119781,48.903591]]],[[[-124.840159,49.577582],[-124.838531,49.556586],[-124.825429,49.540107],[-124.746409,49.488471],[-124.722239,49.481879],[-124.709625,49.479967],[-124.702016,49.479478],[-124.690826,49.482856],[-124.694163,49.490627],[-124.70873,49.497016],[-124.716461,49.499498],[-124.79247,49.579739],[-124.803334,49.584947],[-124.827219,49.602973],[-124.836049,49.597724],[-124.840159,49.577582]]],[[[-124.703765,49.521186],[-124.691274,49.509345],[-124.671783,49.497219],[-124.662913,49.49433],[-124.653228,49.495998],[-124.64273,49.504299],[-124.63561,49.517401],[-124.624501,49.523424],[-124.604848,49.520941],[-124.594146,49.521633],[-124.600413,49.527574],[-124.607411,49.530911],[-124.655141,49.547105],[-124.683746,49.549262],[-124.702504,49.537665],[-124.703765,49.521186]]]]},"properties":{"ELECTORAL_DISTRICT_ID":296,"BOUNDARY_SET_ID":11,"ED_ABBREVIATION":"MPR","ED_NAME":"Mid Island-Pacific Rim","GAZETTE_DATE":"2023-12-07Z","FEATURE_AREA_SQM":11846463762.3824,"FEATURE_LENGTH_M":833134.2204,"OBJECTID":2893,"SE_ANNO_CAD_DATA":null},"id":"WHSE_ADMIN_BOUNDARIES.EBC_PROV_ELECTORAL_DIST_SVW.fid--7e6e9b65_19f025478b6_-7d89"},{"type":"Feature","geometry":{"type":"MultiPolygon","coordinates":[[[[-124.08229287458465,49.19888861581336],[-124.07181119861723,49.163285125580394],[-124.01446450355378,49.15971348042693],[-123.93267551444326,49.13285680861441],[-123.88066659207017,49.07089937146254],[-123.85051054863096,49.09359261763857],[-123.80018421418112,49.092719393516234],[-123.804921,49.10399],[-123.813385,49.118598],[-123.828359,49.12995],[-123.841664,49.127631],[-123.883616,49.136705],[-123.90453,49.133612],[-123.917104,49.134914],[-123.930776,49.143541],[-123.951243,49.184516],[-123.95538333940868,49.18925888123735],[-123.96261491424274,49.187972286726236],[-124.08229287458465,49.19888861581336]]],[[[-123.870473,49.185492],[-123.868031,49.183336],[-123.866078,49.179429],[-123.867421,49.174384],[-123.861969,49.16356],[-123.842844,49.151028],[-123.776682,49.133287],[-123.749501,49.128852],[-123.73233,49.130316],[-123.718129,49.133205],[-123.711741,49.133857],[-123.705678,49.13288],[-123.697092,49.137112],[-123.697011,49.147691],[-123.704416,49.155992],[-123.721262,49.160793],[-123.768625,49.169013],[-123.809316,49.184149],[-123.81786,49.190619],[-123.823964,49.198676],[-123.833852,49.201158],[-123.863433,49.196275],[-123.869781,49.190497],[-123.870473,49.185492]]]]},"properties":{"ELECTORAL_DISTRICT_ID":297,"BOUNDARY_SET_ID":11,"ED_ABBREVIATION":"NAI","ED_NAME":"Nanaimo-Gabriola Island","GAZETTE_DATE":"2023-12-07Z","FEATURE_AREA_SQM":503640927.2364,"FEATURE_LENGTH_M":143857.1841,"OBJECTID":2894,"SE_ANNO_CAD_DATA":null},"id":"WHSE_ADMIN_BOUNDARIES.EBC_PROV_ELECTORAL_DIST_SVW.fid--7e6e9b65_19f025478b6_-7d88"},{"type":"Feature","geometry":{"type":"Polygon","coordinates":[[[-124.14269489826671,49.25503296555712],[-124.13616992374853,49.199356704340126],[-124.08229287458465,49.19888861581336],[-123.96261491424274,49.187972286726236],[-123.95538333940868,49.18925888123735],[-123.962148,49.197008],[-123.964182,49.20307],[-123.946278,49.208441],[-123.94579,49.215237],[-123.949818,49.223049],[-123.954945,49.229193],[-123.977691,49.240953],[-124.009389,49.245917],[-124.07136,49.246568],[-124.084584,49.248725],[-124.0929006625391,49.25198649752597],[-124.14269489826671,49.25503296555712]]]},"properties":{"ELECTORAL_DISTRICT_ID":298,"BOUNDARY_SET_ID":11,"ED_ABBREVIATION":"NAL","ED_NAME":"Nanaimo-Lantzville","GAZETTE_DATE":"2023-12-07Z","FEATURE_AREA_SQM":410930117.4059,"FEATURE_LENGTH_M":112781.815,"OBJECTID":2895,"SE_ANNO_CAD_DATA":null},"id":"WHSE_ADMIN_BOUNDARIES.EBC_PROV_ELECTORAL_DIST_SVW.fid--7e6e9b65_19f025478b6_-7d87"},{"type":"Feature","geometry":{"type":"Polygon","coordinates":[[[-128.47683237445062,55.96158792020849],[-128.45597871756465,55.92719219566691],[-128.35958409904754,55.90591878011066],[-128.30092293130983,55.92581676594694],[-128.21862373830825,55.92911808336092],[-128.18096298345378,55.90205703714445],[-128.1567301401302,55.826918598714386],[-128.23533936498296,55.78833035781159],[-128.22231345594813,55.73934610013492],[-128.16980996401662,55.71937761648865],[-128.10122030760706,55.71978458415869],[-128.09869241098377,55.76576910059597],[-128.0159489774072,55.74024762432726],[-128.00240426678414,55.753572171172],[-127.94017365944575,55.68981245377915],[-127.89939917353023,55.718852083128546],[-127.78537494714055,55.70420836249484],[-127.727808177367,55.7164636840448],[-127.61644280224294,55.60067688648152],[-127.60090439953743,55.607917566458944],[-127.54656499581348,55.53990088744938],[-127.48642942993604,55.54380998564206],[-127.44268274933202,55.49304938357955],[-127.4013647642034,55.51447483373659],[-127.3136429457197,55.51841205983626],[-127.26312428726685,55.47463043963092],[-127.19422486287358,55.46857363319429],[-127.1574440835039,55.43766579707921],[-127.07394726623924,55.40484204422028],[-127.05401752396617,55.377114111470604],[-126.92509143908462,55.38853840732311],[-126.85342757981844,55.36252985148719],[-126.87602348910404,55.308303791495135],[-126.94453255801959,55.29346851509549],[-126.88444969573128,55.26872252102158],[-126.83504891926499,55.22131486294325],[-126.74137488464446,55.212143666828695],[-126.74002018614658,55.16160559722782],[-126.68411243635191,55.12177865039726],[-126.63830597360901,55.12110571148227],[-126.67916082427193,55.063384641733286],[-126.65727933282338,55.018669451957415],[-126.54255625673073,54.96483398143051],[-126.56614197341217,54.91872306647474],[-126.65256442198853,54.89681196089901],[-126.61415951264932,54.814007003787204],[-126.54942520742621,54.72397240345405],[-126.50071815341747,54.70935823489846],[-126.42449950765764,54.63078745237611],[-126.52003975167699,54.674386774124144],[-126.61559841453503,54.66980046342877],[-126.6228266392327,54.507063891122975],[-126.72750899678614,54.5063703010753],[-126.76489880719886,54.49313975268695],[-127.77184695587925,54.494554140449594],[-127.7532169754652,54.439354484953476],[-127.69444895281988,54.46371131369273],[-127.62424615281468,54.444417193191164],[-127.54721033405535,54.44496230932824],[-127.56106165071614,54.40134660969533],[-127.52873838638062,54.38202792151721],[-127.59942006598394,54.30639635060781],[-127.66520527153232,54.29401035791316],[-127.6607790232837,54.23151070950096],[-127.7451145574186,54.17907879748124],[-127.71671044288732,54.126811737649504],[-127.82524117345415,54.10318089945319],[-127.89311402938874,54.023858134153905],[-127.97951294385315,53.99399922847079],[-128.04287233562368,54.001576378354116],[-128.0634862770863,53.90152745015006],[-128.0025684577148,53.88465591010028],[-128.00971724283056,53.856415262217375],[-127.91710212327459,53.80000126018546],[-127.90426583041234,53.75329217799396],[-127.81182033446193,53.70824194288036],[-127.82303914241268,53.66211536156322],[-127.78177565483723,53.65870936459167],[-127.7469682628928,53.60208707252926],[-127.77096572799647,53.553722702678606],[-127.68046065873185,53.54907265870444],[-127.65265114972145,53.52929181495472],[-127.6178945448286,53.56252431657468],[-127.55759986775223,53.52979171189592],[-127.57173816627451,53.50867460416034],[-127.52002072927598,53.460409572043055],[-127.43633189051046,53.4910952315533],[-127.3746365964941,53.43424755825987],[-127.36306779887757,53.375664485603565],[-127.25690428816009,53.296028038341554],[-127.26503012941856,53.27732994897255],[-127.2026033959997,53.24719367898916],[-127.16739489847944,53.27290243818281],[-127.1321923844475,53.23890300024785],[-127.07669318553312,53.24004272363818],[-127.0602925802808,53.29449309613792],[-127.00520011872248,53.30386653058131],[-126.98072685458722,53.26526653964975],[-127.02784062624006,53.23207391645607],[-126.9921563681173,53.13300769240339],[-127.03152965925194,53.11476677485586],[-127.0014013905504,53.06553434842046],[-126.87888502696654,53.08533299555632],[-126.86548587956108,53.10894638710155],[-126.80788857202332,53.08364139080882],[-126.79119258412658,53.0014983348275],[-126.70772613684932,52.98651671987512],[-126.65220002919789,53.03393292273624],[-126.62302995930926,52.999999709922555],[-126.15800026619434,53.00000006637468],[-125.43599998627448,53.000000066266416],[-124.99999998461948,53.000000066697],[-124.99999929142326,53.43665589579776],[-124.965344796226,53.44305842969513],[-124.81532536043873,53.373750704388165],[-124.73347217047171,53.35853658777972],[-124.67401633941886,53.4063202365561],[-124.6340113429549,53.38903318283307],[-124.51475627202494,53.39427712231901],[-124.51118096799355,53.434290640769376],[-124.56123257748148,53.465011905009135],[-124.50748257339687,53.48968668791662],[-124.51159407136743,53.54339220010121],[-124.46170678738649,53.509465752371014],[-124.36297582603736,53.47090813193112],[-124.34427868405052,53.4427853370188],[-124.2699378739479,53.47535807377181],[-124.22444637364289,53.4355247175308],[-124.04576319389089,53.425824427627106],[-124.00312642680714,53.437966168588964],[-123.99952594369404,53.484112332900835],[-123.42549008935612,53.484868231667434],[-123.42551846364067,53.47081057334118],[-123.27941591796703,53.471155588416075],[-123.30440091873685,53.49980035543659],[-123.30372330073438,53.616479064200455],[-123.31934895025503,53.63666992214038],[-123.42215282411952,53.6764223263195],[-123.4785628423572,53.73147507045931],[-123.48458568334537,53.77801574053288],[-123.42732080580228,53.80373197660687],[-123.43307201579674,53.98208998945077],[-123.49136377666974,54.00286065957454],[-123.53480883358283,53.98726556687743],[-123.61777671716521,54.044580380851926],[-123.57409435232834,54.07451512578045],[-123.49754966937056,54.065245302792654],[-123.4839436754646,54.08394267969633],[-123.56631446188263,54.1067592254908],[-123.51805250302635,54.150085811494435],[-123.52252160229851,54.25825985422002],[-123.57761526434463,54.28842816957635],[-123.5515115705729,54.316686619894874],[-123.82824935609865,54.34182854331647],[-123.8311055218248,54.36978790981928],[-123.92626272822446,54.364223880535604],[-124.01502811440675,54.4337046463696],[-123.96214109487991,54.440671166491384],[-123.91458679432696,54.47732355130661],[-123.85273403147364,54.49236249016471],[-123.81898040591683,54.578605488833084],[-123.78153484032762,54.59371813028179],[-123.79105570515911,54.690430848361366],[-123.86297695644632,54.68374774639734],[-123.8690870742222,54.73885859567787],[-123.92979977548936,54.74206591588872],[-123.91942775836736,54.836168413568515],[-123.89439005396868,54.856531047814],[-124.01937774270112,54.86933041691726],[-123.9999494272439,54.89480346978191],[-124.0004346121005,55.0323877922551],[-123.95249571395867,55.00975710569943],[-123.84840162722568,55.049871030833444],[-123.8150262056513,55.03964770002906],[-123.81880306213723,54.999002544657905],[-123.76086741645794,54.97527628456042],[-123.69941356081526,54.924357951063186],[-123.66446097464612,54.92361024131013],[-123.622598999253,54.961090803187865],[-123.54608858306196,54.96694928825848],[-123.51937328286687,55.01755785611976],[-123.42216952914436,55.051304497715066],[-123.39617127627554,55.105301260172865],[-123.42239929610565,55.125144769002866],[-123.3945650228073,55.165002336569806],[-123.41622293214203,55.23534617369869],[-123.49127424152869,55.324272383383594],[-123.63310115676195,55.3115648753639],[-123.69163206087508,55.29340050872871],[-123.78643870291322,55.30322221262798],[-123.78930415177274,55.32634318340485],[-123.85128398040384,55.33806798754582],[-123.84474235122825,55.37283258223945],[-123.92638734436315,55.42749872298965],[-123.89000283573475,55.49944194690204],[-123.93557518629407,55.556685194476806],[-124.01202053184268,55.53647708824613],[-124.07554948295537,55.54558383903328],[-124.13155999031649,55.60032759902823],[-124.11682234170235,55.63324641860679],[-124.20985330778038,55.68510544207779],[-124.27307177374706,55.68343342021195],[-124.35933936087753,55.77803332410556],[-124.34902458902538,55.84650361390557],[-124.4509879567691,56.000003476407734],[-124.91400004159475,55.999999915334804],[-125.62199988178246,55.99999991511122],[-126.17000017212845,55.99999991510766],[-126.8899997399628,55.99999991541729],[-127.27399993550259,55.9999999155688],[-127.98800027614787,55.99999991535561],[-128.44815831253672,55.99997321167638],[-128.47683237445062,55.96158792020849]]]},"properties":{"ELECTORAL_DISTRICT_ID":299,"BOUNDARY_SET_ID":11,"ED_ABBREVIATION":"NEC","ED_NAME":"Nechako Lakes","GAZETTE_DATE":"2023-12-07Z","FEATURE_AREA_SQM":73814513010.622,"FEATURE_LENGTH_M":2079136.3152,"OBJECTID":2896,"SE_ANNO_CAD_DATA":null},"id":"WHSE_ADMIN_BOUNDARIES.EBC_PROV_ELECTORAL_DIST_SVW.fid--7e6e9b65_19f025478b6_-7d86"},{"type":"Feature","geometry":{"type":"Polygon","coordinates":[[[-122.94186738521908,49.19773105897609],[-122.9185460072015,49.19514706950122],[-122.91442531463811,49.1919593606966],[-122.87587607081792,49.219915167036156],[-122.86920228150504,49.249001945359865],[-122.89284655072396,49.24906511740327],[-122.91214683989095,49.22729257138025],[-122.94186738521908,49.19773105897609]]]},"properties":{"ELECTORAL_DISTRICT_ID":300,"BOUNDARY_SET_ID":11,"ED_ABBREVIATION":"NMC","ED_NAME":"New Westminster-Coquitlam","GAZETTE_DATE":"2023-12-07Z","FEATURE_AREA_SQM":12722571.3347,"FEATURE_LENGTH_M":20499.5262,"OBJECTID":2897,"SE_ANNO_CAD_DATA":null},"id":"WHSE_ADMIN_BOUNDARIES.EBC_PROV_ELECTORAL_DIST_SVW.fid--7e6e9b65_19f025478b6_-7d85"},{"type":"Feature","geometry":{"type":"MultiPolygon","coordinates":[[[[-133.20405,53.936998],[-133.202463,53.934272],[-133.203643,53.932481],[-133.202667,53.930528],[-133.199452,53.925564],[-133.197296,53.920559],[-133.185455,53.916693],[-133.180613,53.913235],[-133.174387,53.921413],[-133.168691,53.922838],[-133.162058,53.927029],[-133.160878,53.932115],[-133.161895,53.935126],[-133.168935,53.937893],[-133.172515,53.941677],[-133.178212,53.94363],[-133.181223,53.940538],[-133.186635,53.939276],[-133.194976,53.940741],[-133.20165,53.940253],[-133.20405,53.936998]]],[[[-133.144399,53.896918],[-133.137441,53.875678],[-133.119862,53.860419],[-133.078765,53.833319],[-133.065419,53.817328],[-133.097279,53.807278],[-133.11144,53.797919],[-133.110422,53.786607],[-133.0985,53.779202],[-133.06135,53.764716],[-133.040761,53.76081],[-133.028676,53.75552],[-133.018219,53.755276],[-133.010121,53.759223],[-133.003285,53.765815],[-132.995188,53.770738],[-132.98351,53.769517],[-132.978098,53.763332],[-132.981923,53.74494],[-132.977284,53.735419],[-132.983713,53.717597],[-132.971303,53.710191],[-132.951527,53.706732],[-132.935658,53.700629],[-132.930776,53.690131],[-132.940175,53.686103],[-132.9558,53.687812],[-132.969838,53.694485],[-132.977162,53.684312],[-132.986806,53.679918],[-132.99828,53.680976],[-133.010813,53.686998],[-132.983876,53.667182],[-132.891103,53.619696],[-132.884185,53.594468],[-132.900217,53.588935],[-132.948476,53.598293],[-132.969838,53.598212],[-132.990631,53.58983],[-132.972401,53.576483],[-132.977284,53.556627],[-132.954213,53.558905],[-132.929555,53.565497],[-132.90803,53.567572],[-132.894114,53.556627],[-132.905344,53.55036],[-132.918446,53.530504],[-132.928863,53.522528],[-132.826487,53.522528],[-132.837554,53.510647],[-132.870229,53.487982],[-132.873647,53.474758],[-132.861887,53.466864],[-132.842275,53.46894],[-132.770497,53.493557],[-132.760976,53.495185],[-132.756418,53.499579],[-132.753977,53.508531],[-132.748891,53.516181],[-132.73644,53.516303],[-132.722646,53.50495],[-132.727528,53.490058],[-132.742055,53.476264],[-132.757558,53.467922],[-132.757558,53.461086],[-132.733469,53.453559],[-132.706532,53.450914],[-132.684682,53.457668],[-132.670562,53.490953],[-132.661041,53.483059],[-132.655263,53.463039],[-132.661366,53.439927],[-132.641225,53.432318],[-132.55309,53.418362],[-132.528961,53.417304],[-132.517934,53.412665],[-132.513173,53.40644],[-132.503896,53.386623],[-132.497467,53.378485],[-132.42516,53.350775],[-132.400136,53.330308],[-132.414906,53.296576],[-132.420155,53.306789],[-132.427602,53.315497],[-132.438222,53.321519],[-132.464752,53.327094],[-132.483022,53.341213],[-132.50178,53.347561],[-132.51887,53.361721],[-132.531606,53.364895],[-132.648305,53.364895],[-132.661285,53.367825],[-132.691274,53.378119],[-132.702952,53.378485],[-132.713612,53.369778],[-132.748647,53.331244],[-132.757558,53.317084],[-132.568959,53.336859],[-132.538442,53.326972],[-132.542633,53.312079],[-132.552968,53.31269],[-132.566233,53.319566],[-132.578765,53.32392],[-132.612904,53.317084],[-132.616078,53.313666],[-132.618031,53.309068],[-132.619252,53.304877],[-132.620351,53.302802],[-132.673655,53.288804],[-132.698476,53.278876],[-132.709788,53.261786],[-132.667958,53.260891],[-132.627187,53.255601],[-132.571116,53.235338],[-132.552113,53.235175],[-132.555776,53.226793],[-132.561879,53.220038],[-132.579416,53.207221],[-132.56428,53.202094],[-132.532541,53.198676],[-132.517934,53.193549],[-132.538442,53.186713],[-132.538442,53.179877],[-132.503407,53.167426],[-132.484527,53.167914],[-132.476389,53.183295],[-132.473256,53.186754],[-132.466461,53.187486],[-132.459584,53.184475],[-132.456532,53.176825],[-132.457834,53.170478],[-132.461049,53.163642],[-132.469553,53.151923],[-132.456776,53.147773],[-132.443349,53.145982],[-132.414622,53.145738],[-132.400543,53.147895],[-132.374501,53.157294],[-132.337717,53.162014],[-132.324452,53.165269],[-132.318715,53.169989],[-132.319651,53.177802],[-132.319692,53.190497],[-132.315053,53.198065],[-132.301666,53.190131],[-132.279937,53.172675],[-132.255442,53.161322],[-132.227528,53.156806],[-132.195872,53.15941],[-132.176381,53.165513],[-132.154693,53.176011],[-132.136383,53.188666],[-132.126943,53.200995],[-132.209543,53.200995],[-132.245107,53.196601],[-132.261057,53.200507],[-132.27774,53.214667],[-132.249379,53.207221],[-132.235748,53.207587],[-132.22997,53.21776],[-132.224355,53.230658],[-132.211293,53.234076],[-132.19636,53.234565],[-132.165761,53.245917],[-132.095611,53.254543],[-132.007883,53.253567],[-131.984446,53.260932],[-131.963043,53.282945],[-131.924794,53.341986],[-131.907826,53.358059],[-131.916737,53.375434],[-131.919016,53.388861],[-131.913726,53.438056],[-131.915761,53.45303],[-131.928334,53.488349],[-131.939687,53.509711],[-131.942616,53.521633],[-131.938222,53.532782],[-131.931996,53.540839],[-131.925445,53.551988],[-131.92219,53.563788],[-131.925201,53.573717],[-131.936187,53.596096],[-131.933339,53.618638],[-131.921986,53.640204],[-131.894887,53.678209],[-131.883941,53.697943],[-131.876536,53.718207],[-131.873687,53.738511],[-131.873158,53.763332],[-131.870513,53.782904],[-131.864369,53.799994],[-131.853179,53.817328],[-131.819081,53.854926],[-131.748647,53.91649],[-131.715443,53.953843],[-131.693267,53.991889],[-131.6787,54.034166],[-131.670725,54.079088],[-131.668284,54.12519],[-131.66218,54.130316],[-131.660268,54.136949],[-131.662424,54.14468],[-131.668284,54.153144],[-131.66393,54.156073],[-131.662262,54.159125],[-131.660797,54.166815],[-131.681549,54.141506],[-131.694651,54.129096],[-131.709218,54.118354],[-131.723378,54.112128],[-131.75475,54.102525],[-131.794301,54.08039],[-131.864369,54.067043],[-131.916371,54.040107],[-131.993479,54.025784],[-132.046498,54.022691],[-132.130442,54.033677],[-132.167063,54.045844],[-132.1822,54.043891],[-132.160878,54.026272],[-132.148264,54.018948],[-132.137196,54.016018],[-132.13036,54.010932],[-132.128163,53.999172],[-132.126943,53.975002],[-132.115305,53.942857],[-132.113881,53.930325],[-132.10912,53.923041],[-132.086334,53.901923],[-132.078521,53.892483],[-132.086985,53.877631],[-132.117014,53.841254],[-132.161041,53.813666],[-132.167877,53.807074],[-132.173085,53.798041],[-132.18399,53.787584],[-132.193837,53.773993],[-132.195872,53.755276],[-132.188059,53.7414],[-132.162465,53.726142],[-132.154897,53.714301],[-132.159169,53.699897],[-132.18871,53.681138],[-132.195872,53.669623],[-132.202301,53.655463],[-132.218088,53.655911],[-132.253814,53.66649],[-132.296132,53.673733],[-132.318837,53.672756],[-132.332997,53.659654],[-132.328236,53.648505],[-132.310292,53.641669],[-132.288238,53.638739],[-132.270904,53.639228],[-132.289784,53.622748],[-132.318471,53.617743],[-132.380198,53.618109],[-132.40803,53.613023],[-132.434804,53.604438],[-132.447174,53.595038],[-132.456939,53.584947],[-132.467885,53.577826],[-132.483795,53.577135],[-132.459299,53.6164],[-132.421132,53.634589],[-132.3815,53.647935],[-132.352895,53.672756],[-132.391103,53.671129],[-132.461781,53.651109],[-132.497467,53.646064],[-132.513499,53.649644],[-132.539866,53.664618],[-132.552113,53.66649],[-132.567128,53.659329],[-132.589263,53.637112],[-132.60676,53.631781],[-132.594106,53.653754],[-132.593088,53.659654],[-132.598378,53.670966],[-132.605051,53.677151],[-132.615142,53.679633],[-132.63093,53.680162],[-132.657541,53.674709],[-132.665924,53.676947],[-132.657948,53.690741],[-132.637196,53.700995],[-132.608022,53.703437],[-132.552113,53.700629],[-132.525054,53.703843],[-132.476064,53.717963],[-132.452789,53.721137],[-132.433258,53.726752],[-132.395334,53.753323],[-132.374013,53.762112],[-132.267812,53.769517],[-132.240631,53.777045],[-132.223988,53.794664],[-132.211334,53.815131],[-132.195872,53.831],[-132.183949,53.834215],[-132.154612,53.836412],[-132.143951,53.841254],[-132.117014,53.871975],[-132.114247,53.881293],[-132.12682,53.902004],[-132.143951,53.923163],[-132.154897,53.934027],[-132.147328,53.954535],[-132.144521,53.974311],[-132.148549,53.992499],[-132.161041,54.00849],[-132.17394,54.01496],[-132.202952,54.018622],[-132.216298,54.022773],[-132.230377,54.030748],[-132.233795,54.03498],[-132.231801,54.040758],[-132.22997,54.053534],[-132.238393,54.071601],[-132.275543,54.09516],[-132.284006,54.108466],[-132.296742,54.112291],[-132.40685,54.099351],[-132.424672,54.088446],[-132.43932,54.075426],[-132.456532,54.063788],[-132.532379,54.046332],[-132.544667,54.040188],[-132.547231,54.020006],[-132.555084,53.998725],[-132.568105,53.981838],[-132.586252,53.975002],[-132.610219,53.973619],[-132.621002,53.970526],[-132.63093,53.964423],[-132.654693,53.943996],[-132.661366,53.940863],[-132.681304,53.950832],[-132.675201,53.968655],[-132.644602,53.998928],[-132.622792,54.010484],[-132.600209,54.01496],[-132.580149,54.02265],[-132.565785,54.043891],[-132.563629,54.059882],[-132.563385,54.085028],[-132.566884,54.10814],[-132.575673,54.118354],[-132.601959,54.122626],[-132.649037,54.141303],[-132.675649,54.145697],[-132.703033,54.142646],[-132.753489,54.128485],[-132.778066,54.12519],[-132.834381,54.12816],[-132.908803,54.145331],[-132.916249,54.148871],[-132.925445,54.156195],[-132.936838,54.162909],[-132.952789,54.167711],[-132.968821,54.168606],[-132.980377,54.163031],[-132.997874,54.163642],[-133.025299,54.176093],[-133.053375,54.183092],[-133.072865,54.166815],[-133.040517,54.164537],[-133.044749,54.148017],[-133.086537,54.104682],[-133.072621,54.100043],[-133.06664,54.094916],[-133.054189,54.067369],[-133.051178,54.057807],[-133.046742,54.049709],[-133.038075,54.043891],[-133.043446,54.03441],[-133.051096,54.026557],[-133.065419,54.016018],[-133.067738,54.012885],[-133.068105,54.009467],[-133.069,54.005927],[-133.072865,54.002346],[-133.079091,54.001451],[-133.095326,54.003811],[-133.100738,54.002346],[-133.104726,53.987494],[-133.100168,53.970852],[-133.100819,53.954535],[-133.120676,53.940863],[-133.12385,53.929755],[-133.135813,53.914984],[-133.144399,53.896918]]],[[[-133.081776,54.231757],[-133.077219,54.223863],[-133.052113,54.222561],[-133.044423,54.219306],[-133.034006,54.216742],[-133.020823,54.214911],[-133.015248,54.206041],[-133.012685,54.194485],[-133.000478,54.19009],[-132.984934,54.193305],[-132.978098,54.196926],[-132.9794,54.204657],[-132.977284,54.218085],[-132.966054,54.234198],[-132.968577,54.240058],[-132.978505,54.245998],[-132.994293,54.252631],[-133.005686,54.255113],[-133.039622,54.258775],[-133.061391,54.256252],[-133.075754,54.245673],[-133.081776,54.231757]]],[[[-133.018422,53.546251],[-133.016306,53.543647],[-133.012766,53.542385],[-133.003692,53.539374],[-132.996816,53.540798],[-132.994293,53.535915],[-132.988555,53.536363],[-132.990224,53.532823],[-132.987945,53.525865],[-132.981435,53.522121],[-132.954457,53.525865],[-132.971262,53.539496],[-132.999949,53.546454],[-133.004058,53.548651],[-133.007802,53.548611],[-133.011708,53.552517],[-133.017405,53.5539],[-133.018219,53.551825],[-133.016469,53.549872],[-133.015614,53.54796],[-133.018422,53.546251]]],[[[-132.565785,53.145738],[-132.539377,53.121527],[-132.532582,53.109809],[-132.548411,53.104804],[-132.551625,53.099107],[-132.537994,53.086859],[-132.516916,53.074856],[-132.497467,53.070014],[-132.509429,53.053656],[-132.504384,53.040432],[-132.48884,53.031684],[-132.469553,53.028469],[-132.453277,53.033271],[-132.436187,53.041164],[-132.420522,53.042792],[-132.408111,53.028469],[-132.393137,53.03498],[-132.356435,53.038967],[-132.339223,53.04267],[-132.342356,53.038642],[-132.346669,53.028469],[-132.268951,53.030707],[-132.231028,53.026353],[-132.198883,53.004869],[-132.180247,52.998521],[-132.12914,53.006415],[-132.113881,53.001166],[-132.116689,52.990912],[-132.130279,52.979967],[-132.147532,52.971259],[-132.161041,52.967597],[-132.161041,52.96015],[-132.151967,52.956204],[-132.145497,52.950426],[-132.141754,52.942939],[-132.140614,52.933498],[-132.202016,52.967597],[-132.197133,52.956732],[-132.189443,52.948717],[-132.179555,52.943305],[-132.167877,52.940334],[-132.180409,52.927314],[-132.19929,52.93244],[-132.236806,52.954006],[-132.247548,52.956488],[-132.259836,52.95775],[-132.271596,52.956285],[-132.280873,52.950263],[-132.289133,52.949042],[-132.317372,52.954413],[-132.329254,52.950263],[-132.338531,52.943101],[-132.342275,52.94245],[-132.33434,52.922593],[-132.326772,52.913275],[-132.308461,52.895941],[-132.288889,52.883002],[-132.223134,52.864569],[-132.242909,52.850816],[-132.240102,52.834052],[-132.226308,52.81802],[-132.21288,52.80622],[-132.206695,52.802924],[-132.189565,52.798529],[-132.1822,52.795722],[-132.180531,52.793402],[-132.176869,52.785061],[-132.175364,52.78266],[-132.142079,52.759182],[-132.133778,52.754706],[-132.11026,52.757148],[-132.090077,52.787909],[-132.068918,52.795722],[-132.060536,52.803453],[-132.066396,52.821723],[-132.086008,52.857733],[-132.065012,52.850002],[-132.036285,52.816962],[-132.017079,52.803168],[-131.962554,52.786933],[-131.938791,52.773139],[-131.941314,52.754706],[-131.941314,52.748481],[-131.93517,52.745347],[-131.930287,52.740912],[-131.926096,52.735012],[-131.922109,52.727444],[-131.934397,52.732164],[-131.94518,52.739569],[-131.963043,52.754706],[-132.004018,52.78266],[-132.017079,52.775214],[-132.001576,52.766791],[-131.963043,52.73428],[-131.969309,52.727444],[-132.011138,52.756293],[-132.023915,52.762152],[-132.045237,52.76496],[-132.060129,52.759345],[-132.086008,52.73428],[-132.010243,52.680243],[-131.93928,52.65119],[-131.928334,52.648871],[-131.929758,52.629625],[-131.92512,52.626044],[-131.911244,52.624986],[-131.902252,52.620347],[-131.900217,52.609565],[-131.900217,52.597073],[-131.897288,52.58747],[-131.882639,52.576158],[-131.760976,52.511664],[-131.735911,52.501532],[-131.682851,52.489691],[-131.657786,52.477851],[-131.647125,52.457099],[-131.64269,52.454657],[-131.616363,52.429429],[-131.603749,52.422919],[-131.592397,52.42475],[-131.580963,52.429755],[-131.568349,52.432563],[-131.550201,52.429633],[-131.529205,52.421373],[-131.511586,52.408515],[-131.503163,52.391669],[-131.520985,52.397691],[-131.549062,52.403998],[-131.574941,52.403306],[-131.586334,52.388577],[-131.583608,52.384996],[-131.574086,52.357367],[-131.575429,52.354397],[-131.567535,52.350979],[-131.557037,52.351793],[-131.537913,52.3581],[-131.546702,52.343451],[-131.55842,52.330227],[-131.548329,52.325141],[-131.537506,52.322699],[-131.526926,52.323961],[-131.517445,52.330227],[-131.506988,52.319241],[-131.499013,52.305609],[-131.489084,52.294094],[-131.458648,52.284369],[-131.44929,52.27265],[-131.441314,52.257961],[-131.431752,52.244534],[-131.409413,52.223863],[-131.380035,52.202948],[-131.356597,52.200385],[-131.352284,52.234565],[-131.34553,52.234565],[-131.337514,52.216051],[-131.310414,52.190131],[-131.304514,52.175605],[-131.301422,52.163398],[-131.292836,52.147203],[-131.279693,52.132392],[-131.262929,52.124701],[-131.237172,52.136054],[-131.242787,52.170478],[-131.277211,52.24079],[-131.242991,52.222846],[-131.226674,52.211127],[-131.215728,52.199774],[-131.211497,52.186835],[-131.207916,52.153469],[-131.201527,52.138373],[-131.174957,52.124498],[-131.152089,52.142401],[-131.140492,52.176907],[-131.147532,52.212836],[-131.127797,52.209133],[-131.123891,52.198432],[-131.123036,52.184638],[-131.112701,52.171942],[-131.098459,52.169013],[-131.052235,52.169135],[-131.037668,52.171942],[-131.027089,52.180365],[-131.015614,52.195258],[-131.008127,52.212226],[-131.009674,52.227118],[-131.023915,52.235297],[-131.043772,52.232978],[-131.078603,52.220364],[-131.100413,52.230455],[-131.126088,52.234524],[-131.18102,52.234565],[-131.18102,52.24079],[-131.154937,52.247748],[-131.125152,52.249742],[-131.099477,52.25609],[-131.085439,52.27558],[-131.098459,52.287991],[-131.128082,52.29621],[-131.13386,52.306586],[-131.142568,52.31623],[-131.162506,52.31977],[-131.184153,52.318427],[-131.19811,52.313056],[-131.225697,52.296047],[-131.240102,52.30272],[-131.249338,52.305732],[-131.256744,52.303453],[-131.260243,52.28974],[-131.248118,52.278388],[-131.215728,52.261298],[-131.242909,52.262152],[-131.30191,52.293647],[-131.318186,52.281806],[-131.332183,52.297187],[-131.34439,52.335435],[-131.359731,52.344428],[-131.349721,52.355902],[-131.340647,52.354438],[-131.332631,52.344428],[-131.325592,52.330227],[-131.3155,52.338528],[-131.307037,52.343085],[-131.284657,52.350653],[-131.273264,52.351711],[-131.262766,52.350979],[-131.254506,52.355292],[-131.249908,52.371161],[-131.281077,52.370592],[-131.293609,52.366889],[-131.304514,52.3581],[-131.304107,52.376451],[-131.296254,52.393988],[-131.28307,52.406968],[-131.247914,52.419827],[-131.241526,52.435248],[-131.248443,52.446926],[-131.289174,52.43773],[-131.330393,52.433987],[-131.34553,52.426418],[-131.354848,52.412421],[-131.355214,52.399888],[-131.352447,52.385159],[-131.352284,52.364325],[-131.366119,52.370103],[-131.37857,52.366156],[-131.391672,52.359605],[-131.407582,52.3581],[-131.387196,52.378119],[-131.397776,52.389797],[-131.423451,52.393988],[-131.448557,52.391669],[-131.443267,52.406399],[-131.414377,52.453681],[-131.43399,52.465155],[-131.464101,52.473334],[-131.483062,52.485175],[-131.468984,52.507717],[-131.519887,52.507799],[-131.539866,52.513129],[-131.537913,52.529446],[-131.555653,52.536566],[-131.568593,52.530585],[-131.579823,52.520453],[-131.592519,52.515123],[-131.604563,52.518459],[-131.610666,52.525702],[-131.615549,52.532945],[-131.623606,52.5362],[-131.642974,52.537421],[-131.651967,52.539374],[-131.660797,52.542426],[-131.660797,52.549262],[-131.642649,52.554877],[-131.625234,52.564358],[-131.620473,52.573188],[-131.640289,52.577216],[-131.659169,52.583441],[-131.692209,52.613715],[-131.709218,52.624986],[-131.687327,52.631008],[-131.692372,52.65412],[-131.710927,52.681586],[-131.729644,52.70067],[-131.755971,52.714057],[-131.781972,52.717353],[-131.839508,52.713772],[-131.833567,52.726142],[-131.804799,52.754706],[-131.827382,52.764716],[-131.83967,52.767971],[-131.853179,52.768378],[-131.838287,52.771796],[-131.82433,52.773179],[-131.811025,52.770657],[-131.797963,52.762152],[-131.771067,52.783271],[-131.731435,52.7897],[-131.689198,52.790839],[-131.653961,52.795722],[-131.660878,52.805732],[-131.672515,52.807278],[-131.702382,52.803168],[-131.82901,52.803168],[-131.836497,52.807196],[-131.856313,52.833889],[-131.862904,52.834784],[-131.870961,52.831285],[-131.877675,52.830797],[-131.880523,52.840725],[-131.87857,52.843695],[-131.874176,52.846991],[-131.869537,52.851304],[-131.866851,52.857733],[-131.856597,52.862372],[-131.852406,52.867174],[-131.856313,52.875149],[-131.860951,52.878811],[-131.873687,52.885077],[-131.900502,52.894721],[-131.925649,52.889716],[-131.952301,52.880683],[-131.983551,52.878241],[-131.983551,52.885077],[-131.894154,52.913031],[-131.894154,52.919176],[-131.910471,52.918647],[-131.925404,52.922065],[-131.938344,52.927558],[-131.948801,52.933498],[-131.941558,52.936835],[-131.936187,52.9383],[-131.922109,52.940334],[-131.897613,52.939846],[-131.877553,52.930325],[-131.859853,52.91474],[-131.842641,52.895941],[-131.82079,52.878974],[-131.800038,52.874823],[-131.694692,52.876858],[-131.674469,52.883979],[-131.641713,52.908026],[-131.618886,52.920233],[-131.613026,52.926663],[-131.613881,52.932522],[-131.618235,52.938218],[-131.623443,52.941596],[-131.627309,52.940334],[-131.619781,52.954006],[-131.614654,52.95539],[-131.602854,52.965399],[-131.595123,52.976549],[-131.602773,52.981879],[-131.608469,52.984931],[-131.62621,52.998114],[-131.637196,53.001166],[-131.65038,53.00316],[-131.680409,53.012519],[-131.750152,53.022203],[-131.836659,53.050279],[-131.856313,53.046454],[-131.865061,53.040188],[-131.890004,53.029364],[-131.90038,53.022203],[-131.906158,53.015041],[-131.922109,52.987494],[-131.93106,52.997952],[-131.937082,53.009101],[-131.940338,53.022447],[-131.941314,53.039293],[-131.950185,53.04678],[-131.991322,53.054389],[-132.004018,53.06387],[-131.904124,53.06387],[-131.885325,53.065863],[-131.846669,53.074856],[-131.82901,53.07685],[-131.784169,53.073676],[-131.763254,53.068549],[-131.743031,53.060126],[-131.721099,53.055487],[-131.669057,53.054877],[-131.650543,53.046454],[-131.641713,53.039537],[-131.63036,53.034898],[-131.617991,53.033393],[-131.606191,53.035875],[-131.59557,53.041938],[-131.597239,53.045478],[-131.605051,53.049384],[-131.613026,53.056342],[-131.634429,53.101386],[-131.64094,53.111029],[-131.651112,53.115953],[-131.671254,53.115668],[-131.681874,53.118476],[-131.689198,53.124823],[-131.699086,53.141343],[-131.702382,53.145738],[-131.719635,53.152981],[-131.784291,53.166205],[-131.784291,53.173733],[-131.764312,53.181708],[-131.765452,53.198798],[-131.794097,53.252143],[-131.797963,53.255601],[-131.810292,53.257392],[-131.819936,53.252265],[-131.828969,53.245429],[-131.839223,53.241929],[-131.903961,53.240709],[-131.941314,53.228339],[-131.951161,53.217841],[-131.955637,53.214667],[-131.960561,53.213853],[-131.97175,53.215277],[-131.976715,53.214667],[-132.040354,53.182603],[-132.051178,53.169989],[-132.0655,53.161282],[-132.246734,53.151923],[-132.295074,53.1612],[-132.311879,53.15941],[-132.322092,53.15469],[-132.339019,53.142401],[-132.346669,53.138332],[-132.373118,53.132717],[-132.459584,53.132066],[-132.485951,53.13703],[-132.514475,53.14647],[-132.542104,53.152045],[-132.565785,53.145738]]],[[[-132.382558,53.004096],[-132.324086,52.968695],[-132.30309,52.966702],[-132.215688,52.975043],[-132.201894,52.984442],[-132.219838,52.992011],[-132.229644,52.995185],[-132.364735,53.00731],[-132.375315,53.006171],[-132.382558,53.004096]]],[[[-132.125356,53.192613],[-132.120513,53.186998],[-132.074452,53.192003],[-132.038075,53.204495],[-132.033518,53.209784],[-132.03657,53.216539],[-132.045196,53.222235],[-132.058746,53.2213],[-132.12031,53.203966],[-132.125152,53.198432],[-132.125356,53.192613]]],[[[-131.837636,52.840969],[-131.831939,52.826158],[-131.807973,52.814887],[-131.779449,52.811591],[-131.74352,52.811347],[-131.700836,52.817694],[-131.67984,52.82331],[-131.670766,52.824897],[-131.655181,52.830512],[-131.653635,52.837714],[-131.665151,52.841254],[-131.681264,52.842108],[-131.720693,52.839179],[-131.743479,52.840155],[-131.745351,52.841254],[-131.73054,52.844631],[-131.735829,52.853664],[-131.759429,52.857123],[-131.817779,52.846747],[-131.837636,52.840969]]],[[[-131.753936,52.765408],[-131.748118,52.761379],[-131.723337,52.750678],[-131.614532,52.748887],[-131.611765,52.756659],[-131.617502,52.765652],[-131.634226,52.774075],[-131.749949,52.770616],[-131.753936,52.765408]]],[[[-131.702382,52.721259],[-131.695627,52.700181],[-131.646962,52.664618],[-131.653961,52.645453],[-131.618967,52.605658],[-131.60204,52.59516],[-131.578847,52.597724],[-131.554555,52.614691],[-131.593617,52.638821],[-131.586334,52.659125],[-131.588735,52.660834],[-131.590443,52.660549],[-131.591624,52.661282],[-131.592519,52.665961],[-131.570872,52.661566],[-131.531117,52.639716],[-131.509999,52.631822],[-131.490631,52.631659],[-131.466908,52.636135],[-131.452748,52.64525],[-131.462148,52.659125],[-131.446929,52.685004],[-131.444732,52.702704],[-131.452992,52.717353],[-131.468984,52.73428],[-131.485422,52.735989],[-131.510732,52.730048],[-131.533925,52.718655],[-131.544097,52.703803],[-131.554677,52.7001],[-131.607004,52.698472],[-131.627309,52.693305],[-131.633372,52.707953],[-131.644643,52.713935],[-131.659006,52.712958],[-131.674428,52.706936],[-131.65689,52.721625],[-131.591705,52.721625],[-131.564565,52.727444],[-131.638783,52.737128],[-131.679026,52.734849],[-131.702382,52.721259]]],[[[-131.546132,52.869696],[-131.539622,52.864366],[-131.520538,52.861274],[-131.514963,52.862494],[-131.515574,52.865627],[-131.511871,52.867825],[-131.502105,52.872341],[-131.494822,52.877387],[-131.5006,52.875596],[-131.51061,52.876573],[-131.520538,52.876858],[-131.530141,52.874945],[-131.538157,52.870632],[-131.546132,52.869696]]],[[[-131.442738,52.559149],[-131.434641,52.551703],[-131.420725,52.549262],[-131.406321,52.546373],[-131.402089,52.545925],[-131.398508,52.545437],[-131.391672,52.539862],[-131.35672,52.547797],[-131.349273,52.552924],[-131.350738,52.556342],[-131.350006,52.564317],[-131.363515,52.575019],[-131.369252,52.580797],[-131.376047,52.583441],[-131.388336,52.575588],[-131.392852,52.573472],[-131.396352,52.571316],[-131.399037,52.570868],[-131.402862,52.57331],[-131.404775,52.566636],[-131.414093,52.566636],[-131.420929,52.565985],[-131.426259,52.567857],[-131.43106,52.563829],[-131.436838,52.562893],[-131.442738,52.559149]]],[[[-131.128163,52.09809],[-131.118886,52.075019],[-131.117502,52.057766],[-131.113108,52.042182],[-131.099721,52.035346],[-131.087758,52.031073],[-131.089752,52.021145],[-131.099965,52.009914],[-131.112701,52.001858],[-131.074371,51.969428],[-131.050689,51.953559],[-131.023997,51.946601],[-131.031972,51.961086],[-131.037343,51.967841],[-131.044423,51.973863],[-131.009674,51.980129],[-131.017486,51.995022],[-131.040028,52.013739],[-131.044423,52.02851],[-131.023549,52.018785],[-131.001536,52.011908],[-130.992258,52.013373],[-131.009674,52.02851],[-131.055287,52.046698],[-131.07136,52.060981],[-131.064931,52.083726],[-131.054555,52.065375],[-131.04483,52.061591],[-131.017161,52.069485],[-130.983754,52.066636],[-130.966908,52.067939],[-130.955068,52.07689],[-130.950754,52.094916],[-130.960276,52.104315],[-130.996653,52.111721],[-131.003,52.11107],[-131.006337,52.1081],[-131.009877,52.106024],[-131.016835,52.107978],[-131.02953,52.116767],[-131.040842,52.119534],[-131.064931,52.130927],[-131.059967,52.140611],[-131.060943,52.147366],[-131.067372,52.151068],[-131.078603,52.152045],[-131.098704,52.156073],[-131.108754,52.154039],[-131.113922,52.145819],[-131.12682,52.111558],[-131.128163,52.09809]]],[[[-131.102224,54.595585],[-131.090905,54.58224],[-131.06944,54.58786],[-131.049953,54.606029],[-131.05684,54.625717],[-131.09876,54.627962],[-131.102224,54.595585]]],[[[-130.969106,54.461982],[-130.961903,54.454779],[-130.838368,54.512844],[-130.830068,54.521308],[-130.776926,54.55036],[-130.763661,54.56273],[-130.755727,54.575263],[-130.742787,54.605618],[-130.747141,54.608588],[-130.748687,54.61164],[-130.750234,54.619289],[-130.756988,54.633734],[-130.773508,54.629462],[-130.792795,54.61815],[-130.807973,54.611802],[-130.825754,54.617011],[-130.839711,54.626166],[-130.854156,54.630072],[-130.873158,54.619289],[-130.879954,54.630927],[-130.897328,54.633734],[-130.917104,54.630072],[-130.931223,54.622707],[-130.935211,54.613959],[-130.933095,54.605414],[-130.929107,54.597724],[-130.927805,54.591376],[-130.93106,54.58454],[-130.940175,54.572943],[-130.945139,54.560004],[-130.958811,54.550035],[-130.961903,54.539781],[-130.961903,54.485175],[-130.964263,54.477729],[-130.968332,54.469794],[-130.969106,54.461982]]],[[[-130.870027,54.434751],[-130.828566,54.438728],[-130.823449,54.420858],[-130.784743,54.412253],[-130.729567,54.420801],[-130.728455,54.437835],[-130.766224,54.468865],[-130.790006,54.493734],[-130.817562,54.486324],[-130.861386,54.455443],[-130.870027,54.434751]]],[[[-130.80484,54.173651],[-130.789947,54.16177],[-130.73941,54.13642],[-130.728505,54.136054],[-130.719228,54.123277],[-130.697621,54.114936],[-130.672841,54.112779],[-130.654042,54.118354],[-130.649403,54.144599],[-130.68106,54.172065],[-130.756459,54.214545],[-130.776031,54.214097],[-130.786733,54.202541],[-130.794342,54.186754],[-130.80484,54.173651]]],[[[-130.769643,54.381171],[-130.760162,54.362006],[-130.742787,54.358344],[-130.713368,54.358954],[-130.69107,54.367092],[-130.694976,54.385891],[-130.691762,54.389838],[-130.690175,54.392524],[-130.687571,54.399604],[-130.694976,54.40058],[-130.697662,54.404242],[-130.698638,54.409125],[-130.701243,54.413804],[-130.708648,54.406399],[-130.715484,54.413804],[-130.733306,54.403632],[-130.756012,54.393866],[-130.769643,54.381171]]],[[[-130.723622,53.920478],[-130.718861,53.912909],[-130.708404,53.905829],[-130.70995,53.889553],[-130.715199,53.871161],[-130.715484,53.857652],[-130.708079,53.852932],[-130.696848,53.851264],[-130.681304,53.851508],[-130.656361,53.839586],[-130.650299,53.837836],[-130.628245,53.843329],[-130.622222,53.856431],[-130.627797,53.872219],[-130.64037,53.885565],[-130.657216,53.893704],[-130.674672,53.898627],[-130.690175,53.905829],[-130.701243,53.920356],[-130.69107,53.932766],[-130.684234,53.947821],[-130.675771,53.961005],[-130.660268,53.967597],[-130.657297,53.950995],[-130.648997,53.949449],[-130.638661,53.956244],[-130.629506,53.964423],[-130.61856,53.965725],[-130.603831,53.959377],[-130.581695,53.943996],[-130.544301,53.910712],[-130.522613,53.902167],[-130.489247,53.899319],[-130.471547,53.910224],[-130.463287,53.93537],[-130.45759,53.96308],[-130.447377,53.981838],[-130.432688,53.987779],[-130.386545,53.989244],[-130.361155,53.997545],[-130.349436,53.999416],[-130.338124,53.995429],[-130.348541,53.988593],[-130.35025,53.982489],[-130.344228,53.977729],[-130.331288,53.975002],[-130.331288,53.967597],[-130.365387,53.967597],[-130.396067,53.962144],[-130.410715,53.953192],[-130.453236,53.899075],[-130.460113,53.892279],[-130.469106,53.885565],[-130.482289,53.880032],[-130.489369,53.87995],[-130.491444,53.877509],[-130.489573,53.865139],[-130.478627,53.84394],[-130.461903,53.848782],[-130.442738,53.863471],[-130.424387,53.871975],[-130.423329,53.867174],[-130.412506,53.844916],[-130.406361,53.837836],[-130.396596,53.836249],[-130.36205,53.836249],[-130.351796,53.837836],[-130.341217,53.845771],[-130.336985,53.855048],[-130.334096,53.86518],[-130.32787,53.875678],[-130.300893,53.902737],[-130.284088,53.914496],[-130.241811,53.937405],[-130.228871,53.953843],[-130.231516,53.973782],[-130.24592,53.996405],[-130.264719,54.015082],[-130.280385,54.022773],[-130.290395,54.029283],[-130.338124,54.071234],[-130.392486,54.095404],[-130.42162,54.100043],[-130.434316,54.081122],[-130.452138,54.075588],[-130.518544,54.068671],[-130.516225,54.056952],[-130.56664,54.032945],[-130.585113,54.030219],[-130.603831,54.025295],[-130.618804,54.013617],[-130.632436,53.999986],[-130.646596,53.989244],[-130.64745,53.991034],[-130.65567,53.991645],[-130.666168,53.991034],[-130.673899,53.989244],[-130.679311,53.982978],[-130.686513,53.965074],[-130.691274,53.961371],[-130.705474,53.953762],[-130.717763,53.937161],[-130.723622,53.920478]]],[[[-130.636068,53.498406],[-130.624653,53.48152],[-130.60245,53.471276],[-130.586966,53.466192],[-130.587264,53.477943],[-130.592115,53.496183],[-130.616523,53.506408],[-130.636068,53.498406]]],[[[-130.617216,53.823191],[-130.609117,53.797011],[-130.553257,53.784382],[-130.512746,53.793474],[-130.497272,53.765167],[-130.437885,53.756889],[-130.419964,53.783274],[-130.449864,53.796169],[-130.509821,53.826307],[-130.569379,53.836742],[-130.617216,53.823191]]],[[[-130.530507,53.55976],[-130.527089,53.55268],[-130.51891,53.550971],[-130.509592,53.551174],[-130.502594,53.549791],[-130.469838,53.524888],[-130.460927,53.519599],[-130.449818,53.516791],[-130.434316,53.516303],[-130.405751,53.520697],[-130.384999,53.526557],[-130.364898,53.52733],[-130.338124,53.516303],[-130.382069,53.515286],[-130.404286,53.510199],[-130.413889,53.498603],[-130.407623,53.484849],[-130.393381,53.470038],[-130.365387,53.447414],[-130.32551,53.39997],[-130.314524,53.392768],[-130.222035,53.385403],[-130.214345,53.381008],[-130.205881,53.374091],[-130.199534,53.367621],[-130.19815,53.364895],[-130.175689,53.365546],[-130.164662,53.362779],[-130.159983,53.354926],[-130.155629,53.337226],[-130.144399,53.331732],[-130.112172,53.330064],[-130.094065,53.322577],[-130.086171,53.312323],[-130.084543,53.298245],[-130.084869,53.279202],[-130.075592,53.268988],[-130.053822,53.260077],[-130.009755,53.248196],[-130.007721,53.231269],[-129.993967,53.214179],[-129.939443,53.168891],[-129.92809,53.163764],[-129.912953,53.15941],[-129.887441,53.157782],[-129.858306,53.15941],[-129.850453,53.164862],[-129.841461,53.17475],[-129.830678,53.183743],[-129.817372,53.186713],[-129.80606,53.18122],[-129.796457,53.171454],[-129.785268,53.162421],[-129.769602,53.15941],[-129.748362,53.169908],[-129.737945,53.191352],[-129.736724,53.215644],[-129.742909,53.235175],[-129.74295,53.235297],[-129.766103,53.264594],[-129.867828,53.367621],[-129.875966,53.378323],[-129.882639,53.398179],[-129.890533,53.403957],[-129.900502,53.409003],[-129.928578,53.432563],[-129.973988,53.457994],[-130.075022,53.492865],[-130.115142,53.519436],[-130.187896,53.543606],[-130.236562,53.570787],[-130.261301,53.580634],[-130.315582,53.589789],[-130.365956,53.61286],[-130.39273,53.618109],[-130.41454,53.628892],[-130.444488,53.635403],[-130.496083,53.639228],[-130.515289,53.630357],[-130.525624,53.608954],[-130.529775,53.582913],[-130.530507,53.55976]]],[[[-130.482533,54.373684],[-130.473948,54.35871],[-130.458241,54.348619],[-130.444244,54.344916],[-130.423655,54.343166],[-130.372874,54.331855],[-130.348866,54.333726],[-130.308909,54.348212],[-130.287221,54.351752],[-130.272206,54.3581],[-130.263905,54.373236],[-130.257802,54.391262],[-130.249379,54.406399],[-130.246449,54.387193],[-130.258168,54.34101],[-130.252797,54.331855],[-130.243153,54.325629],[-130.240631,54.311347],[-130.240834,54.296088],[-130.23941,54.286851],[-130.229807,54.27969],[-130.206695,54.270738],[-130.194732,54.263007],[-130.231028,54.260077],[-130.282704,54.242499],[-130.292877,54.237454],[-130.287221,54.235053],[-130.284047,54.231594],[-130.281484,54.214423],[-130.277252,54.20775],[-130.17634,54.195217],[-130.159983,54.183905],[-130.154286,54.173651],[-130.140777,54.165839],[-130.124908,54.160875],[-130.112172,54.159329],[-130.101674,54.162258],[-130.088531,54.17536],[-130.078033,54.180487],[-130.064443,54.182115],[-130.019683,54.180487],[-130.008778,54.184719],[-129.988759,54.203437],[-129.978749,54.20775],[-129.954213,54.210842],[-129.886301,54.235053],[-129.828969,54.242133],[-129.767812,54.236518],[-129.625559,54.201809],[-129.595123,54.200344],[-129.589263,54.204657],[-129.575307,54.223863],[-129.56725,54.228217],[-129.517893,54.247219],[-129.491811,54.251451],[-129.475331,54.235053],[-129.490631,54.235419],[-129.504018,54.232245],[-129.529368,54.222073],[-129.553375,54.216376],[-129.5631,54.212714],[-129.582753,54.196926],[-129.611928,54.183905],[-129.636952,54.181138],[-129.721099,54.20775],[-129.749623,54.204047],[-129.765614,54.204169],[-129.792104,54.218004],[-129.806996,54.221177],[-129.838124,54.222073],[-129.860178,54.219306],[-129.886586,54.2119],[-129.911,54.200873],[-129.927235,54.187323],[-129.932281,54.16828],[-129.921864,54.155951],[-129.907297,54.14468],[-129.899892,54.128974],[-129.894887,54.124498],[-129.865793,54.104682],[-129.858713,54.095201],[-129.84675,54.074449],[-129.83845,54.063788],[-129.824696,54.051337],[-129.782338,54.021796],[-129.745432,54.008979],[-129.733632,53.992174],[-129.725209,53.971869],[-129.714955,53.953843],[-129.727366,53.957831],[-129.735097,53.964545],[-129.749094,53.981838],[-129.750885,53.985663],[-129.753,53.996975],[-129.7565,54.002346],[-129.762034,54.003852],[-129.777577,54.001695],[-129.783803,54.002346],[-129.789052,54.006537],[-129.797922,54.018785],[-129.80309,54.022773],[-129.812367,54.024726],[-129.820709,54.024644],[-129.829091,54.025539],[-129.83845,54.030219],[-129.844146,54.036078],[-129.846669,54.04206],[-129.848459,54.048774],[-129.852122,54.056952],[-129.87328,54.085598],[-129.899892,54.112128],[-129.909901,54.117987],[-129.931752,54.126939],[-129.940907,54.132636],[-129.94518,54.140448],[-129.946767,54.14997],[-129.950429,54.159329],[-129.961334,54.166815],[-129.979888,54.161119],[-130.037831,54.154242],[-130.05012,54.156195],[-130.05663,54.139553],[-130.085276,54.100531],[-130.091664,54.081122],[-130.083892,54.004706],[-130.086659,53.970608],[-130.104726,53.947089],[-130.093373,53.94009],[-130.063791,53.906155],[-130.053375,53.898179],[-130.029368,53.884019],[-130.019683,53.875678],[-130.006337,53.874579],[-129.969065,53.891262],[-129.961334,53.888983],[-129.965159,53.875922],[-129.974233,53.865871],[-129.996165,53.851508],[-129.95873,53.841946],[-129.948313,53.837836],[-129.939198,53.830308],[-129.927561,53.812201],[-129.9204,53.803656],[-129.911366,53.797675],[-129.879384,53.783149],[-129.852366,53.759914],[-129.845286,53.755276],[-129.834462,53.754096],[-129.811838,53.757025],[-129.80309,53.755276],[-129.784413,53.728909],[-129.776438,53.721137],[-129.753326,53.711168],[-129.733022,53.705471],[-129.715728,53.695461],[-129.701894,53.672756],[-129.721181,53.682359],[-129.731557,53.685777],[-129.742909,53.686998],[-129.742909,53.680162],[-129.726674,53.671698],[-129.687856,53.640082],[-129.680165,53.628648],[-129.669911,53.618354],[-129.615346,53.577135],[-129.593129,53.572211],[-129.33495,53.396918],[-129.289784,53.385403],[-129.278066,53.39289],[-129.263336,53.410631],[-129.249908,53.43122],[-129.242014,53.447414],[-129.237294,53.467231],[-129.235707,53.492011],[-129.24234,53.511868],[-129.262441,53.516303],[-129.262441,53.522528],[-129.24474,53.530341],[-129.239369,53.551459],[-129.242014,53.594468],[-129.238271,53.618801],[-129.23092852860918,53.62909184820973],[-129.23150533649195,53.63085859415628],[-129.37602497522602,53.75806363551555],[-129.3759884171928,54.34991556027055],[-129.41169622303835,54.346663022636925],[-129.49836205210798,54.38001373325136],[-129.5263556338361,54.44123479746133],[-129.5990041611735,54.469691569310825],[-129.68491591506148,54.47351557157905],[-129.69002087375392,54.52973659288196],[-129.65612885534551,54.55305944509373],[-129.6968595503909,54.592832984148664],[-129.6580660916864,54.621713458386964],[-129.58381710613423,54.63169823419215],[-129.5365892537049,54.589740313856886],[-129.45474147103064,54.62462169379913],[-129.46342744266445,54.65023788001017],[-129.54908490257185,54.67075682035586],[-129.68706314890937,54.68474682920268],[-129.70388828355019,54.73788550519286],[-129.77582472918098,54.73874465901718],[-129.89721607334445,54.70526719364292],[-130.05525068549798,54.69912208617299],[-130.13102835778696,54.72785016933726],[-130.18996911275454,54.72543022160408],[-130.186676,54.724555],[-130.154937,54.722561],[-130.139801,54.718248],[-130.120229,54.706366],[-130.110422,54.702582],[-130.095082,54.701239],[-130.075754,54.693345],[-130.036366,54.654731],[-130.016591,54.639797],[-129.989858,54.63052],[-129.961822,54.626614],[-129.890859,54.626044],[-129.880767,54.624742],[-129.879547,54.620592],[-129.893666,54.611802],[-129.906484,54.609198],[-129.923655,54.609198],[-130.011627,54.619859],[-130.039662,54.628892],[-130.060658,54.643215],[-130.078603,54.668606],[-130.084869,54.673896],[-130.09557,54.677924],[-130.121327,54.683661],[-130.18163,54.704779],[-130.234446,54.711412],[-130.287668,54.70775],[-130.338124,54.693793],[-130.372426,54.664252],[-130.359771,54.632148],[-130.322621,54.603664],[-130.283518,54.58515],[-130.287953,54.574897],[-130.290924,54.570787],[-130.211659,54.493354],[-130.191314,54.482123],[-130.137034,54.442043],[-130.101145,54.426337],[-130.084869,54.444241],[-130.084788,54.463202],[-130.082875,54.478583],[-130.076731,54.491197],[-130.063791,54.501939],[-130.004709,54.51968],[-129.996165,54.523668],[-129.981435,54.515448],[-129.984853,54.504706],[-129.999013,54.494534],[-130.016591,54.488267],[-130.05191,54.485338],[-130.0631,54.478949],[-130.071197,54.461005],[-130.064076,54.446845],[-130.084584,54.411282],[-130.084869,54.392076],[-130.07315,54.377021],[-130.026519,54.341498],[-130.013499,54.334174],[-129.999989,54.332587],[-129.987131,54.333157],[-129.975657,54.331855],[-129.963124,54.326728],[-129.958892,54.322089],[-129.963857,54.318834],[-129.978749,54.317613],[-130.006093,54.319973],[-130.030995,54.326728],[-130.052968,54.337388],[-130.276031,54.519843],[-130.283518,54.533352],[-130.288197,54.539049],[-130.318227,54.564643],[-130.34557,54.598131],[-130.362701,54.61225],[-130.382965,54.623277],[-130.405995,54.630439],[-130.431223,54.632961],[-130.439565,54.623928],[-130.419993,54.604193],[-130.393178,54.585028],[-130.379709,54.577704],[-130.385569,54.565253],[-130.400868,54.565741],[-130.418446,54.569648],[-130.431223,54.567776],[-130.43692,54.559231],[-130.439849,54.548977],[-130.441151,54.526801],[-130.435374,54.502183],[-130.420562,54.485785],[-130.379709,54.461005],[-130.400299,54.454006],[-130.445058,54.453192],[-130.465403,54.444241],[-130.474233,54.433539],[-130.481068,54.418687],[-130.482533,54.403551],[-130.47525,54.392076],[-130.482533,54.373684]]],[[[-130.469106,54.303941],[-130.444081,54.291205],[-130.394358,54.254055],[-130.365387,54.242499],[-130.369374,54.248236],[-130.370717,54.252265],[-130.365387,54.255561],[-130.362131,54.25845],[-130.356109,54.265448],[-130.353261,54.267646],[-130.353017,54.268988],[-130.354848,54.271755],[-130.361643,54.278022],[-130.379709,54.303941],[-130.388173,54.311021],[-130.420644,54.331855],[-130.436879,54.332668],[-130.450917,54.327582],[-130.462026,54.317694],[-130.469106,54.303941]]],[[[-130.406361,53.686998],[-130.397939,53.680243],[-130.380849,53.67182],[-130.372874,53.66649],[-130.364613,53.658271],[-130.348622,53.635484],[-130.331858,53.62401],[-130.293813,53.619127],[-130.251617,53.597073],[-130.173655,53.590766],[-130.117014,53.57038],[-130.091664,53.570299],[-130.105784,53.603949],[-130.114329,53.61815],[-130.126454,53.631781],[-130.119008,53.639228],[-130.127512,53.65351],[-130.126576,53.66352],[-130.121816,53.672431],[-130.119008,53.68358],[-130.124745,53.695624],[-130.138254,53.702826],[-130.184438,53.715399],[-130.201527,53.715806],[-130.216786,53.718085],[-130.228871,53.727973],[-130.23469,53.740709],[-130.235097,53.753079],[-130.230784,53.764879],[-130.222035,53.776353],[-130.233388,53.78441],[-130.260894,53.797838],[-130.277252,53.803656],[-130.296376,53.800971],[-130.301747,53.789455],[-130.298329,53.772854],[-130.290924,53.755276],[-130.303822,53.745754],[-130.367055,53.71308],[-130.406361,53.686998]]],[[[-130.354237,54.29678],[-130.353993,54.271999],[-130.352366,54.269599],[-130.351959,54.269029],[-130.35204,54.268419],[-130.352122,54.267727],[-130.350006,54.265041],[-130.346791,54.261786],[-130.338124,54.255561],[-130.298451,54.253648],[-130.265045,54.278795],[-130.253041,54.311347],[-130.277252,54.331855],[-130.305043,54.333686],[-130.334299,54.31977],[-130.354237,54.29678]]],[[[-130.290924,53.837836],[-130.231191,53.82567],[-130.214589,53.817328],[-130.204091,53.801174],[-130.20523,53.785956],[-130.211049,53.771064],[-130.214589,53.755276],[-130.211537,53.73664],[-130.202382,53.730292],[-130.167388,53.727973],[-130.0985,53.708075],[-130.092397,53.693061],[-130.097564,53.661282],[-130.091664,53.646064],[-130.075754,53.637641],[-130.058339,53.640204],[-130.030263,53.652818],[-129.99234,53.660712],[-129.946197,53.664293],[-129.902496,53.658759],[-129.871938,53.639228],[-129.879384,53.631781],[-129.91808,53.643134],[-129.978098,53.643012],[-130.033315,53.631293],[-130.057525,53.607856],[-130.049631,53.587795],[-130.030344,53.58161],[-129.985504,53.584621],[-129.967397,53.593207],[-129.954213,53.609809],[-129.938588,53.620429],[-129.912953,53.611274],[-129.933095,53.600328],[-129.940907,53.598212],[-129.940907,53.590766],[-129.926829,53.596625],[-129.913401,53.595364],[-129.886301,53.584621],[-129.908193,53.57685],[-129.918691,53.571519],[-129.927235,53.562893],[-129.905914,53.563218],[-129.888743,53.561713],[-129.877024,53.554104],[-129.871938,53.5362],[-129.876332,53.519924],[-129.895334,53.48725],[-129.896799,53.478095],[-129.875478,53.466376],[-129.853261,53.467719],[-129.833892,53.472602],[-129.821034,53.47134],[-129.818512,53.459418],[-129.822133,53.441067],[-129.830963,53.412665],[-129.822255,53.405341],[-129.806874,53.385321],[-129.796864,53.378485],[-129.766103,53.385403],[-129.762115,53.382717],[-129.762685,53.376532],[-129.764068,53.369696],[-129.762766,53.364895],[-129.725657,53.341742],[-129.714955,53.337592],[-129.698557,53.338935],[-129.684967,53.34516],[-129.672597,53.34927],[-129.659739,53.344428],[-129.67394,53.337592],[-129.67394,53.330064],[-129.639231,53.317084],[-129.644439,53.31509],[-129.653188,53.310614],[-129.659739,53.309638],[-129.646637,53.295478],[-129.601796,53.25609],[-129.59203,53.245063],[-129.585032,53.2237],[-129.567535,53.215318],[-129.545074,53.217719],[-129.523101,53.228339],[-129.498647,53.215562],[-129.483022,53.224107],[-129.482289,53.24494],[-129.502675,53.268622],[-129.502553,53.281643],[-129.509429,53.297187],[-129.512929,53.310696],[-129.502675,53.317084],[-129.47525,53.297431],[-129.459137,53.294827],[-129.44131,53.315512],[-129.429589,53.335635],[-129.406478,53.33222],[-129.390945,53.308748],[-129.396574,53.292449],[-129.379369,53.280238],[-129.3614,53.245541],[-129.328718,53.263449],[-129.325761,53.295911],[-129.345753,53.328067],[-129.336536,53.360615],[-129.368776,53.38387],[-129.402797,53.398366],[-129.41393,53.419501],[-129.426991,53.435004],[-129.451243,53.453192],[-129.478139,53.468329],[-129.498931,53.474758],[-129.559885,53.471259],[-129.588043,53.474677],[-129.611928,53.488349],[-129.618967,53.484809],[-129.639231,53.481513],[-129.629791,53.496812],[-129.616322,53.499091],[-129.567494,53.484117],[-129.550893,53.482245],[-129.533925,53.483385],[-129.515736,53.488349],[-129.523834,53.499457],[-129.534576,53.508124],[-129.674794,53.592719],[-129.759999,53.669623],[-129.769602,53.676459],[-129.777496,53.689032],[-129.830963,53.735419],[-129.841379,53.739895],[-129.865102,53.746161],[-129.87564,53.752143],[-129.890859,53.766425],[-129.900299,53.773424],[-129.932688,53.781928],[-129.996165,53.824164],[-130.018056,53.832465],[-130.026723,53.838528],[-130.030263,53.84809],[-130.037262,53.850165],[-130.070465,53.856431],[-130.081451,53.861396],[-130.106353,53.880357],[-130.15746,53.898139],[-130.18106,53.912909],[-130.196197,53.916571],[-130.233144,53.897935],[-130.252797,53.892483],[-130.267323,53.886135],[-130.276723,53.871039],[-130.290924,53.837836]]],[[[-130.269846,54.153144],[-130.261627,54.144192],[-130.253529,54.132554],[-130.243398,54.122626],[-130.229156,54.118354],[-130.213531,54.120592],[-130.155873,54.141588],[-130.162506,54.160956],[-130.185902,54.179877],[-130.214589,54.187323],[-130.216461,54.194403],[-130.227773,54.19717],[-130.242014,54.195787],[-130.252797,54.19066],[-130.259185,54.182115],[-130.269846,54.153144]]],[[[-129.742909,53.132066],[-129.719594,53.103909],[-129.693593,53.083197],[-129.661204,53.069892],[-129.618723,53.06387],[-129.588857,53.071763],[-129.598948,53.093573],[-129.627594,53.117662],[-129.653472,53.132066],[-129.66808,53.137356],[-129.693959,53.138861],[-129.721995,53.136949],[-129.742909,53.132066]]],[[[-129.687611,53.06387],[-129.675364,53.057766],[-129.645823,53.051703],[-129.636098,53.046454],[-129.629994,53.041938],[-129.608754,53.030707],[-129.601674,53.028469],[-129.592519,53.030707],[-129.58788,53.035102],[-129.582346,53.038031],[-129.570302,53.035875],[-129.56192,53.031399],[-129.554677,53.024807],[-129.548573,53.016913],[-129.543609,53.008612],[-129.534413,53.013251],[-129.526194,53.019192],[-129.519683,53.026597],[-129.515736,53.035875],[-129.532867,53.035224],[-129.543853,53.03974],[-129.564076,53.056342],[-129.574696,53.059638],[-129.618723,53.056342],[-129.670522,53.064276],[-129.687611,53.06387]]],[[[-129.653472,53.022203],[-129.647288,53.010443],[-129.629262,52.992255],[-129.620513,52.958197],[-129.609364,52.961656],[-129.59203,52.981879],[-129.578928,52.980943],[-129.558502,52.964423],[-129.543609,52.96015],[-129.529775,52.964911],[-129.536122,52.97606],[-129.549713,52.989569],[-129.557281,53.001166],[-129.572092,53.019721],[-129.598704,53.025214],[-129.653472,53.022203]]],[[[-129.551747,53.14289],[-129.535959,53.134589],[-129.515452,53.130113],[-129.502675,53.118476],[-129.511138,53.113918],[-129.516265,53.106838],[-129.51537,53.100246],[-129.505767,53.097357],[-129.489247,53.109524],[-129.479604,53.112047],[-129.475331,53.10106],[-129.470937,53.082221],[-129.459584,53.070258],[-129.443959,53.059149],[-129.42691,53.04267],[-129.408437,53.013373],[-129.394928,53.000393],[-129.375396,52.99494],[-129.372629,52.992662],[-129.337961,52.972602],[-129.324452,52.971869],[-129.300364,52.974433],[-129.291127,52.982327],[-129.292348,53.000556],[-129.304067,53.035875],[-129.315297,53.05329],[-129.329742,53.061428],[-129.345855,53.067939],[-129.362375,53.080268],[-129.41393,53.138332],[-129.443349,53.157213],[-129.456614,53.169501],[-129.46109,53.186713],[-129.48351,53.190985],[-129.509836,53.191718],[-129.534088,53.18476],[-129.550445,53.166205],[-129.551747,53.14289]]],[[[-129.449572,52.643997],[-129.435476,52.637686],[-129.418125,52.645167],[-129.402445,52.646643],[-129.403256,52.663349],[-129.400103,52.679527],[-129.413311,52.687649],[-129.432788,52.68312],[-129.427429,52.674259],[-129.436531,52.659166],[-129.449572,52.643997]]],[[[-129.416616,52.553208],[-129.404602,52.548649],[-129.395076,52.554794],[-129.40942,52.567083],[-129.416616,52.553208]]],[[[-129.367664,52.844951],[-129.366192,52.8145],[-129.347705,52.799885],[-129.328924,52.799611],[-129.323989,52.820605],[-129.312018,52.839333],[-129.330284,52.84918],[-129.354662,52.86251],[-129.367664,52.844951]]],[[[-129.338775,53.178168],[-129.33845,53.153713],[-129.33137,53.132066],[-129.323557,53.124213],[-129.301747,53.113227],[-129.293528,53.107896],[-129.284535,53.098334],[-129.276723,53.091986],[-129.269439,53.09276],[-129.262441,53.104804],[-129.240305,53.100409],[-129.162831,53.099433],[-129.139556,53.104804],[-129.134185,53.120185],[-129.154693,53.163642],[-129.160024,53.186713],[-129.157867,53.2001],[-129.152455,53.219062],[-129.152577,53.228339],[-129.156728,53.239203],[-129.168365,53.251044],[-129.173695,53.261786],[-129.174916,53.274359],[-129.170074,53.29206],[-129.173695,53.302802],[-129.183949,53.313666],[-129.197825,53.321682],[-129.213043,53.326972],[-129.241444,53.333645],[-129.261383,53.334662],[-129.275746,53.331],[-129.272369,53.320502],[-129.25414,53.304348],[-129.249094,53.295111],[-129.24942,53.282945],[-129.262074,53.265367],[-129.323883,53.220893],[-129.333567,53.201809],[-129.338775,53.178168]]],[[[-129.291982,52.762641],[-129.285512,52.750678],[-129.268666,52.73428],[-129.276112,52.727444],[-129.255727,52.714016],[-129.208852,52.694485],[-129.194203,52.680243],[-129.203359,52.683539],[-129.211822,52.68476],[-129.219838,52.683783],[-129.227691,52.680243],[-129.184153,52.626614],[-129.154693,52.604885],[-129.119049,52.611396],[-129.125885,52.587104],[-129.119252,52.565863],[-129.102284,52.553656],[-129.078114,52.556708],[-129.072906,52.539252],[-129.06017,52.524115],[-129.043365,52.517524],[-129.026275,52.525702],[-129.013824,52.529853],[-129.003651,52.520331],[-129.000559,52.504136],[-129.009185,52.48786],[-128.992502,52.487372],[-128.98648,52.480048],[-128.984934,52.468085],[-128.981272,52.453681],[-128.949574,52.473293],[-128.932485,52.498969],[-128.92634,52.527777],[-128.926666,52.569525],[-128.924794,52.585598],[-128.924875,52.601752],[-128.930084,52.614447],[-128.944651,52.627997],[-129.056996,52.706936],[-129.08434,52.731431],[-129.101796,52.743394],[-129.135732,52.75316],[-129.151763,52.764309],[-129.180531,52.789496],[-129.256988,52.82807],[-129.275054,52.824652],[-129.281484,52.810452],[-129.268666,52.789496],[-129.286773,52.774237],[-129.291982,52.762641]]],[[[-129.194203,53.004869],[-129.189117,52.969224],[-129.183746,52.94953],[-129.177113,52.936835],[-129.160512,52.930325],[-129.1256,52.931871],[-129.119049,52.922919],[-129.100006,52.902981],[-129.057362,52.917955],[-129.012807,52.946723],[-128.988149,52.967597],[-128.983957,52.974595],[-128.977447,52.989691],[-128.974477,52.99494],[-128.966624,53.003485],[-128.949534,53.01675],[-128.940297,53.022203],[-128.922922,53.029975],[-128.904897,53.034084],[-128.864613,53.035875],[-128.864613,53.04267],[-128.881663,53.04682],[-128.891672,53.053371],[-128.909901,53.073432],[-128.921254,53.080797],[-128.946767,53.092027],[-128.957672,53.10106],[-128.963368,53.104438],[-128.971099,53.105536],[-128.978912,53.104397],[-128.992014,53.096381],[-128.996205,53.099677],[-128.998931,53.106024],[-129.00178,53.111029],[-129.008372,53.117418],[-129.012278,53.124498],[-129.014272,53.13349],[-129.015452,53.145738],[-128.960805,53.118476],[-128.933827,53.100165],[-128.905426,53.089748],[-128.877349,53.072008],[-128.851674,53.051581],[-128.837961,53.035875],[-128.913971,53.01675],[-128.947743,52.998969],[-128.947133,52.974433],[-128.965159,52.965888],[-128.988678,52.933783],[-129.005483,52.926663],[-129.036488,52.905585],[-129.070668,52.892524],[-129.027577,52.868842],[-129.016835,52.85932],[-129.029693,52.857733],[-129.092763,52.875678],[-129.115346,52.878241],[-129.125396,52.867865],[-129.121205,52.84455],[-129.110748,52.820136],[-129.101674,52.80622],[-129.07726,52.778306],[-129.062978,52.768297],[-129.036488,52.762152],[-129.036488,52.754706],[-129.042836,52.752346],[-129.047353,52.748969],[-129.051584,52.745103],[-129.056996,52.741034],[-129.044504,52.734524],[-129.017242,52.715766],[-128.927317,52.672797],[-128.891469,52.660224],[-128.856435,52.659003],[-128.825795,52.671617],[-128.803782,52.70067],[-128.795644,52.690497],[-128.788971,52.679023],[-128.78189,52.669827],[-128.772776,52.665961],[-128.760406,52.669094],[-128.756703,52.676825],[-128.759348,52.686916],[-128.777252,52.715155],[-128.778717,52.730129],[-128.769032,52.768378],[-128.763661,52.813056],[-128.757232,52.834866],[-128.745107,52.844143],[-128.727854,52.853949],[-128.72761,52.876125],[-128.736928,52.899482],[-128.748525,52.913031],[-128.732981,52.918036],[-128.718984,52.912543],[-128.703521,52.903876],[-128.683339,52.899359],[-128.669342,52.907904],[-128.669586,52.927476],[-128.679596,52.963935],[-128.674957,52.97134],[-128.664459,52.970893],[-128.653147,52.966051],[-128.646108,52.96015],[-128.644683,52.953681],[-128.645172,52.933661],[-128.648427,52.916083],[-128.651031,52.90884],[-128.672841,52.864569],[-128.689361,52.853949],[-128.702301,52.847398],[-128.710805,52.836656],[-128.713735,52.813056],[-128.719146,52.795356],[-128.743072,52.763739],[-128.748525,52.744818],[-128.746449,52.726386],[-128.737172,52.691636],[-128.734853,52.672797],[-128.735951,52.656195],[-128.739735,52.639106],[-128.746165,52.621649],[-128.75536,52.603909],[-128.748525,52.597724],[-128.725168,52.607367],[-128.703603,52.611233],[-128.605621,52.611233],[-128.594594,52.614447],[-128.589101,52.623033],[-128.581899,52.648586],[-128.577219,52.659125],[-128.583485,52.663642],[-128.589996,52.665961],[-128.597239,52.666571],[-128.605133,52.665961],[-128.584055,52.686225],[-128.577463,52.700995],[-128.584625,52.741034],[-128.571278,52.737372],[-128.564524,52.743232],[-128.532338,52.846625],[-128.524037,52.891791],[-128.521962,52.933498],[-128.527496,52.981024],[-128.538726,53.019721],[-128.582265,53.10106],[-128.584218,53.107611],[-128.587026,53.113593],[-128.62142079372336,53.15508309918842],[-128.66434242267115,53.16516867218718],[-128.679596,53.166205],[-128.704579,53.174628],[-128.795155,53.218655],[-128.868764,53.272528],[-128.905019,53.293362],[-128.976064,53.294867],[-129.019765,53.310533],[-129.042104,53.310614],[-129.06428,53.307563],[-129.078114,53.302802],[-129.088368,53.291002],[-129.086537,53.282213],[-129.078603,53.273424],[-129.070668,53.261786],[-129.067006,53.249498],[-129.063954,53.231147],[-129.065175,53.214504],[-129.082346,53.201402],[-129.082834,53.188056],[-129.078114,53.162787],[-129.077138,53.136217],[-129.078969,53.11107],[-129.090566,53.088568],[-129.119049,53.070014],[-129.126576,53.081488],[-129.142812,53.082099],[-129.158925,53.074164],[-129.166249,53.060126],[-129.170644,53.047187],[-129.189809,53.023342],[-129.194203,53.004869]]],[[[-128.817454,52.521959],[-128.796986,52.513739],[-128.777455,52.499905],[-128.757232,52.490302],[-128.734853,52.494615],[-128.719716,52.488349],[-128.706288,52.490953],[-128.701812,52.498725],[-128.713735,52.507717],[-128.698883,52.518134],[-128.689036,52.512274],[-128.6787,52.500881],[-128.662913,52.494615],[-128.650543,52.492092],[-128.619293,52.477851],[-128.592926,52.461412],[-128.560658,52.453315],[-128.546783,52.443183],[-128.534088,52.43594],[-128.516021,52.433783],[-128.497874,52.436347],[-128.484731,52.443183],[-128.472076,52.488267],[-128.525136,52.597968],[-128.536244,52.652289],[-128.550649,52.6647],[-128.561269,52.652248],[-128.56607,52.629584],[-128.562978,52.611396],[-128.583323,52.600491],[-128.72468,52.597724],[-128.732045,52.595526],[-128.738881,52.590806],[-128.741933,52.586168],[-128.738271,52.584052],[-128.735585,52.581366],[-128.740549,52.56684],[-128.738271,52.559801],[-128.732045,52.556545],[-128.714955,52.552151],[-128.70759,52.549262],[-128.714426,52.546373],[-128.721181,52.542426],[-128.701324,52.531684],[-128.693918,52.529446],[-128.700103,52.521959],[-128.713246,52.528876],[-128.721059,52.525133],[-128.72704,52.518052],[-128.734853,52.515123],[-128.745107,52.518459],[-128.752838,52.523912],[-128.760121,52.53026],[-128.769032,52.5362],[-128.786733,52.54442],[-128.80134,52.547024],[-128.811879,52.540676],[-128.817454,52.521959]]],[[[-128.763824,52.44953],[-128.762807,52.428534],[-128.756418,52.408108],[-128.748525,52.391669],[-128.74767,52.386949],[-128.749176,52.375922],[-128.748525,52.371161],[-128.728098,52.364325],[-128.726959,52.354234],[-128.7294,52.332709],[-128.728098,52.322699],[-128.716664,52.307807],[-128.686391,52.286078],[-128.679596,52.268134],[-128.648305,52.2897],[-128.623158,52.330146],[-128.612782,52.377387],[-128.62564,52.419582],[-128.620473,52.427314],[-128.618276,52.435126],[-128.618235,52.453681],[-128.623687,52.46308],[-128.632395,52.469794],[-128.652943,52.480943],[-128.660715,52.476142],[-128.669016,52.472235],[-128.677846,52.469306],[-128.687082,52.467353],[-128.677235,52.477688],[-128.672841,52.480943],[-128.672841,52.48786],[-128.717519,52.480902],[-128.741119,52.474555],[-128.75536,52.467353],[-128.763824,52.44953]]],[[[-128.542388,52.721625],[-128.53954,52.708482],[-128.530588,52.69481],[-128.521962,52.687079],[-128.529408,52.680243],[-128.516713,52.653957],[-128.509877,52.653876],[-128.501698,52.66942],[-128.484731,52.690172],[-128.477651,52.70661],[-128.481028,52.78266],[-128.461171,52.775824],[-128.455556,52.789049],[-128.457672,52.809475],[-128.465932,52.83869],[-128.473378,52.853583],[-128.484934,52.865465],[-128.502105,52.872016],[-128.510365,52.862779],[-128.523183,52.801825],[-128.532826,52.778957],[-128.535959,52.766425],[-128.531239,52.733954],[-128.532826,52.727444],[-128.542388,52.721625]]],[[[-128.522442,52.157552],[-128.505357,52.153101],[-128.477369,52.151383],[-128.430069,52.154049],[-128.438991,52.142516],[-128.454672,52.130897],[-128.441712,52.12275],[-128.422426,52.127661],[-128.405149,52.14241],[-128.394574,52.155514],[-128.373229,52.149533],[-128.357846,52.144525],[-128.368117,52.121568],[-128.384268,52.098015],[-128.366206,52.087849],[-128.339757,52.079336],[-128.321517,52.090447],[-128.336673,52.116227],[-128.329823,52.147854],[-128.313629,52.131415],[-128.303538,52.130927],[-128.286244,52.164293],[-128.28303,52.168769],[-128.278391,52.18476],[-128.266021,52.197577],[-128.248402,52.207017],[-128.227773,52.212836],[-128.246571,52.228909],[-128.278879,52.237209],[-128.344472,52.24079],[-128.3662,52.234768],[-128.409081,52.236391],[-128.447298,52.238007],[-128.455331,52.224912],[-128.456544,52.210863],[-128.471527,52.202885],[-128.483673,52.186626],[-128.517978,52.174756],[-128.522442,52.157552]]],[[[-128.51494779202991,53.004517068134156],[-128.510406,52.985175],[-128.508372,52.963935],[-128.496693,52.929429],[-128.492543,52.908637],[-128.498687,52.899359],[-128.497467,52.894721],[-128.477895,52.868313],[-128.469146,52.862128],[-128.458892,52.857733],[-128.450429,52.851752],[-128.442983,52.827704],[-128.433013,52.823676],[-128.371409,52.820217],[-128.305491,52.802802],[-128.275502,52.79975],[-128.248199,52.803168],[-128.236928,52.808173],[-128.22997,52.814276],[-128.223704,52.821763],[-128.214101,52.830471],[-128.179351,52.850898],[-128.16808,52.863511],[-128.153472,52.884345],[-128.141591,52.907416],[-128.138336,52.926663],[-128.132192,52.926663],[-128.12149,52.914008],[-128.105133,52.912055],[-128.041737,52.92357],[-128.035715,52.922919],[-128.028798,52.916653],[-128.030588,52.911038],[-128.037668,52.90705],[-128.078277,52.902411],[-128.109527,52.892076],[-128.132232,52.873114],[-128.138336,52.844143],[-128.136464,52.823228],[-128.126943,52.785102],[-128.124745,52.765286],[-128.1256,52.752834],[-128.128245,52.747545],[-128.132476,52.743476],[-128.14387,52.725572],[-128.148427,52.720608],[-128.151479,52.714789],[-128.152659,52.703803],[-128.156646,52.695624],[-128.183095,52.6765],[-128.188385,52.66767],[-128.190745,52.657172],[-128.191884,52.64704],[-128.193593,52.639309],[-128.233062,52.588609],[-128.242055,52.57038],[-128.242991,52.558783],[-128.234609,52.529446],[-128.234853,52.525824],[-128.233957,52.505357],[-128.221995,52.479438],[-128.226226,52.460517],[-128.238108,52.443183],[-128.251617,52.429429],[-128.256093,52.4206],[-128.257151,52.410549],[-128.260487,52.402411],[-128.272125,52.399075],[-128.282623,52.400214],[-128.290517,52.402045],[-128.298695,52.402411],[-128.310374,52.399075],[-128.328481,52.386379],[-128.338368,52.368598],[-128.339182,52.348822],[-128.33019,52.330227],[-128.363515,52.318183],[-128.379547,52.309394],[-128.392242,52.296047],[-128.380279,52.291815],[-128.367828,52.289862],[-128.341054,52.289211],[-128.330678,52.286444],[-128.321441,52.280585],[-128.310943,52.275702],[-128.296702,52.27558],[-128.28303,52.283922],[-128.234609,52.326402],[-128.197092,52.388577],[-128.189687,52.393256],[-128.172841,52.400621],[-128.165679,52.405911],[-128.160024,52.41352],[-128.156606,52.424994],[-128.152659,52.432563],[-128.104237,52.494615],[-128.100087,52.501776],[-128.097524,52.508368],[-128.092356,52.513251],[-128.080312,52.515123],[-128.071197,52.517808],[-128.062367,52.524319],[-128.046498,52.539374],[-128.028188,52.547553],[-127.931711,52.560492],[-127.895579,52.578192],[-127.877675,52.584052],[-127.885813,52.561835],[-127.891428,52.55093],[-127.898793,52.542426],[-127.908111,52.53856],[-127.930247,52.535142],[-127.939809,52.529446],[-127.938466,52.523586],[-127.93399,52.514553],[-127.934234,52.505927],[-127.947255,52.501532],[-127.95226,52.504584],[-127.960601,52.511664],[-127.971588,52.518744],[-127.984486,52.521959],[-128.023305,52.511542],[-128.05309,52.485175],[-128.066558,52.449652],[-128.056467,52.412095],[-128.063873,52.405911],[-128.053212,52.3935],[-128.039418,52.385159],[-128.027455,52.375963],[-128.01594,52.346747],[-128.0006,52.337104],[-127.967681,52.322699],[-127.922434,52.36225],[-127.902577,52.385321],[-127.898793,52.405911],[-127.909006,52.420722],[-127.918609,52.426947],[-127.925201,52.432847],[-127.926137,52.446845],[-127.92219,52.460354],[-127.917104,52.470893],[-127.914662,52.479722],[-127.918691,52.48786],[-127.909169,52.495917],[-127.896637,52.512152],[-127.888254,52.515123],[-127.873606,52.511908],[-127.872629,52.504136],[-127.878529,52.495063],[-127.884511,52.48786],[-127.894276,52.479153],[-127.905507,52.472642],[-127.914784,52.464423],[-127.918691,52.450263],[-127.914866,52.441107],[-127.891957,52.412095],[-127.856597,52.385077],[-127.847483,52.371324],[-127.857818,52.3581],[-127.870717,52.354804],[-127.897125,52.354438],[-127.909332,52.347561],[-127.915517,52.339016],[-127.918853,52.331],[-127.923329,52.323554],[-127.932932,52.316474],[-127.929433,52.304999],[-127.923329,52.293687],[-127.914418,52.285142],[-127.889801,52.277086],[-127.886057,52.266018],[-127.885976,52.252509],[-127.884511,52.24079],[-127.872426,52.21955],[-127.860748,52.21601],[-127.84732,52.224758],[-127.829945,52.24079],[-127.82136,52.245592],[-127.810211,52.250393],[-127.800526,52.256293],[-127.796376,52.264716],[-127.794911,52.275865],[-127.791331,52.286933],[-127.782786,52.303453],[-127.755849,52.339301],[-127.736643,52.354397],[-127.714467,52.3581],[-127.735748,52.328925],[-127.744537,52.319648],[-127.74767,52.312812],[-127.750478,52.291978],[-127.755442,52.281806],[-127.730336,52.276272],[-127.710072,52.28384],[-127.692006,52.295803],[-127.673492,52.303453],[-127.651601,52.301337],[-127.631418,52.296047],[-127.616567,52.298529],[-127.610829,52.319648],[-127.589345,52.330878],[-127.542226,52.341783],[-127.495107,52.358832],[-127.473622,52.388577],[-127.452463,52.41177],[-127.285512,52.459052],[-127.26887,52.46898],[-127.261952,52.484442],[-127.265452,52.489691],[-127.272817,52.495673],[-127.279775,52.503648],[-127.28185,52.515123],[-127.277577,52.522203],[-127.269276,52.528754],[-127.255116,52.5362],[-127.258656,52.55329],[-127.243235,52.561347],[-127.223378,52.566311],[-127.213531,52.573798],[-127.15217,52.611396],[-127.053822,52.653022],[-126.986887,52.710883],[-126.980133,52.724311],[-126.98351,52.732733],[-126.997955,52.747463],[-127.001291,52.751614],[-127.000234,52.775458],[-127.001291,52.78266],[-127.017201,52.813666],[-127.060902,52.859809],[-127.076405,52.885077],[-127.065053,52.883246],[-127.057607,52.878323],[-127.051015,52.871649],[-127.042307,52.864569],[-126.991689,52.843817],[-126.969553,52.829413],[-126.95519,52.788275],[-126.931874,52.752875],[-126.925526,52.73428],[-126.931793,52.712836],[-126.965972,52.685614],[-126.973988,52.669379],[-126.98233,52.644721],[-127.003041,52.633612],[-127.055898,52.624986],[-127.07551,52.615139],[-127.109039,52.589301],[-127.149648,52.579413],[-127.171213,52.568345],[-127.190826,52.554755],[-127.227651,52.522854],[-127.232737,52.50788],[-127.224965,52.456122],[-127.219106,52.450263],[-127.210439,52.446723],[-127.199859,52.439399],[-127.179433,52.412095],[-127.192942,52.398749],[-127.189687,52.387885],[-127.165761,52.371161],[-127.162953,52.366685],[-127.161692,52.361233],[-127.159006,52.355536],[-127.15217,52.350653],[-127.144032,52.349311],[-127.125844,52.351142],[-127.11734,52.350653],[-127.041615,52.337836],[-127.002309,52.339301],[-126.967152,52.350653],[-126.941029,52.362738],[-126.912953,52.371975],[-126.785064,52.397447],[-126.753041,52.393378],[-126.733754,52.371161],[-126.77477,52.371161],[-126.814117,52.367987],[-126.855865,52.357164],[-126.874664,52.3581],[-126.878082,52.35635],[-126.880279,52.347724],[-126.884633,52.344428],[-126.917633,52.340155],[-126.925526,52.336982],[-126.939036,52.320054],[-126.938547,52.305854],[-126.930043,52.293402],[-126.908559,52.268866],[-126.902577,52.25788],[-126.903228,52.245185],[-126.912506,52.227118],[-126.885121,52.194525],[-126.792551,52.153225],[-126.750844,52.127834],[-126.741322,52.11815],[-126.723297,52.09512],[-126.716461,52.076972],[-126.707509,52.071438],[-126.69636,52.067572],[-126.685943,52.06269],[-126.67219,52.047349],[-126.669789,52.030951],[-126.672027,52.011705],[-126.672271,51.987494],[-126.68102,52.000149],[-126.699615,52.035346],[-126.710683,52.04682],[-126.740712,52.06977],[-126.754262,52.07689],[-126.778798,52.097642],[-126.907704,52.178453],[-126.946645,52.212836],[-126.937245,52.234687],[-126.943023,52.253119],[-126.957428,52.268622],[-126.997629,52.297512],[-127.019765,52.30622],[-127.04308,52.30976],[-127.095082,52.311469],[-127.148264,52.319037],[-127.172597,52.316474],[-127.186431,52.309312],[-127.246246,52.257961],[-127.263743,52.246039],[-127.283599,52.237698],[-127.357289,52.229193],[-127.381459,52.219672],[-127.391713,52.203274],[-127.398346,52.196438],[-127.413442,52.191067],[-127.439809,52.186184],[-127.451731,52.181871],[-127.453684,52.172553],[-127.449452,52.163153],[-127.443227,52.158881],[-127.439524,52.151313],[-127.405344,52.104234],[-127.430491,52.088813],[-127.465321,52.083157],[-127.54955,52.082261],[-127.560658,52.077826],[-127.590321,52.050116],[-127.62442,52.02851],[-127.576527,52.093695],[-127.565745,52.100043],[-127.507232,52.096137],[-127.489125,52.098131],[-127.475453,52.106635],[-127.467437,52.124701],[-127.468007,52.141181],[-127.47704,52.15058],[-127.493276,52.153876],[-127.515207,52.152045],[-127.547353,52.143256],[-127.582631,52.127834],[-127.614898,52.107489],[-127.638092,52.083726],[-127.647857,52.057034],[-127.659169,51.992011],[-127.673492,51.967027],[-127.666086,51.959621],[-127.684926,51.950019],[-127.711781,51.948879],[-127.76537,51.953437],[-127.782216,51.949042],[-127.816762,51.929836],[-127.849599,51.920111],[-127.860178,51.90648],[-127.866933,51.888577],[-127.87149,51.870185],[-127.878163,51.868109],[-127.882558,51.865546],[-127.884511,51.860582],[-127.883534,51.856391],[-127.879018,51.84516],[-127.877675,51.843573],[-127.890126,51.821479],[-127.891957,51.81623],[-127.889272,51.805609],[-127.87975,51.792141],[-127.877675,51.785224],[-127.877675,51.758205],[-127.874623,51.750556],[-127.868723,51.744086],[-127.864898,51.737698],[-127.868072,51.730292],[-127.874257,51.722398],[-127.877065,51.71483],[-127.877675,51.696479],[-127.873687,51.673407],[-127.863637,51.664252],[-127.850494,51.658271],[-127.837392,51.644965],[-127.833323,51.626654],[-127.833119,51.60871],[-127.826405,51.5987],[-127.802602,51.603949],[-127.801991,51.589016],[-127.798004,51.577582],[-127.79308,51.567206],[-127.78954,51.555569],[-127.792388,51.548977],[-127.799143,51.543769],[-127.802724,51.537665],[-127.796376,51.528266],[-127.791371,51.526923],[-127.718088,51.536322],[-127.700185,51.535061],[-127.686431,51.529731],[-127.670033,51.518297],[-127.65925,51.514594],[-127.65925,51.508368],[-127.680653,51.505194],[-127.745513,51.505316],[-127.761627,51.494086],[-127.756988,51.487982],[-127.728139,51.459947],[-127.713857,51.45775],[-127.666371,51.459947],[-127.642934,51.465155],[-127.622711,51.478176],[-127.571604,51.528144],[-127.567006,51.543931],[-127.57315,51.557929],[-127.590321,51.569241],[-127.590321,51.576646],[-127.575103,51.588446],[-127.558827,51.618842],[-127.545644,51.634345],[-127.478424,51.651557],[-127.467437,51.662299],[-127.476715,51.675198],[-127.498931,51.676907],[-127.549387,51.672268],[-127.574208,51.676337],[-127.621165,51.689276],[-127.645579,51.692694],[-127.645579,51.700141],[-127.616038,51.707831],[-127.582916,51.711859],[-127.550364,51.710761],[-127.522043,51.703315],[-127.492665,51.698717],[-127.476715,51.713446],[-127.45995,51.761623],[-127.453277,51.774563],[-127.449086,51.777004],[-127.442006,51.775133],[-127.400299,51.777737],[-127.39387,51.783759],[-127.391713,51.79914],[-127.387115,51.816352],[-127.376047,51.83747],[-127.362375,51.857082],[-127.350087,51.870185],[-127.337066,51.857164],[-127.362375,51.780219],[-127.374908,51.7685],[-127.386586,51.767279],[-127.422434,51.759711],[-127.432688,51.754788],[-127.434478,51.745917],[-127.432688,51.706366],[-127.426422,51.706366],[-127.429351,51.700914],[-127.432485,51.697577],[-127.439524,51.692694],[-127.436838,51.693915],[-127.436879,51.691799],[-127.440175,51.688422],[-127.446929,51.685858],[-127.423207,51.671861],[-127.38561,51.673774],[-127.354482,51.688666],[-127.350087,51.713813],[-127.328765,51.71133],[-127.284983,51.690863],[-127.258534,51.685858],[-127.09553,51.704169],[-126.69933,51.665432],[-126.678538,51.692694],[-126.666819,51.698798],[-126.656565,51.701402],[-126.648671,51.70661],[-126.644399,51.720038],[-126.649485,51.735053],[-126.660959,51.749579],[-126.667714,51.766425],[-126.658681,51.788275],[-126.662668,51.791571],[-126.664296,51.794827],[-126.666127,51.802558],[-126.657582,51.793118],[-126.646555,51.783596],[-126.638051,51.773261],[-126.637563,51.761623],[-126.603424,51.713813],[-126.611887,51.707465],[-126.616526,51.697577],[-126.619944,51.686957],[-126.624501,51.678412],[-126.630686,51.677191],[-126.648183,51.679104],[-126.651845,51.67536],[-126.651682,51.66474],[-126.652577,51.659898],[-126.655263,51.655504],[-126.677235,51.645738],[-126.709299,51.644517],[-127.043528,51.668606],[-127.315745,51.655748],[-127.468007,51.628404],[-127.492014,51.620592],[-127.51183,51.607367],[-127.52123,51.589057],[-127.519602,51.569525],[-127.514963,51.549221],[-127.515207,51.528266],[-127.521718,51.516059],[-127.531361,51.509467],[-127.542388,51.504584],[-127.552805,51.497504],[-127.554799,51.489163],[-127.552358,51.479193],[-127.551869,51.470893],[-127.559926,51.467434],[-127.58495,51.464545],[-127.604482,51.456244],[-127.621205,51.44302],[-127.664296,51.398139],[-127.680165,51.392646],[-127.707346,51.391059],[-127.728871,51.387437],[-127.755442,51.378079],[-127.778432,51.364895],[-127.78954,51.350084],[-127.779652,51.330552],[-127.751861,51.321926],[-127.721506,51.321357],[-127.703603,51.326239],[-127.680328,51.336127],[-127.648752,51.336249],[-127.590321,51.329657],[-127.562611,51.33393],[-127.513743,51.353176],[-127.484486,51.357571],[-127.464345,51.353217],[-127.472035,51.343004],[-127.49356,51.331488],[-127.515207,51.322821],[-127.515207,51.316596],[-127.28185,51.302314],[-127.255767,51.308824],[-127.200673,51.331529],[-127.176015,51.336412],[-127.16511,51.344794],[-127.13268,51.384914],[-127.11734,51.398505],[-127.114125,51.382148],[-127.117828,51.360419],[-127.126617,51.338813],[-127.138499,51.322821],[-127.145863,51.319281],[-127.179433,51.309149],[-127.221018,51.289252],[-127.378041,51.275051],[-127.387318,51.277818],[-127.405629,51.287258],[-127.415883,51.289252],[-127.571441,51.300605],[-127.607737,51.28559],[-127.626332,51.275336],[-127.736399,51.25788],[-127.754303,51.249701],[-127.770172,51.240424],[-127.78954,51.233385],[-127.787913,51.220201],[-127.792551,51.208808],[-127.793935,51.197943],[-127.782786,51.186225],[-127.777008,51.167222],[-127.76718591924406,51.16290771557641],[-127.7390866912976,51.16228146727793],[-127.73910705126056,51.19122246946114],[-127.64701140736925,51.18291469986471],[-127.48858291011895,51.220972066844794],[-127.38563369454684,51.23011264301884],[-127.37060270398871,51.216073142791245],[-127.23336598302302,51.219117746472755],[-127.2100921602906,51.19853827735736],[-127.0762837248375,51.230867474161656],[-126.92237782376084,51.24243632677375],[-126.92204527561006,51.28572445812926],[-126.82043559395208,51.32235049473036],[-126.77049824223803,51.29724453168608],[-126.697988607773,51.407808398256364],[-126.73180784551273,51.43397860174546],[-126.69864220808739,51.47725462824619],[-126.62260653736152,51.44234227127955],[-126.58981594746662,51.40476237067245],[-126.49513054094828,51.42546717009562],[-126.4529877572977,51.482442666113094],[-126.3540306638193,51.459676323183345],[-126.21503977779977,51.45241285544011],[-126.17280640997964,51.434437909297294],[-126.11744016234402,51.44875085718131],[-126.09740124912679,51.477506712885614],[-126.1129676458187,51.519098967148466],[-126.08146065492572,51.5273041935776],[-126.0306358784353,51.6049442556829],[-125.98738011745706,51.58337923322236],[-125.94048455270298,51.63007229419254],[-125.95742348488501,51.69447789002302],[-125.99558695129917,51.687456893769166],[-126.00144003246669,51.727713240223835],[-125.95612573561469,51.7575098364654],[-125.9738727905261,51.78126102056862],[-125.93656453313247,51.83905970945775],[-125.92233497930319,51.903325377441014],[-125.89751166697997,51.914478361436366],[-125.88320052650091,51.97419083135431],[-125.82851240549658,51.981031308843455],[-125.8731264029359,52.01631182371993],[-125.82730031408038,52.051063601084856],[-125.71719225644839,52.010813307564966],[-125.70314482526372,51.96875177627929],[-125.61123604693428,51.9013749229213],[-125.5770987008308,51.91243106021369],[-125.61585768664449,52.007874095488994],[-125.65806729689623,52.01266656004255],[-125.62763571303304,52.0502535818147],[-125.66654036475828,52.07437577216936],[-125.67014205378486,52.12128210799248],[-125.57643592990323,52.17387388782216],[-125.45254358461018,52.188892175222364],[-125.4307330877294,52.222544106729],[-125.4878961559639,52.25236099838219],[-125.4790182348766,52.28119198051211],[-125.43349187644237,52.279058871160274],[-125.3441999986412,52.347014309333666],[-125.41798422595356,52.42389562374071],[-125.49498601940446,52.43949748164338],[-125.46771318642844,52.47042846070933],[-125.53293489644346,52.52073082376433],[-125.56609309344388,52.526614589150654],[-125.72369148772715,52.48130977604246],[-125.79506861199839,52.512863846873984],[-125.86052393196019,52.6301773973973],[-125.880568506385,52.63494315866901],[-126.06018296272157,52.57990565494195],[-126.13547131621303,52.5876337711699],[-126.14120866711258,52.55371586867717],[-126.21990205824095,52.49473650996531],[-126.23102647944224,52.518639728352895],[-126.30287894252828,52.54724248096411],[-126.35078016173091,52.53051941480809],[-126.45244920067034,52.651145676323104],[-126.41379808900963,52.68842684919589],[-126.35075879320408,52.703793712420996],[-126.34262426612517,52.82858436183685],[-126.42073949084615,52.79121346407339],[-126.51457051566305,52.7707059175477],[-126.5412533592366,52.81088820440569],[-126.6178779367915,52.81802562960466],[-126.64135118124715,52.847323753278886],[-126.59078311050652,52.87981637751254],[-126.59593673952736,52.91460981281293],[-126.65009908646587,52.94488743618551],[-126.62302995930926,52.999999709922555],[-126.65220002919789,53.03393292273624],[-126.70772613684932,52.98651671987512],[-126.79119258412658,53.0014983348275],[-126.80788857202332,53.08364139080882],[-126.86548587956108,53.10894638710155],[-126.87888502696654,53.08533299555632],[-127.0014013905504,53.06553434842046],[-127.03152965925194,53.11476677485586],[-126.9921563681173,53.13300769240339],[-127.02784062624006,53.23207391645607],[-126.98072685458722,53.26526653964975],[-127.00520011872248,53.30386653058131],[-127.0602925802808,53.29449309613792],[-127.07669318553312,53.24004272363818],[-127.1321923844475,53.23890300024785],[-127.16739489847944,53.27290243818281],[-127.2026033959997,53.24719367898916],[-127.26503012941856,53.27732994897255],[-127.31729145611294,53.204588099313376],[-127.3642429406141,53.2217323753171],[-127.35692467411943,53.17617156200791],[-127.47715941238599,53.142171054824956],[-127.4335744230758,53.121591229553616],[-127.41887267673128,53.08002354299013],[-127.28915905514219,53.07101007770474],[-127.25252792555588,53.041240541614854],[-127.24422351489868,52.99790932656656],[-127.97758966872975,53.00129253667706],[-128.51494779202991,53.004517068134156]]],[[[-128.492687,51.92604],[-128.478828,51.906844],[-128.45437,51.917368],[-128.445486,51.898105],[-128.432399,51.902355],[-128.423227,51.925932],[-128.42076,51.952476],[-128.413451,51.983163],[-128.417416,52.003489],[-128.432053,51.995148],[-128.438216,51.980797],[-128.486965,51.953658],[-128.492687,51.92604]]],[[[-128.46642,52.382717],[-128.438629,52.374335],[-128.402252,52.373969],[-128.37857,52.377997],[-128.310374,52.429429],[-128.307769,52.440172],[-128.289215,52.467353],[-128.284088,52.478502],[-128.281728,52.488715],[-128.281565,52.498236],[-128.28303,52.507717],[-128.287506,52.521308],[-128.295318,52.534247],[-128.297597,52.554267],[-128.299916,52.564643],[-128.303131,52.573472],[-128.306874,52.577216],[-128.314565,52.588202],[-128.323964,52.659125],[-128.321645,52.663275],[-128.318349,52.675198],[-128.318593,52.687567],[-128.33316,52.697089],[-128.351918,52.717475],[-128.360178,52.758734],[-128.371734,52.795722],[-128.391265,52.796536],[-128.414622,52.782416],[-128.435211,52.761298],[-128.446889,52.741034],[-128.431467,52.728909],[-128.424428,52.715155],[-128.426137,52.7001],[-128.43692,52.683661],[-128.44164,52.672756],[-128.437978,52.652533],[-128.443471,52.642401],[-128.451894,52.630927],[-128.449941,52.623358],[-128.443959,52.617621],[-128.440053,52.611396],[-128.435943,52.526435],[-128.424957,52.487616],[-128.398508,52.467353],[-128.405873,52.460517],[-128.411,52.439399],[-128.427235,52.425482],[-128.447377,52.414537],[-128.464223,52.402493],[-128.46642,52.382717]]],[[[-128.324045,52.775092],[-128.323313,52.750718],[-128.320627,52.743354],[-128.310374,52.727444],[-128.291819,52.699652],[-128.288482,52.683743],[-128.296702,52.665961],[-128.286977,52.649359],[-128.28303,52.645453],[-128.28303,52.639309],[-128.291086,52.622748],[-128.287668,52.607367],[-128.274973,52.602525],[-128.255116,52.61758],[-128.25121,52.624213],[-128.238596,52.660102],[-128.229604,52.678453],[-128.227773,52.683661],[-128.224517,52.689439],[-128.21052,52.706732],[-128.207265,52.717475],[-128.206207,52.727729],[-128.20051,52.751614],[-128.197133,52.759345],[-128.182688,52.775539],[-128.179351,52.786078],[-128.178375,52.795396],[-128.174062,52.813381],[-128.173166,52.823635],[-128.190053,52.830146],[-128.199818,52.821438],[-128.206532,52.80683],[-128.214101,52.795722],[-128.235097,52.787665],[-128.27953,52.787258],[-128.317291,52.77912],[-128.322987,52.778754],[-128.324045,52.775092]]],[[[-128.296376,52.105943],[-128.279042,52.090766],[-128.255116,52.049018],[-128.252756,52.040025],[-128.252838,52.033393],[-128.252431,52.027737],[-128.248199,52.021674],[-128.240102,52.017971],[-128.228139,52.016669],[-128.215972,52.017808],[-128.207265,52.021674],[-128.20287,52.028795],[-128.19815,52.048082],[-128.193593,52.056464],[-128.18635,52.061754],[-128.169342,52.068183],[-128.162587,52.073188],[-128.155141,52.094306],[-128.152659,52.186184],[-128.145253,52.19359],[-128.160227,52.198554],[-128.180247,52.199897],[-128.201527,52.197984],[-128.220326,52.19359],[-128.236562,52.187323],[-128.242299,52.183905],[-128.248199,52.179348],[-128.253326,52.173285],[-128.263987,52.155707],[-128.265614,52.152045],[-128.277496,52.1435],[-128.290679,52.124701],[-128.296376,52.105943]]],[[[-128.251047,51.875922],[-128.248199,51.864],[-128.230377,51.856024],[-128.205637,51.854478],[-128.162587,51.857164],[-128.156606,51.85871],[-128.142893,51.864244],[-128.138336,51.864],[-128.133901,51.857367],[-128.134877,51.851304],[-128.137603,51.846584],[-128.138336,51.843573],[-128.122182,51.823879],[-128.11852,51.81623],[-128.117502,51.801459],[-128.122467,51.793036],[-128.128977,51.786689],[-128.132192,51.778713],[-128.134389,51.774726],[-128.138295,51.763861],[-128.139963,51.75259],[-128.135243,51.747301],[-128.112945,51.752346],[-128.092152,51.761298],[-128.075103,51.765082],[-128.063873,51.754788],[-128.032582,51.764228],[-128.017649,51.772162],[-128.009267,51.782131],[-128.009592,51.795478],[-128.016957,51.80683],[-128.027089,51.817816],[-128.036,51.829901],[-128.028554,51.836737],[-128.036,51.843573],[-127.987538,51.911811],[-127.978179,51.930162],[-127.963368,51.969387],[-127.95344,51.987494],[-127.960561,52.002346],[-127.959788,52.017157],[-127.95344,52.049018],[-127.970448,52.063178],[-127.99885,52.06566],[-128.066233,52.055569],[-128.09435,52.056464],[-128.107249,52.054348],[-128.13093,52.044908],[-128.141835,52.042792],[-128.15925,52.034817],[-128.177724,52.015774],[-128.207265,51.973863],[-128.218984,51.962714],[-128.222239,51.954169],[-128.217193,51.942857],[-128.199086,51.925727],[-128.196034,51.916083],[-128.230621,51.905911],[-128.244618,51.891832],[-128.251047,51.875922]]],[[[-128.173166,52.255072],[-128.156077,52.246975],[-128.137685,52.241645],[-128.118072,52.239447],[-128.097401,52.24079],[-128.077992,52.245063],[-128.054311,52.253485],[-128.039418,52.255072],[-128.021637,52.250678],[-128.02066,52.241116],[-128.033518,52.231513],[-128.073069,52.224026],[-128.086659,52.21601],[-128.093984,52.205146],[-128.091217,52.19359],[-128.071278,52.182318],[-128.044749,52.180854],[-127.995025,52.186184],[-127.954661,52.178209],[-127.932037,52.176215],[-127.915517,52.182766],[-127.907704,52.200873],[-127.914866,52.214911],[-127.926666,52.226549],[-127.932932,52.237698],[-127.936431,52.251044],[-127.960846,52.296047],[-127.98526,52.302069],[-128.020334,52.305609],[-128.055491,52.303453],[-128.080312,52.292629],[-128.100209,52.27851],[-128.173166,52.255072]]],[[[-128.156606,51.627875],[-128.145253,51.590277],[-128.10912,51.545152],[-128.104237,51.531643],[-128.09911,51.508694],[-128.086049,51.486884],[-128.068593,51.46955],[-128.050282,51.459947],[-128.027008,51.458686],[-128.016184,51.46483],[-128.007639,51.467678],[-127.983795,51.451117],[-127.960846,51.439521],[-127.954335,51.43358],[-127.949452,51.427639],[-127.943227,51.422431],[-127.932932,51.419013],[-127.91808,51.421291],[-127.897532,51.429755],[-127.879303,51.442206],[-127.87149,51.456529],[-127.876332,51.474189],[-127.888295,51.495795],[-127.903676,51.514309],[-127.918691,51.52204],[-127.904897,51.558743],[-127.920318,51.596137],[-127.950551,51.628892],[-127.981353,51.65176],[-127.971262,51.664049],[-127.976552,51.682115],[-127.989369,51.700385],[-128.009877,51.7237],[-128.026194,51.719794],[-128.104319,51.68183],[-128.139027,51.658026],[-128.156606,51.627875]]],[[[-128.122955,52.151679],[-128.121653,52.141791],[-128.111155,52.127875],[-128.106028,52.110785],[-128.097401,52.097398],[-128.086497,52.088528],[-128.069895,52.080268],[-128.05248,52.076321],[-128.039418,52.080308],[-128.014394,52.091498],[-127.961497,52.082831],[-127.939809,52.089911],[-127.932729,52.099311],[-127.927358,52.109076],[-127.919789,52.118801],[-127.894887,52.13581],[-127.888824,52.146186],[-127.877675,52.171942],[-127.889475,52.170966],[-127.89623,52.166409],[-127.901682,52.161282],[-127.909332,52.158881],[-127.919586,52.15998],[-127.937978,52.164618],[-127.946604,52.165717],[-128.036,52.165717],[-128.047678,52.161811],[-128.067209,52.148505],[-128.076975,52.145209],[-128.106557,52.15176],[-128.122955,52.151679]]],[[[-127.90217,51.968248],[-127.888254,51.953437],[-127.872874,51.954739],[-127.837392,51.967027],[-127.819814,51.970933],[-127.769114,51.973863],[-127.747182,51.978095],[-127.718088,51.988227],[-127.69811,52.004055],[-127.703603,52.025092],[-127.705719,52.043402],[-127.693267,52.067613],[-127.642242,52.138129],[-127.625234,52.148342],[-127.600901,52.152045],[-127.594553,52.156155],[-127.584828,52.177232],[-127.57665,52.186184],[-127.566518,52.189399],[-127.540028,52.191474],[-127.528879,52.19359],[-127.484364,52.210191],[-127.46288,52.222724],[-127.453765,52.237698],[-127.412831,52.255072],[-127.4051,52.254299],[-127.387563,52.248358],[-127.378041,52.248236],[-127.373891,52.250556],[-127.368804,52.25845],[-127.364369,52.261298],[-127.276967,52.289374],[-127.238026,52.312934],[-127.206695,52.350653],[-127.23762,52.365953],[-127.240956,52.383775],[-127.235748,52.404039],[-127.240834,52.426418],[-127.258778,52.435492],[-127.270375,52.43537],[-127.295481,52.419582],[-127.311757,52.413275],[-127.41454,52.392646],[-127.431752,52.387152],[-127.446929,52.377997],[-127.455393,52.3664],[-127.464467,52.350409],[-127.475819,52.336249],[-127.49885,52.326972],[-127.511586,52.312893],[-127.522043,52.309638],[-127.54247,52.308254],[-127.55191,52.305243],[-127.57726,52.289944],[-127.618967,52.280911],[-127.670562,52.255072],[-127.712717,52.254828],[-127.751047,52.25019],[-127.775299,52.220364],[-127.795074,52.217678],[-127.820221,52.195705],[-127.841786,52.168118],[-127.850982,52.148627],[-127.846547,52.11872],[-127.843577,52.117906],[-127.848053,52.111558],[-127.853342,52.109565],[-127.858998,52.108303],[-127.864654,52.104234],[-127.873402,52.092922],[-127.878245,52.083564],[-127.899729,52.001614],[-127.90217,51.968248]]]]},"properties":{"ELECTORAL_DISTRICT_ID":301,"BOUNDARY_SET_ID":11,"ED_ABBREVIATION":"NOH","ED_NAME":"North Coast-Haida Gwaii","GAZETTE_DATE":"2023-12-07Z","FEATURE_AREA_SQM":120665060361.563,"FEATURE_LENGTH_M":2156745.7857,"OBJECTID":2898,"SE_ANNO_CAD_DATA":null},"id":"WHSE_ADMIN_BOUNDARIES.EBC_PROV_ELECTORAL_DIST_SVW.fid--7e6e9b65_19f025478b6_-7d84"},{"type":"Feature","geometry":{"type":"MultiPolygon","coordinates":[[[[-128.715842,50.814413],[-128.704444,50.807223],[-128.691551,50.801543],[-128.682242,50.803734],[-128.663426,50.80464],[-128.655007,50.808795],[-128.666266,50.813518],[-128.670489,50.818889],[-128.662177,50.825032],[-128.673363,50.82826],[-128.682863,50.829039],[-128.697938,50.831688],[-128.70214,50.836559],[-128.708933,50.831443],[-128.714799,50.823868],[-128.715842,50.814413]]],[[[-128.639076,50.80467],[-128.637989,50.79923],[-128.635124,50.789856],[-128.615888,50.782817],[-128.603438,50.785068],[-128.601514,50.793056],[-128.589069,50.79432],[-128.572578,50.795158],[-128.572247,50.802617],[-128.574073,50.808533],[-128.590842,50.812647],[-128.603728,50.819827],[-128.60653,50.812318],[-128.626888,50.811885],[-128.639076,50.80467]]],[[[-128.417226,50.771877],[-128.405873,50.761054],[-128.405873,50.744086],[-128.384348,50.70897],[-128.37857,50.689114],[-128.373443,50.682318],[-128.361724,50.674384],[-128.34911,50.66767],[-128.341054,50.664862],[-128.328725,50.666002],[-128.308013,50.671129],[-128.296702,50.672309],[-128.27774,50.669135],[-128.284332,50.662095],[-128.304799,50.654975],[-128.327056,50.651842],[-128.338694,50.647162],[-128.336293,50.636786],[-128.323964,50.62051],[-128.319814,50.609809],[-128.310048,50.607733],[-128.289215,50.610256],[-128.248199,50.596625],[-128.242096,50.586005],[-128.238189,50.562934],[-128.226226,50.544379],[-128.222524,50.536566],[-128.218007,50.530219],[-128.210683,50.527655],[-128.200185,50.526109],[-128.18932,50.522406],[-128.173166,50.514065],[-128.164784,50.506903],[-128.153147,50.492621],[-128.145253,50.486762],[-128.131581,50.482123],[-128.104319,50.47663],[-128.087392,50.46426],[-128.077504,50.458564],[-128.067494,50.454291],[-128.06017,50.452582],[-128.043528,50.454739],[-128.041737,50.459947],[-128.046742,50.466864],[-128.051991,50.476996],[-128.055898,50.478502],[-128.063873,50.479315],[-128.050038,50.495795],[-128.032541,50.492174],[-128.013987,50.480862],[-127.996978,50.474026],[-127.95051,50.477281],[-127.906239,50.486762],[-127.865875,50.504381],[-127.845937,50.506252],[-127.837392,50.49018],[-127.662668,50.534573],[-127.614858,50.536607],[-127.5926,50.543606],[-127.593739,50.558743],[-127.610829,50.570624],[-127.634836,50.579657],[-127.686513,50.589179],[-127.799469,50.589179],[-127.81843,50.593411],[-127.843332,50.603909],[-127.865956,50.617255],[-127.877675,50.630113],[-127.819895,50.611151],[-127.614573,50.603461],[-127.60025,50.600246],[-127.587473,50.593207],[-127.573232,50.582953],[-127.564768,50.579169],[-127.556142,50.572496],[-127.545806,50.570217],[-127.532297,50.57925],[-127.51179,50.589057],[-127.419016,50.603461],[-127.423695,50.581244],[-127.500478,50.567206],[-127.522613,50.541978],[-127.549631,50.543891],[-127.562489,50.521064],[-127.557851,50.492987],[-127.507883,50.465969],[-127.482249,50.435248],[-127.446929,50.376899],[-127.475494,50.383734],[-127.497792,50.400784],[-127.552398,50.464097],[-127.569569,50.47842],[-127.591176,50.485745],[-127.744537,50.486762],[-127.773997,50.481594],[-127.798492,50.471869],[-127.824371,50.466376],[-127.857818,50.4737],[-127.864125,50.45954],[-127.880483,50.458441],[-127.915517,50.466254],[-127.925771,50.462104],[-127.931142,50.452338],[-127.931304,50.440985],[-127.926137,50.432115],[-127.926137,50.425279],[-127.942128,50.414374],[-127.954254,50.393378],[-127.964263,50.363837],[-127.978831,50.357001],[-127.968088,50.342231],[-127.944,50.327867],[-127.918691,50.322252],[-127.90685,50.325914],[-127.886342,50.339748],[-127.878,50.342719],[-127.8662,50.337714],[-127.842681,50.318752],[-127.833608,50.318834],[-127.822092,50.323432],[-127.808909,50.321763],[-127.800282,50.314399],[-127.802602,50.301744],[-127.813466,50.294745],[-127.840932,50.291734],[-127.850982,50.281236],[-127.833485,50.274482],[-127.826283,50.269965],[-127.810943,50.255601],[-127.804311,50.252875],[-127.786122,50.253974],[-127.765004,50.258857],[-127.755116,50.259467],[-127.747955,50.253974],[-127.746978,50.243232],[-127.755238,50.238105],[-127.775299,50.232856],[-127.840443,50.175442],[-127.89684,50.142971],[-127.906239,50.130439],[-127.898101,50.114081],[-127.87564,50.106024],[-127.826527,50.103176],[-127.82136,50.100002],[-127.804514,50.086005],[-127.796376,50.082709],[-127.784739,50.085028],[-127.774159,50.091946],[-127.724721,50.135972],[-127.68871,50.160142],[-127.649892,50.178046],[-127.610829,50.185045],[-127.621165,50.173651],[-127.630849,50.160142],[-127.63561,50.145413],[-127.631256,50.130439],[-127.614166,50.118801],[-127.593617,50.120063],[-127.552805,50.130439],[-127.524566,50.143256],[-127.495473,50.168606],[-127.46345,50.186957],[-127.426422,50.17886],[-127.46288,50.156155],[-127.478749,50.143541],[-127.487904,50.130439],[-127.419016,50.130439],[-127.458852,50.116441],[-127.469472,50.107856],[-127.467437,50.089504],[-127.456899,50.074123],[-127.440541,50.060614],[-127.405344,50.041083],[-127.384836,50.034491],[-127.362538,50.032538],[-127.339467,50.034857],[-127.316558,50.041083],[-127.295806,50.05093],[-127.283315,50.062445],[-127.277252,50.076321],[-127.275624,50.092922],[-127.279897,50.10932],[-127.287831,50.128404],[-127.292063,50.144273],[-127.285268,50.150946],[-127.270497,50.145209],[-127.25121,50.131903],[-127.234446,50.117133],[-127.227203,50.106594],[-127.215443,50.099433],[-127.189687,50.095649],[-127.163889,50.097357],[-127.14745,50.110541],[-127.124989,50.114936],[-127.11734,50.117377],[-127.110585,50.12637],[-127.108957,50.134955],[-127.106435,50.143256],[-127.096913,50.150946],[-127.083119,50.130764],[-127.088735,50.110745],[-127.106109,50.095526],[-127.147532,50.084418],[-127.164296,50.071234],[-127.177561,50.053412],[-127.186269,50.034247],[-127.186269,50.028998],[-127.179596,50.02619],[-127.179433,50.021186],[-127.183583,50.013251],[-127.188385,50.01142],[-127.193837,50.011135],[-127.199859,50.007514],[-127.230946,49.976508],[-127.237538,49.961819],[-127.229075,49.946479],[-127.141916,49.866645],[-127.121938,49.857733],[-127.098256,49.858303],[-127.072987,49.86225],[-126.944936,49.863593],[-126.936147,49.866645],[-126.92984,49.883124],[-126.928578,49.933254],[-126.925526,49.952338],[-126.923492,49.958808],[-126.921986,49.968451],[-126.919342,49.973456],[-126.910227,49.957424],[-126.891591,49.891018],[-126.883412,49.883124],[-126.871653,49.882473],[-126.853871,49.88345],[-126.839467,49.88817],[-126.822581,49.899726],[-126.808502,49.914374],[-126.802642,49.928127],[-126.810862,49.943345],[-126.8426,49.960639],[-126.843617,49.973456],[-126.802235,49.954576],[-126.782948,49.94245],[-126.767201,49.912421],[-126.748931,49.895575],[-126.726389,49.882392],[-126.705881,49.877183],[-126.683461,49.884914],[-126.663726,49.896877],[-126.649729,49.898017],[-126.644399,49.873481],[-126.641347,49.833319],[-126.637278,49.817125],[-126.605214,49.732123],[-126.593495,49.715806],[-126.57311,49.706936],[-126.545318,49.704413],[-126.516713,49.708401],[-126.49356,49.71894],[-126.477773,49.734931],[-126.472279,49.749701],[-126.473704,49.784369],[-126.467356,49.792304],[-126.452748,49.790229],[-126.425608,49.780992],[-126.411204,49.778225],[-126.412017,49.771715],[-126.4794,49.711819],[-126.487375,49.695054],[-126.477162,49.683987],[-126.453236,49.674302],[-126.338775,49.649644],[-126.324371,49.648261],[-126.296783,49.660834],[-126.194976,49.681383],[-126.117096,49.685452],[-126.107493,49.683295],[-126.098541,49.677802],[-126.09203,49.669989],[-126.089508,49.660875],[-126.137929,49.650051],[-126.148915,49.651557],[-126.171986,49.657416],[-126.185699,49.657457],[-126.196685,49.654486],[-126.21817,49.645697],[-126.336537,49.630805],[-126.417063,49.638495],[-126.452545,49.636298],[-126.499094,49.610582],[-126.53303,49.602484],[-126.548818,49.596015],[-126.562571,49.587388],[-126.565094,49.583564],[-126.569325,49.575588],[-126.571848,49.566474],[-126.570872,49.55976],[-126.570953,49.554145],[-126.576772,49.548245],[-126.57186049660788,49.5415050793213],[-126.50205798961329,49.54149879566408],[-126.46292692694057,49.57876252157297],[-126.38675536568012,49.56190913984203],[-126.32167096097652,49.60541375152097],[-126.2487367392951,49.555074715265086],[-126.10164259948802,49.57272636644838],[-126.06741862662092,49.55164628729195],[-126.02926879946988,49.577122545161565],[-125.97023416867488,49.58539613312959],[-125.89386856265179,49.55524882481368],[-125.90296984160386,49.52937948604689],[-125.84341428451454,49.54562366213802],[-125.78534583754289,49.540775297439964],[-125.76082017644751,49.51361099576954],[-125.64538315516482,49.51746027764358],[-125.49644053755466,49.478372851111786],[-125.47365483590536,49.52757679316732],[-125.43777587053783,49.551440489502696],[-125.37122244351742,49.54736368976318],[-125.41020869233662,49.582685862867784],[-125.38324382077094,49.60844909803266],[-125.51671381031753,49.71270015643994],[-125.48741944133194,49.72635725605886],[-125.54764006721763,49.756457565583766],[-125.55096567521224,49.78685588976976],[-125.50865162710232,49.82735506450931],[-125.38866436283355,49.83577570236899],[-125.40304275444782,49.87331073999244],[-125.36523767358226,49.87331821728197],[-125.35678525355023,49.912326955623456],[-125.30151203396746,49.91895309053712],[-125.28290256671623,49.88733884637831],[-125.22575460089726,49.89665566768975],[-125.16081425590602,49.8649513430145],[-125.11605361104915,49.87257086353912],[-125.10066932928211,49.87254567277761],[-125.178334,49.924994],[-125.187896,49.937812],[-125.205312,49.969224],[-125.215891,49.983059],[-125.219472,49.991034],[-125.219106,50.009955],[-125.223012,50.017768],[-125.260854,50.048529],[-125.259145,50.064643],[-125.292714,50.090399],[-125.301869,50.106594],[-125.31843,50.111477],[-125.350087,50.124905],[-125.369537,50.138577],[-125.349599,50.14411],[-125.388051,50.198554],[-125.410512,50.256903],[-125.419667,50.272528],[-125.4322,50.287502],[-125.424713,50.294908],[-125.436187,50.313625],[-125.454457,50.328803],[-125.476715,50.339016],[-125.524403,50.347073],[-125.56432,50.366156],[-125.589223,50.370673],[-125.740346,50.356391],[-125.752675,50.359036],[-125.789133,50.376899],[-125.837514,50.387274],[-125.93578,50.391099],[-125.957509,50.395006],[-126.023549,50.425605],[-126.117258,50.45539],[-126.193105,50.469713],[-126.271637,50.466254],[-126.293853,50.469428],[-126.339711,50.483547],[-126.36441,50.486762],[-126.459828,50.47484],[-126.483632,50.483059],[-126.492584,50.487372],[-126.521108,50.492865],[-126.531402,50.493557],[-126.537017,50.494696],[-126.548451,50.499823],[-126.555653,50.500963],[-126.562245,50.498114],[-126.562978,50.48428],[-126.569325,50.479315],[-126.595326,50.480211],[-126.6315,50.507148],[-126.655263,50.514065],[-126.679311,50.517524],[-126.765533,50.54442],[-126.789418,50.54857],[-126.823069,50.549018],[-126.829335,50.548163],[-126.836578,50.543362],[-126.844472,50.530341],[-126.850453,50.527655],[-126.864247,50.530097],[-126.86266,50.536119],[-126.855051,50.543891],[-126.850453,50.551581],[-126.857289,50.559149],[-126.87328,50.562201],[-126.977162,50.562974],[-126.994496,50.569281],[-126.98884,50.572089],[-126.978993,50.579901],[-126.973988,50.582953],[-126.980336,50.585679],[-126.986887,50.587795],[-126.993804,50.588935],[-127.001291,50.589179],[-126.994496,50.589179],[-127.011301,50.589301],[-127.062734,50.596625],[-127.073557,50.596177],[-127.080678,50.594916],[-127.087392,50.594428],[-127.096913,50.596625],[-127.097808,50.59927],[-127.100942,50.605414],[-127.10558,50.612372],[-127.111155,50.617092],[-127.126454,50.620022],[-127.179433,50.617092],[-127.198557,50.621283],[-127.209543,50.627102],[-127.219228,50.634711],[-127.23469,50.644436],[-127.263254,50.655911],[-127.350087,50.678534],[-127.372955,50.689154],[-127.403635,50.70775],[-127.421295,50.728949],[-127.405344,50.747382],[-127.429026,50.751899],[-127.445058,50.73786],[-127.458241,50.716539],[-127.473622,50.698961],[-127.477284,50.707424],[-127.481313,50.713365],[-127.491322,50.723538],[-127.494496,50.731269],[-127.493316,50.739936],[-127.490305,50.746487],[-127.487904,50.747382],[-127.495595,50.762356],[-127.505198,50.773342],[-127.518056,50.779771],[-127.535878,50.780951],[-127.570139,50.795111],[-127.882476,50.866889],[-127.918365,50.870795],[-128.01769,50.862209],[-128.056223,50.868964],[-128.076975,50.870307],[-128.09789,50.86579],[-128.152659,50.836168],[-128.186757,50.845038],[-128.226552,50.831732],[-128.267161,50.812079],[-128.303456,50.802069],[-128.339996,50.806952],[-128.348215,50.805121],[-128.368031,50.790839],[-128.368316,50.788398],[-128.386545,50.786322],[-128.406809,50.780504],[-128.417226,50.771877]]],[[[-127.983022,50.916734],[-127.981028,50.90705],[-127.954457,50.902289],[-127.937164,50.904853],[-127.923329,50.896674],[-127.895009,50.896918],[-127.885325,50.892768],[-127.874989,50.890367],[-127.864166,50.892524],[-127.851552,50.896633],[-127.840199,50.903266],[-127.838979,50.911566],[-127.843658,50.919094],[-127.84557,50.922919],[-127.847768,50.929267],[-127.860585,50.935736],[-127.915395,50.939643],[-127.923085,50.936713],[-127.930043,50.929918],[-127.940012,50.924872],[-127.983022,50.916734]]],[[[-127.834806,50.889137],[-127.83436,50.878723],[-127.817385,50.868586],[-127.78247,50.862915],[-127.752586,50.859237],[-127.728917,50.846076],[-127.674131,50.837566],[-127.655989,50.837846],[-127.663479,50.860651],[-127.669204,50.880354],[-127.688185,50.900899],[-127.713458,50.913003],[-127.744852,50.912504],[-127.77912,50.901524],[-127.834806,50.889137]]],[[[-127.76718591924406,51.16290771557641],[-127.689931,51.128974],[-127.686513,51.109931],[-127.661936,51.09748],[-127.634633,51.096625],[-127.552968,51.108303],[-127.526967,51.116523],[-127.502675,51.119778],[-127.481068,51.109931],[-127.481068,51.103705],[-127.499582,51.095364],[-127.509999,51.070787],[-127.518788,51.041327],[-127.532297,51.018012],[-127.530751,51.00373],[-127.506093,50.991034],[-127.473215,50.984076],[-127.446929,50.987006],[-127.453765,50.987006],[-127.443023,50.988267],[-127.432851,50.987047],[-127.423695,50.983222],[-127.415883,50.976467],[-127.417104,50.970404],[-127.426259,50.96369],[-127.446929,50.953518],[-127.429026,50.943101],[-127.329579,50.915758],[-127.310374,50.912909],[-127.285268,50.911933],[-127.277903,50.913398],[-127.263051,50.918687],[-127.255116,50.918158],[-127.248362,50.898261],[-127.223744,50.881415],[-127.213531,50.877143],[-127.130971,50.866116],[-127.067372,50.830756],[-127.042348,50.822903],[-127.021799,50.821926],[-127.00121,50.831773],[-126.957509,50.863511],[-126.936147,50.870307],[-126.921986,50.87226],[-126.926015,50.876614],[-126.939361,50.881415],[-126.953481,50.884589],[-127.007476,50.884589],[-127.033925,50.888332],[-127.084706,50.902045],[-127.12857,50.907782],[-127.156321,50.915107],[-127.174184,50.92593],[-127.165761,50.939195],[-127.151723,50.93244],[-127.136138,50.930813],[-127.111155,50.931789],[-127.080393,50.926907],[-127.064565,50.922024],[-127.052154,50.914984],[-127.027211,50.90644],[-126.899159,50.906928],[-126.892201,50.912014],[-126.888661,50.920233],[-126.878407,50.931789],[-126.869537,50.938137],[-126.858551,50.943101],[-126.846181,50.943427],[-126.833079,50.935492],[-126.815297,50.917792],[-126.804026,50.913398],[-126.769887,50.909735],[-126.756947,50.904242],[-126.748769,50.897406],[-126.747426,50.890815],[-126.719879,50.881822],[-126.696197,50.877427],[-126.674224,50.87816],[-126.575429,50.90644],[-126.562408,50.914984],[-126.552724,50.931342],[-126.535064,50.941718],[-126.526845,50.955878],[-126.5454,50.983588],[-126.552154,51.005072],[-126.544545,51.031643],[-126.521474,51.076361],[-126.514719,51.076361],[-126.514882,51.062323],[-126.505605,51.011542],[-126.48351,50.964667],[-126.459462,50.951728],[-126.405426,50.939195],[-126.243276,50.928127],[-126.226674,50.931789],[-126.191884,50.94953],[-126.178863,50.953518],[-126.173085,50.938788],[-126.184153,50.922919],[-126.203684,50.910224],[-126.223256,50.905015],[-126.318918,50.914211],[-126.360707,50.904283],[-126.466868,50.911933],[-126.47997,50.915758],[-126.489573,50.920844],[-126.498931,50.922349],[-126.549794,50.888577],[-126.562408,50.877143],[-126.557037,50.86872],[-126.559397,50.853258],[-126.556264,50.843655],[-126.547353,50.837388],[-126.521799,50.831732],[-126.51122,50.825629],[-126.488678,50.816718],[-126.459788,50.821967],[-126.388295,50.851996],[-126.364654,50.85578],[-126.312652,50.856635],[-126.270131,50.864244],[-126.254628,50.863471],[-126.254384,50.863959],[-126.240346,50.863471],[-126.239369,50.860256],[-126.239573,50.85399],[-126.238189,50.847602],[-126.2329,50.843655],[-126.213979,50.848456],[-126.196604,50.861477],[-126.183827,50.867865],[-126.178863,50.853217],[-126.184722,50.832587],[-126.194488,50.814643],[-126.196441,50.798],[-126.178863,50.780951],[-126.151845,50.773993],[-126.127349,50.779934],[-126.103993,50.789862],[-126.079905,50.795152],[-126.034535,50.795111],[-126.031239,50.789374],[-126.055328,50.774726],[-126.125844,50.748481],[-126.147857,50.730373],[-126.167633,50.718207],[-126.210072,50.709418],[-126.226674,50.692816],[-126.21227,50.675116],[-126.186635,50.671861],[-126.059071,50.685289],[-126.04662,50.689114],[-126.020131,50.70718],[-126.007558,50.713324],[-125.985097,50.715074],[-125.97411,50.707709],[-125.966176,50.696112],[-125.952952,50.685289],[-125.939768,50.683417],[-125.921254,50.684882],[-125.904856,50.689195],[-125.897694,50.695868],[-125.879628,50.709133],[-125.767405,50.713324],[-125.767405,50.706488],[-125.743479,50.717231],[-125.708811,50.758205],[-125.685414,50.774726],[-125.669545,50.777777],[-125.656484,50.777899],[-125.647694,50.782416],[-125.644439,50.798651],[-125.650461,50.804511],[-125.682281,50.821926],[-125.685658,50.828803],[-125.684967,50.844306],[-125.6822,50.860785],[-125.67927,50.870307],[-125.669586,50.878852],[-125.654449,50.888007],[-125.638783,50.89525],[-125.627349,50.898261],[-125.598297,50.900336],[-125.575592,50.907172],[-125.557444,50.919827],[-125.542063,50.939195],[-125.550404,50.946967],[-125.573232,50.958482],[-125.582997,50.966539],[-125.610341,51.01496],[-125.630767,51.06269],[-125.635081,51.080024],[-125.637034,51.103705],[-125.577545,51.072333],[-125.562571,51.055325],[-125.538319,50.99494],[-125.524729,50.976467],[-125.518178,50.969428],[-125.512115,50.960842],[-125.507965,50.95067],[-125.507314,50.939195],[-125.511627,50.926825],[-125.51891,50.921698],[-125.527252,50.918524],[-125.534576,50.911933],[-125.545481,50.888088],[-125.550038,50.873277],[-125.559682,50.865627],[-125.627838,50.862698],[-125.645416,50.854926],[-125.651275,50.836168],[-125.639719,50.81623],[-125.619985,50.799058],[-125.608144,50.780911],[-125.620229,50.757717],[-125.631947,50.750963],[-125.658599,50.745673],[-125.671783,50.739936],[-125.6787,50.733588],[-125.683583,50.725816],[-125.699127,50.689399],[-125.705637,50.681708],[-125.716461,50.678534],[-125.72704,50.679592],[-125.741567,50.684272],[-125.750315,50.685289],[-125.826405,50.677069],[-125.914459,50.654039],[-125.938954,50.651842],[-126.018707,50.666002],[-126.048492,50.664862],[-126.118804,50.646796],[-126.221547,50.642646],[-126.247141,50.637519],[-126.268951,50.630276],[-126.277252,50.625881],[-126.271637,50.623928],[-126.264801,50.619615],[-126.25182,50.600898],[-126.243764,50.596625],[-126.160308,50.597724],[-126.131703,50.603461],[-126.062367,50.627265],[-126.034901,50.630113],[-125.985341,50.643866],[-125.959869,50.645575],[-125.94583957143465,50.63536205157828],[-125.94051485862929,50.63648009918199],[-125.86685128998374,50.64528883419429],[-125.84546751442412,50.57781762696492],[-125.76585674228842,50.6010190665407],[-125.593342621468,50.61083614177705],[-125.55720727066002,50.70630481291478],[-125.56440557815806,50.77691177292698],[-125.50812587710215,50.79340055655847],[-125.54742525115675,50.82987918761919],[-125.5026944832117,50.85152432169761],[-125.50824517655754,50.89549714267342],[-125.41908826803208,50.9420121763793],[-125.25487698454621,50.961299531637586],[-125.25456132720922,50.98565244420474],[-125.31026906090527,51.01421674344393],[-125.31952106279766,51.04446018569414],[-125.22891288913011,51.060560160196125],[-125.29594157515477,51.104807141488756],[-125.29295522400025,51.150513580739485],[-125.25963405437582,51.16027796058967],[-125.32786304235151,51.199097635511606],[-125.33802391023221,51.23933012635792],[-125.29357115748373,51.27926744934643],[-125.2201784537099,51.300839236304306],[-125.20235389698259,51.326474649627976],[-125.2852005103232,51.382580309829216],[-125.3337824614231,51.39000435682007],[-125.3397341045199,51.47446923073989],[-125.30017488785863,51.47333662782089],[-125.24719168611743,51.511938398992356],[-125.28553116230607,51.59683124684748],[-125.22293482782818,51.632306522032536],[-125.2537288133854,51.654366101266504],[-125.22097839959221,51.70360636043656],[-125.23576824507543,51.745452123867764],[-125.27587611895135,51.772657727466154],[-125.35401055293599,51.774130004485954],[-125.46436695649236,51.84061743897432],[-125.4981376950422,51.894630223252804],[-125.48301549877567,51.91515521687403],[-125.52829460627272,51.93920548388295],[-125.5770987008308,51.91243106021369],[-125.61123604693428,51.9013749229213],[-125.70314482526372,51.96875177627929],[-125.71719225644839,52.010813307564966],[-125.82730031408038,52.051063601084856],[-125.8731264029359,52.01631182371993],[-125.82851240549658,51.981031308843455],[-125.88320052650091,51.97419083135431],[-125.89751166697997,51.914478361436366],[-125.92233497930319,51.903325377441014],[-125.93656453313247,51.83905970945775],[-125.9738727905261,51.78126102056862],[-125.95612573561469,51.7575098364654],[-126.00144003246669,51.727713240223835],[-125.99558695129917,51.687456893769166],[-125.95742348488501,51.69447789002302],[-125.94048455270298,51.63007229419254],[-125.98738011745706,51.58337923322236],[-126.0306358784353,51.6049442556829],[-126.08146065492572,51.5273041935776],[-126.1129676458187,51.519098967148466],[-126.09740124912679,51.477506712885614],[-126.11744016234402,51.44875085718131],[-126.17280640997964,51.434437909297294],[-126.21503977779977,51.45241285544011],[-126.3540306638193,51.459676323183345],[-126.4529877572977,51.482442666113094],[-126.49513054094828,51.42546717009562],[-126.58981594746662,51.40476237067245],[-126.62260653736152,51.44234227127955],[-126.69864220808739,51.47725462824619],[-126.73180784551273,51.43397860174546],[-126.697988607773,51.407808398256364],[-126.77049824223803,51.29724453168608],[-126.82043559395208,51.32235049473036],[-126.92204527561006,51.28572445812926],[-126.92237782376084,51.24243632677375],[-127.0762837248375,51.230867474161656],[-127.2100921602906,51.19853827735736],[-127.23336598302302,51.219117746472755],[-127.37060270398871,51.216073142791245],[-127.38563369454684,51.23011264301884],[-127.48858291011895,51.220972066844794],[-127.64701140736925,51.18291469986471],[-127.73910705126056,51.19122246946114],[-127.7390866912976,51.16228146727793],[-127.76718591924406,51.16290771557641]]],[[[-127.648101,50.86461],[-127.644928,50.858018],[-127.638051,50.849107],[-127.631785,50.837104],[-127.629425,50.833441],[-127.618764,50.828803],[-127.612253,50.832913],[-127.614735,50.841457],[-127.615346,50.845282],[-127.61441,50.850898],[-127.615875,50.855536],[-127.614207,50.856757],[-127.617747,50.860053],[-127.61856,50.861436],[-127.624338,50.86636],[-127.636627,50.865587],[-127.642445,50.868638],[-127.648101,50.86461]]],[[[-127.611684,51.0751],[-127.610178,51.070624],[-127.599843,51.059027],[-127.591176,51.051907],[-127.575673,51.049994],[-127.563832,51.051581],[-127.556223,51.05036],[-127.541982,51.052151],[-127.526519,51.06623],[-127.526926,51.083726],[-127.545318,51.089789],[-127.557851,51.089301],[-127.599599,51.079983],[-127.611684,51.0751]]],[[[-127.319203,50.008124],[-127.318593,49.999579],[-127.308013,49.991848],[-127.295969,49.987372],[-127.285024,49.978583],[-127.272328,49.977973],[-127.251047,49.999579],[-127.241933,50.003119],[-127.234202,50.005357],[-127.231842,50.010159],[-127.232289,50.013251],[-127.240631,50.021715],[-127.263499,50.034329],[-127.286,50.037055],[-127.301584,50.032294],[-127.31135,50.02619],[-127.313466,50.019965],[-127.314565,50.013251],[-127.319203,50.008124]]],[[[-127.15038,50.63996],[-127.122141,50.62995],[-127.069651,50.633734],[-127.037465,50.640082],[-127.003245,50.626451],[-126.897125,50.620998],[-126.872385,50.624823],[-126.862457,50.628607],[-126.853749,50.628852],[-126.84675,50.624986],[-126.838043,50.621894],[-126.833079,50.62523],[-126.839711,50.633734],[-126.859283,50.645738],[-126.881337,50.659735],[-126.894765,50.66592],[-126.934641,50.660305],[-127.037099,50.662502],[-127.073313,50.668891],[-127.107493,50.671088],[-127.123525,50.666327],[-127.141469,50.654771],[-127.15038,50.63996]]],[[[-126.98705,49.815131],[-126.96227,49.808987],[-126.953481,49.808295],[-126.943959,49.80622],[-126.930002,49.79682],[-126.922475,49.794623],[-126.918853,49.792711],[-126.905751,49.783759],[-126.898264,49.780992],[-126.891957,49.782416],[-126.883453,49.786078],[-126.87385,49.788886],[-126.864125,49.787828],[-126.855702,49.779853],[-126.864084,49.773342],[-126.880238,49.768988],[-126.908762,49.765082],[-126.919342,49.758938],[-126.927358,49.749986],[-126.933013,49.739407],[-126.948476,49.752021],[-126.961537,49.758531],[-126.97057,49.754706],[-126.973988,49.735989],[-126.912506,49.691636],[-126.856109,49.665676],[-126.840199,49.653754],[-126.822133,49.636298],[-126.806752,49.627387],[-126.679433,49.591783],[-126.638824,49.595038],[-126.617665,49.630805],[-126.619211,49.652777],[-126.633941,49.692328],[-126.638783,49.74079],[-126.642568,49.758734],[-126.649078,49.773179],[-126.658681,49.787828],[-126.677561,49.833686],[-126.6905,49.857123],[-126.702748,49.860175],[-126.72289,49.849799],[-126.742177,49.856391],[-126.758168,49.870673],[-126.768544,49.88345],[-126.800933,49.880764],[-126.864166,49.855455],[-126.946645,49.836249],[-126.969594,49.833482],[-126.978098,49.828559],[-126.98705,49.815131]]],[[[-126.924265,50.844713],[-126.909332,50.839993],[-126.865753,50.839993],[-126.85908,50.841295],[-126.819447,50.840155],[-126.797353,50.848131],[-126.757721,50.853298],[-126.742218,50.856187],[-126.74238,50.864569],[-126.750478,50.873033],[-126.767405,50.88231],[-126.812571,50.890041],[-126.823313,50.887966],[-126.830841,50.884792],[-126.852935,50.88345],[-126.879262,50.872463],[-126.886871,50.866645],[-126.885976,50.863837],[-126.883087,50.861233],[-126.881378,50.857774],[-126.875152,50.85399],[-126.861887,50.849148],[-126.908681,50.85163],[-126.922393,50.848415],[-126.924265,50.844713]]],[[[-126.9051,50.821926],[-126.886098,50.811591],[-126.854848,50.786038],[-126.796132,50.77497],[-126.782135,50.774726],[-126.777984,50.777004],[-126.772532,50.781643],[-126.768422,50.786282],[-126.768544,50.788398],[-126.760813,50.786119],[-126.745839,50.776679],[-126.7412,50.774726],[-126.672841,50.792548],[-126.637563,50.797187],[-126.615346,50.805976],[-126.603424,50.808254],[-126.593739,50.807115],[-126.57372,50.802151],[-126.562408,50.802069],[-126.575429,50.813707],[-126.588124,50.822252],[-126.617665,50.836168],[-126.622548,50.839423],[-126.627756,50.844062],[-126.633778,50.84809],[-126.640981,50.849799],[-126.649973,50.847805],[-126.657297,50.843248],[-126.666127,50.836168],[-126.682444,50.834377],[-126.77066,50.83633],[-126.784332,50.832343],[-126.782135,50.821926],[-126.793446,50.807318],[-126.804596,50.814032],[-126.815541,50.828315],[-126.826283,50.836168],[-126.86266,50.836127],[-126.879465,50.834296],[-126.891998,50.829332],[-126.9051,50.829332],[-126.9051,50.821926]]],[[[-126.781606,50.576972],[-126.780995,50.571031],[-126.770579,50.564439],[-126.75593,50.559149],[-126.706003,50.554796],[-126.697336,50.557929],[-126.692738,50.562242],[-126.694488,50.567003],[-126.700185,50.570868],[-126.703562,50.574368],[-126.7058,50.577501],[-126.734405,50.583686],[-126.740224,50.586493],[-126.742909,50.585232],[-126.747507,50.584744],[-126.750356,50.58869],[-126.752349,50.589952],[-126.755808,50.58747],[-126.759633,50.582506],[-126.762074,50.580634],[-126.764353,50.584011],[-126.768544,50.586575],[-126.774037,50.587063],[-126.777577,50.583441],[-126.781606,50.576972]]],[[[-126.718984,50.751125],[-126.718577,50.748847],[-126.717315,50.746446],[-126.713775,50.743923],[-126.690704,50.738105],[-126.6704,50.742703],[-126.665557,50.745917],[-126.661692,50.748033],[-126.664418,50.744656],[-126.665639,50.741197],[-126.661977,50.740383],[-126.637237,50.750474],[-126.632883,50.757351],[-126.642079,50.759223],[-126.651601,50.756334],[-126.652699,50.763414],[-126.665476,50.767646],[-126.682037,50.769395],[-126.694488,50.766466],[-126.71349,50.756008],[-126.718984,50.751125]]],[[[-126.670888,50.589586],[-126.66804,50.584784],[-126.653676,50.578599],[-126.648346,50.569892],[-126.657948,50.56391],[-126.650299,50.558743],[-126.614898,50.55268],[-126.581016,50.556505],[-126.543002,50.562688],[-126.530178,50.565207],[-126.518958,50.570016],[-126.518442,50.575694],[-126.524403,50.579413],[-126.537709,50.583808],[-126.575917,50.588609],[-126.581776,50.591132],[-126.586903,50.594875],[-126.596995,50.594306],[-126.610422,50.591295],[-126.627024,50.58983],[-126.661244,50.590969],[-126.670888,50.589586]]],[[[-126.624501,50.534573],[-126.44815,50.519232],[-126.419057,50.523993],[-126.412709,50.527411],[-126.305491,50.534573],[-126.300038,50.537299],[-126.279897,50.550482],[-126.268219,50.554999],[-126.255849,50.555243],[-126.244618,50.554145],[-126.234853,50.557074],[-126.226674,50.569281],[-126.244862,50.571519],[-126.261464,50.580878],[-126.288075,50.603461],[-126.324859,50.604804],[-126.336537,50.603461],[-126.34675,50.598822],[-126.362213,50.585639],[-126.367584,50.582953],[-126.584137,50.548082],[-126.624501,50.534573]]],[[[-126.617665,50.672309],[-126.603424,50.654853],[-126.575999,50.652289],[-126.521474,50.658026],[-126.508616,50.654975],[-126.484853,50.646186],[-126.470286,50.644436],[-126.456776,50.645982],[-126.448964,50.650458],[-126.44933,50.656968],[-126.460072,50.664862],[-126.434641,50.669135],[-126.350209,50.651842],[-126.288075,50.654608],[-126.264394,50.664618],[-126.268219,50.685289],[-126.2447,50.717434],[-126.2329,50.726955],[-126.185902,50.741604],[-126.178863,50.7508],[-126.185292,50.759711],[-126.21345,50.771552],[-126.219838,50.784654],[-126.223622,50.795071],[-126.232777,50.806464],[-126.244211,50.816311],[-126.272288,50.830024],[-126.289459,50.828559],[-126.323476,50.815741],[-126.341135,50.812812],[-126.379547,50.81151],[-126.397939,50.808254],[-126.428293,50.794501],[-126.478871,50.756903],[-126.507802,50.739936],[-126.527008,50.74372],[-126.549957,50.732896],[-126.587717,50.701077],[-126.584828,50.687812],[-126.590199,50.679348],[-126.601796,50.674506],[-126.617665,50.672309]]],[[[-126.567128,49.63231],[-126.542307,49.627183],[-126.535634,49.628485],[-126.526479,49.635077],[-126.522003,49.643785],[-126.519439,49.645982],[-126.523752,49.634508],[-126.544626,49.610704],[-126.533274,49.609524],[-126.518259,49.614407],[-126.510081,49.634426],[-126.507273,49.638332],[-126.501943,49.640163],[-126.498199,49.64468],[-126.486114,49.652004],[-126.485911,49.655829],[-126.482004,49.660549],[-126.484609,49.666734],[-126.507883,49.678738],[-126.518788,49.682766],[-126.528391,49.681423],[-126.533518,49.676052],[-126.536692,49.667629],[-126.536855,49.663113],[-126.540924,49.658352],[-126.555735,49.654202],[-126.556711,49.65058],[-126.558583,49.647406],[-126.562815,49.643907],[-126.566518,49.637112],[-126.567128,49.63231]]],[[[-126.558502,50.603176],[-126.545725,50.598293],[-126.536244,50.598456],[-126.537953,50.595933],[-126.52953,50.592231],[-126.511464,50.587958],[-126.506581,50.585761],[-126.513173,50.584459],[-126.510854,50.581855],[-126.500111,50.578925],[-126.485422,50.578559],[-126.452626,50.588121],[-126.437571,50.587714],[-126.425649,50.588568],[-126.37442,50.604967],[-126.363515,50.618842],[-126.384592,50.628607],[-126.403798,50.629828],[-126.471262,50.628241],[-126.547597,50.613715],[-126.558502,50.603176]]],[[[-126.25021461185884,50.53474281318041],[-126.21144246146517,50.53900186121602],[-126.227773,50.544338],[-126.243764,50.538275],[-126.25021461185884,50.53474281318041]]],[[[-125.965443,50.438218],[-125.948638,50.424994],[-125.906646,50.41706],[-125.871734,50.416205],[-125.823638,50.40884],[-125.80427,50.408596],[-125.785064,50.411933],[-125.756744,50.419827],[-125.749135,50.42182],[-125.739166,50.428616],[-125.743235,50.436672],[-125.756012,50.443183],[-125.763905,50.448676],[-125.766103,50.453925],[-125.770009,50.459174],[-125.793691,50.472357],[-125.805816,50.475043],[-125.850901,50.469428],[-125.88858,50.461249],[-125.939076,50.444566],[-125.953928,50.443264],[-125.965443,50.438218]]],[[[-125.783355,50.397406],[-125.782135,50.393256],[-125.78185,50.38935],[-125.780832,50.385728],[-125.770253,50.380927],[-125.766225,50.379706],[-125.743479,50.377346],[-125.635813,50.382514],[-125.620676,50.388739],[-125.608998,50.390937],[-125.59203,50.388007],[-125.503245,50.404934],[-125.502268,50.413804],[-125.506663,50.430813],[-125.523427,50.441718],[-125.546864,50.443427],[-125.593007,50.437893],[-125.608062,50.434312],[-125.61559,50.430406],[-125.635976,50.425482],[-125.656402,50.417873],[-125.687652,50.410346],[-125.734934,50.410712],[-125.771799,50.404039],[-125.779164,50.401435],[-125.783355,50.397406]]],[[[-125.544789,50.377834],[-125.532053,50.37287],[-125.514068,50.368232],[-125.486562,50.357652],[-125.447743,50.353705],[-125.415679,50.359605],[-125.392405,50.367418],[-125.37857,50.375556],[-125.376536,50.382554],[-125.378529,50.389146],[-125.382069,50.3935],[-125.35497,50.398098],[-125.346344,50.402289],[-125.338002,50.412055],[-125.32787,50.433743],[-125.339589,50.452541],[-125.367991,50.461127],[-125.388539,50.459052],[-125.397694,50.451972],[-125.408599,50.44774],[-125.478017,50.429511],[-125.491038,50.421942],[-125.490102,50.413275],[-125.499501,50.401068],[-125.519399,50.390815],[-125.539784,50.384426],[-125.544789,50.377834]]],[[[-125.404205,50.33218],[-125.398061,50.307847],[-125.382192,50.296291],[-125.360219,50.294989],[-125.336008,50.301744],[-125.327748,50.307359],[-125.321197,50.314154],[-125.312611,50.31981],[-125.286041,50.324042],[-125.277008,50.326646],[-125.268381,50.326239],[-125.257151,50.318834],[-125.245839,50.314358],[-125.234771,50.317572],[-125.223744,50.322333],[-125.212473,50.322252],[-125.211497,50.318101],[-125.180002,50.263495],[-125.166982,50.24726],[-125.136098,50.232367],[-125.130116,50.213528],[-125.132069,50.190985],[-125.137359,50.172065],[-125.152821,50.140204],[-125.154408,50.133857],[-125.142201,50.1258],[-125.134267,50.127916],[-125.127919,50.133857],[-125.106068,50.145209],[-125.096181,50.164049],[-125.082753,50.205552],[-125.075551,50.198676],[-125.065338,50.19359],[-125.055247,50.194525],[-125.047963,50.205552],[-125.04898,50.219143],[-125.056304,50.231391],[-125.064565,50.241929],[-125.068471,50.25023],[-125.077138,50.262193],[-125.115061,50.297187],[-125.129018,50.321194],[-125.152496,50.34455],[-125.157826,50.353258],[-125.159291,50.36164],[-125.167307,50.384711],[-125.171498,50.391099],[-125.177358,50.392524],[-125.192535,50.390326],[-125.198842,50.391099],[-125.204905,50.396226],[-125.216176,50.409084],[-125.223012,50.411566],[-125.234486,50.414374],[-125.287953,50.437405],[-125.300445,50.427476],[-125.310129,50.411282],[-125.314849,50.397366],[-125.314076,50.380276],[-125.311147,50.363267],[-125.31371,50.349677],[-125.329172,50.342719],[-125.371653,50.35102],[-125.394358,50.349514],[-125.404205,50.33218]]],[[[-125.349436,50.241685],[-125.348948,50.220038],[-125.334828,50.193752],[-125.329742,50.165513],[-125.329172,50.15469],[-125.32372,50.143256],[-125.311757,50.135891],[-125.299875,50.131049],[-125.294342,50.127021],[-125.283274,50.116767],[-125.230295,50.089667],[-125.212473,50.075181],[-125.222646,50.070299],[-125.226715,50.069037],[-125.219716,50.059801],[-125.198842,50.041083],[-125.193715,50.030911],[-125.186879,50.009833],[-125.178334,50.000067],[-125.163075,49.99315],[-125.160553,50.003079],[-125.171498,50.041083],[-125.175364,50.073717],[-125.178334,50.082709],[-125.186147,50.091539],[-125.194,50.094916],[-125.202626,50.097235],[-125.212473,50.103176],[-125.227651,50.120795],[-125.225209,50.131659],[-125.209584,50.138577],[-125.18517,50.14411],[-125.191274,50.158189],[-125.184153,50.16828],[-125.172353,50.178371],[-125.164662,50.192532],[-125.165679,50.205959],[-125.171457,50.21898],[-125.179758,50.228949],[-125.198557,50.23725],[-125.215443,50.256496],[-125.230133,50.26081],[-125.235341,50.265367],[-125.247222,50.287502],[-125.263173,50.294013],[-125.290273,50.291327],[-125.318023,50.283515],[-125.336008,50.274482],[-125.344065,50.261664],[-125.349436,50.241685]]],[[[-125.059804,50.115465],[-125.052887,50.10517],[-125.013295,50.080024],[-125.007436,50.072252],[-125.0065,50.063707],[-125.006988,50.051663],[-125.009104,50.04328],[-125.010732,50.029608],[-125.005483,50.017646],[-124.98648,50.01439],[-124.976308,50.021674],[-124.963043,50.048774],[-124.948638,50.054755],[-124.919586,50.059638],[-124.890981,50.069037],[-124.899973,50.078803],[-124.906117,50.087795],[-124.909657,50.098619],[-124.910797,50.113715],[-124.914418,50.115953],[-124.921295,50.121731],[-124.925689,50.127672],[-124.921702,50.130439],[-124.918813,50.132961],[-124.917592,50.138739],[-124.91747,50.145494],[-124.918284,50.150946],[-124.929107,50.169379],[-124.98648,50.22602],[-124.995676,50.232082],[-125.000478,50.233466],[-125.006988,50.232856],[-125.00064,50.222154],[-124.983306,50.199897],[-124.979726,50.188788],[-124.985829,50.178941],[-125.027496,50.14411],[-125.050608,50.12641],[-125.059804,50.115465]]]]},"properties":{"ELECTORAL_DISTRICT_ID":302,"BOUNDARY_SET_ID":11,"ED_ABBREVIATION":"NOI","ED_NAME":"North Island","GAZETTE_DATE":"2023-12-07Z","FEATURE_AREA_SQM":39933358167.512,"FEATURE_LENGTH_M":1575700.6141,"OBJECTID":2899,"SE_ANNO_CAD_DATA":null},"id":"WHSE_ADMIN_BOUNDARIES.EBC_PROV_ELECTORAL_DIST_SVW.fid--7e6e9b65_19f025478b6_-7d83"},{"type":"Feature","geometry":{"type":"Polygon","coordinates":[[[-123.11085500038674,49.32376822743444],[-123.05295182477414,49.312894263761315],[-123.07201004821536,49.33565745861808],[-123.11085500038674,49.32376822743444]]]},"properties":{"ELECTORAL_DISTRICT_ID":303,"BOUNDARY_SET_ID":11,"ED_ABBREVIATION":"NVL","ED_NAME":"North Vancouver-Lonsdale","GAZETTE_DATE":"2023-12-07Z","FEATURE_AREA_SQM":22309694.1829,"FEATURE_LENGTH_M":23221.9785,"OBJECTID":2900,"SE_ANNO_CAD_DATA":null},"id":"WHSE_ADMIN_BOUNDARIES.EBC_PROV_ELECTORAL_DIST_SVW.fid--7e6e9b65_19f025478b6_-7d82"},{"type":"Feature","geometry":{"type":"Polygon","coordinates":[[[-123.14086283000903,49.406650365388934],[-123.06989998503782,49.40795424338341],[-123.07201004821536,49.33565745861808],[-123.05295182477414,49.31289426376132],[-123.02066,49.30683],[-122.93814,49.325832],[-122.882395,49.404242],[-122.879628,49.417182],[-122.882395,49.448635],[-122.878285,49.457343],[-122.87078006244039,49.45654911476876],[-122.91730875197926,49.54664090370642],[-123.09850362691225,49.546648024252775],[-123.10750414415767,49.43583136111739],[-123.14086283000903,49.406650365388934]]]},"properties":{"ELECTORAL_DISTRICT_ID":304,"BOUNDARY_SET_ID":11,"ED_ABBREVIATION":"NVS","ED_NAME":"North Vancouver-Seymour","GAZETTE_DATE":"2023-12-07Z","FEATURE_AREA_SQM":391137288.2109,"FEATURE_LENGTH_M":92878.2748,"OBJECTID":2901,"SE_ANNO_CAD_DATA":null},"id":"WHSE_ADMIN_BOUNDARIES.EBC_PROV_ELECTORAL_DIST_SVW.fid--7e6e9b65_19f025478b6_-7d81"}]}